ID,WORD,LANG,DE,DE_LEN,DE_SILBEN,TR,TR_LEN,TR_SILBEN,KURZ_LEN,KURZ_SILBEN
18,he,TR,Er,2,1,he,2,1,TR/DE,TR/DE
25,ne,TR,Was,3,1,ne,2,1,TR,TR/DE
1,eksik,TR,fehlen,6,2,eksik,5,2,TR,TR/DE
1,hose,DE,hose,4,2,pantolon,8,3,DE,DE
1,oberteil,DE,oberteil,8,3,üst,3,1,TR,TR
19,ne,TR,Was,3,1,ne,2,1,TR,TR/DE
1,bi,TR,Bi,2,1,bi,2,1,TR/DE,TR/DE
5,yani,TR,Also,4,2,yani,4,2,TR/DE,TR/DE
61,Computer,DE,Computer,8,3,bilgisayar,10,4,DE,DE
58,ne,TR,Was,3,1,ne,2,1,TR,TR/DE
71,ben,TR,ICH,3,1,ben,3,1,TR/DE,TR/DE
61,Funken,DE,Funken,6,2,Kıvılcım,8,3,DE,DE
92,gibi,TR,wie,3,1,gibi,4,2,DE,DE
61,falan,TR,wie,3,1,falan,5,2,DE,DE
95,baktım,TR,Ich habe nachgeschaut,21,4,baktım,6,2,TR,TR
106,falan,TR,wie,3,1,falan,5,2,DE,DE
107,vardı,TR,es gab,6,1,vardı,5,2,TR,DE
118,ama,TR,Aber,4,2,ama,3,2,TR,TR/DE
117,var,TR,Es gibt,7,1,var,3,1,TR,TR/DE
111,dreizehn,DE,dreizehn,8,2,on üç,5,1,TR,TR
121,işte,TR,bei der Arbeit,14,2,işte,4,2,TR,TR/DE
118,auf,DE,auf,3,1,Açık,4,2,DE,DE
164,ben,TR,ICH,3,1,ben,3,1,TR/DE,TR/DE
122,doch,DE,doch,4,1,Ancak,5,2,DE,DE
175,Farben,DE,Farben,6,2,Renkler,7,2,DE,TR/DE
135,frech,DE,frech,5,1,yüzsüz,6,2,DE,DE
101,yalnız,TR,nur,3,1,yalnız,6,2,DE,DE
181,Farbe,DE,Farbe,5,2,Renk,4,1,TR,TR
158,Distanz,DE,Distanz,7,2,mesafe,6,3,TR,DE
209,ne,TR,Was,3,1,ne,2,1,TR,TR/DE
111,nonstop,TR,ununterbrochen,14,5,nonstop,7,2,TR,TR
216,und,DE,und,3,1,Ve,2,1,TR,TR/DE
95,Cafe§ye,MIXED,Cafe§ye,7,2,CafeŞye,7,3,TR/DE,DE
92,Einkaufstraße,DE,Einkaufstraße,13,4,Alışveriş caddesi,17,6,DE,DE
209,Stunde,DE,Stunde,6,2,Saat,4,1,TR,TR
135,motz,TR,motz,4,1,motz,4,1,TR/DE,TR/DE
187,wollt',DE,wollt',6,1,aranan',7,3,DE,DE
217,war,DE,war,3,1,öyleydi,7,3,DE,DE
224,böyle,TR,so was,6,1,böyle,5,2,TR,DE
227,böyle,TR,so was,6,1,böyle,5,2,TR,DE
232,etti,TR,tat,3,1,etti,4,2,DE,DE
258,böyle,TR,so was,6,1,böyle,5,2,TR,DE
232,faszinieren,DE,faszinieren,11,4,büyülemek,9,4,TR,TR/DE
240,Ansage,DE,Ansage,6,3,duyuru,6,3,TR/DE,TR/DE
71,Frankfurt'tayım,MIXED,Ich bin in Frankfurt,20,2,Frankfurt'tayım,15,3,TR,DE
263,gittim,TR,Ich ging,8,1,gittim,6,2,TR,DE
268,das,DE,das,3,1,the,3,1,TR/DE,TR/DE
276,görüyorsun,TR,Du siehst,9,1,görüyorsun,10,4,DE,DE
248,acht,DE,acht,4,1,sekiz,5,2,DE,DE
277,total,DE,total,5,2,toplam,6,2,DE,TR/DE
285,gittim,TR,Ich ging,8,1,gittim,6,2,TR,DE
285,gittim,TR,Ich ging,8,1,gittim,6,2,TR,DE
278,yanına,TR,nächste,7,2,yanına,6,3,TR,DE
278,mi,TR,Ist es,6,1,mi,2,1,TR,TR/DE
280,unfreundlich,DE,unfreundlich,12,3,düşmanca,8,3,TR,TR/DE
287,geliyor,TR,kommt,5,1,geliyor,7,3,DE,DE
289,dedi,TR,sagte er,8,2,dedi,4,2,TR,TR/DE
291,aldım,TR,Ich habe gekauft,16,3,aldım,5,2,TR,TR
292,Saadet,TR,Glück,5,1,Saadet,6,2,DE,DE
294,es,DE,es,2,1,BT,2,1,TR/DE,TR/DE
302,auf,DE,auf,3,1,Açık,4,2,DE,DE
306,falan,TR,wie,3,1,falan,5,2,DE,DE
307,falan,TR,wie,3,1,falan,5,2,DE,DE
287,sordum,TR,Ich fragte,10,2,sordum,6,2,TR,TR/DE
204,indik,TR,wir sind gelandet,17,3,indik,5,2,TR,TR
180,Osaft,TR,Osaft,5,2,Osaft,5,2,TR/DE,TR/DE
302,yaptı,TR,tat,3,1,yaptı,5,2,DE,DE
312,falan,TR,wie,3,1,falan,5,2,DE,DE
187,Whisky-Cola,LANG3,Whisky-Cola,11,4,Viski-Cola,10,4,TR,TR/DE
227,Hütchen,DE,Hütchen,7,2,koni,4,2,TR,TR/DE
308,weißt,DE,weißt,5,1,Bilmek,6,2,DE,DE
308,ich,DE,ich,3,1,BEN,3,1,TR/DE,TR/DE
313,yaptım,TR,Das habe ich getan,18,3,yaptım,6,2,TR,TR
310,yaptım,TR,Das habe ich getan,18,3,yaptım,6,2,TR,TR
322,Gepäck,DE,Gepäck,6,2,bagaj,5,2,TR,TR/DE
322,de,TR,Auch,4,1,de,2,1,TR,TR/DE
339,ne,TR,Was,3,1,ne,2,1,TR,TR/DE
343,ne,TR,Was,3,1,ne,2,1,TR,TR/DE
285,Sydney'e,MIXED,Sydney,6,2,Sidney,6,2,TR/DE,TR/DE
323,dayım,TR,mein Onkel,10,2,dayım,5,2,TR,TR/DE
350,falan,TR,wie,3,1,falan,5,2,DE,DE
316,kenn',DE,kenn',5,1,Bilmek,6,2,DE,DE
353,böyle,TR,so was,6,1,böyle,5,2,TR,DE
316,kenn',DE,kenn',5,1,Bilmek,6,2,DE,DE
347,burası,TR,Hier,4,1,burası,6,3,DE,DE
362,de,TR,Auch,4,1,de,2,1,TR,TR/DE
239,uçaktan,TR,aus dem Flugzeug,16,4,uçaktan,7,3,TR,TR
343,Nachprüfung,DE,Nachprüfung,11,3,Gözden geçirmek,15,4,DE,DE
362,var,TR,Es gibt,7,1,var,3,1,TR,TR/DE
355,tipi,TR,Typ,3,1,tipi,4,2,DE,DE
367,var,TR,Es gibt,7,1,var,3,1,TR,TR/DE
352,Aufregung,DE,Aufregung,9,3,heyecanlanmak,13,5,DE,DE
360,meint,DE,meint,5,1,araç,4,2,TR,DE
296,Zollbeamter§dan,MIXED,Zollbeamter§dan,15,3,Zollbeamter§dan,15,3,TR/DE,TR/DE
362,Anhänger,DE,Anhänger,8,3,Römork,6,2,TR,TR
387,ne,TR,Was,3,1,ne,2,1,TR,TR/DE
362,güm,TR,Boom,4,1,güm,3,1,TR,TR/DE
365,den,DE,den,3,1,the,3,1,TR/DE,TR/DE
319,Aysel,TR,Aysel,5,2,Aysel,5,2,TR/DE,TR/DE
384,was,DE,was,3,1,Ne,2,1,TR,TR/DE
374,29,TR,29,2,1,29,2,1,TR/DE,TR/DE
385,dieses,DE,dieses,6,2,Bu,2,1,TR,TR
390,einpacken,DE,einpacken,9,3,toparlanmak,11,4,DE,DE
390,yaparken,TR,dabei,5,2,yaparken,8,3,DE,DE
412,haben,DE,haben,5,2,sahip olmak,11,3,DE,DE
421,mu,TR,Ist es,6,1,mu,2,1,TR,TR/DE
385,noch,DE,noch,4,1,Hala,4,2,TR/DE,DE
430,benim,TR,Meins,5,1,benim,5,2,TR/DE,DE
431,bağlı,TR,verbunden,9,3,bağlı,5,2,TR,TR
441,öğrencilerim,TR,meine Schüler,13,3,öğrencilerim,12,5,TR,DE
441,falan,TR,wie,3,1,falan,5,2,DE,DE
421,Sportlehrer,DE,Sportlehrer,11,3,Beden eğitimi öğretmeni,23,8,DE,DE
430,Soziolog,DE,Soziolog,8,3,Sosyolog,8,3,TR/DE,TR/DE
441,türkisch,DE,türkisch,8,2,Türkçe,6,2,TR,TR/DE
442,Weiterausbildung,DE,Weiterausbildung,16,5,İleri eğitim,12,4,TR,TR
433,vermeyince,TR,wenn du nicht gibst,19,1,vermeyince,10,4,TR,DE
320,Türken,TR,Türken,6,2,Türken,6,2,TR/DE,TR/DE
443,didaktisch,DE,didaktisch,10,3,didaktik,8,3,TR,TR/DE
308,şüphelenirler,TR,sie werden misstrauisch,23,3,şüphelenirler,13,5,TR,DE
469,diyorum,TR,Ich sage,8,2,diyorum,7,3,TR,DE
443,olarak,TR,Aspekt,6,2,olarak,6,3,TR/DE,DE
471,olarak,TR,Aspekt,6,2,olarak,6,3,TR/DE,DE
441,Realschule§den,MIXED,Realschule§den,14,3,Realschule§den,14,3,TR/DE,TR/DE
426,Schwerin’deymiş,MIXED,Schwerin’deymiş,15,3,Schwerin'deymiş,15,3,TR/DE,TR/DE
488,das,DE,das,3,1,the,3,1,TR/DE,TR/DE
431,Arbeiterwohlfahrt§a,MIXED,Arbeiterwohlfahrt§a,19,5,Arbeiterwohlfahrt§a,19,5,TR/DE,TR/DE
469,kabul,TR,Annahme,7,3,kabul,5,2,TR,TR
471,deutsch,DE,deutsch,7,1,Almanca,7,3,TR/DE,DE
487,1,DE,1,1,1,1,1,1,TR/DE,TR/DE
525,reichen,DE,reichen,7,2,yeterli,7,3,TR/DE,DE
525,yapsak,TR,Lass es uns tun,15,1,yapsak,6,2,TR,DE
539,nicht,DE,nicht,5,1,Olumsuz,7,3,DE,DE
539,haline,TR,hinein,6,2,haline,6,3,TR/DE,DE
541,welche,DE,welche,6,2,Hangi,5,2,TR,TR/DE
527,sen,TR,Du,2,1,sen,3,1,DE,TR/DE
533,okudum,TR,Ich habe gelesen,16,4,okudum,6,3,TR,TR
543,özellikler,TR,Merkmale,8,3,özellikler,10,4,DE,DE
548,ausgehen,DE,ausgehen,8,2,dışarı çıkmak,13,4,DE,DE
548,seviye,TR,Ebene,5,3,seviye,6,3,DE,TR/DE
543,die,DE,die,3,1,the,3,1,TR/DE,TR/DE
553,özet,TR,Zusammenfassung,15,5,özet,4,2,TR,TR
441,üç-beş,TR,drei-fünf,9,2,üç-beş,6,2,TR,TR/DE
442,yaptırdılar,TR,Sie haben es geschafft,22,3,yaptırdılar,11,4,TR,DE
554,B.,DE,B.,2,1,B.,2,1,TR/DE,TR/DE
553,die,DE,die,3,1,the,3,1,TR/DE,TR/DE
582,de,TR,Auch,4,1,de,2,1,TR,TR/DE
574,hat,DE,hat,3,1,sahip olmak,11,3,DE,DE
590,civarı,TR,um,2,1,civarı,6,3,DE,DE
581,ist,DE,ist,3,1,öyle,4,2,DE,DE
469,Semester§imi,MIXED,Semester§imi,12,4,YarıyılŞimi,11,5,TR,DE
429,76'da,MIXED,Vor 76 Jahren,13,2,76 yıl önce,11,2,TR,TR/DE
553,geben,DE,geben,5,2,vermek,6,2,DE,TR/DE
600,acht,DE,acht,4,1,sekiz,5,2,DE,DE
591,zwanzig,DE,zwanzig,7,2,yirmi,5,2,TR,TR/DE
591,istiyor,TR,will,4,1,istiyor,7,3,DE,DE
608,ne,TR,Was,3,1,ne,2,1,TR,TR/DE
592,zwanzig,DE,zwanzig,7,2,yirmi,5,2,TR,TR/DE
615,das,DE,das,3,1,the,3,1,TR/DE,TR/DE
618,die,DE,die,3,1,the,3,1,TR/DE,TR/DE
593,wieviel,DE,wieviel,7,2,Ne kadar,8,2,DE,TR/DE
596,will,DE,will,4,1,istiyor,7,3,DE,DE
620,100,TR,100,3,1,100,3,1,TR/DE,TR/DE
608,Kassette,DE,Kassette,8,3,kaset,5,2,TR,TR
650,ne,TR,Was,3,1,ne,2,1,TR,TR/DE
626,Bakırköy,TR,Bakırköy,8,2,Bakırköy,8,3,TR/DE,DE
626,ab,DE,ab,2,1,uzak,4,2,DE,DE
650,Schwester,DE,Schwester,9,2,Kız kardeş,10,2,DE,TR/DE
567,Südsee,DE,Südsee,6,2,Güney Denizleri,15,5,DE,DE
675,yani,TR,Also,4,2,yani,4,2,TR/DE,TR/DE
689,diyorum,TR,Ich sage,8,2,diyorum,7,3,TR,DE
473,Fremdsprache§m,MIXED,Fremdsprache§m,14,3,Fremdsprache§m,14,3,TR/DE,TR/DE
633,okay,DE,okay,4,2,TAMAM,5,2,DE,TR/DE
706,mu,TR,Ist es,6,1,mu,2,1,TR,TR/DE
553,özet§s,MIXED,özet§s,6,2,özet§s,6,2,TR/DE,TR/DE
695,Türkçe,TR,Türkisch,8,2,Türkçe,6,2,TR,TR/DE
706,Sport,DE,Sport,5,1,spor,4,1,TR,TR/DE
573,Ayça,TR,Ayça,4,1,Ayça,4,2,TR/DE,DE
600,oluyor,TR,es passiert,11,2,oluyor,6,3,TR,DE
602,oluyor,TR,es passiert,11,2,oluyor,6,3,TR,DE
720,yiyoruz,TR,wir essen,9,2,yiyoruz,7,3,TR,DE
721,galiba,TR,wahrscheinlich,14,3,galiba,6,3,TR,TR/DE
719,yiyoruz,TR,wir essen,9,2,yiyoruz,7,3,TR,DE
722,değil,TR,nicht,5,1,değil,5,2,TR/DE,DE
732,de,TR,Auch,4,1,de,2,1,TR,TR/DE
731,gelip,TR,komm und,8,1,gelip,5,2,TR,DE
732,Bielefeld,DE,Bielefeld,9,3,Bielefeld,9,3,TR/DE,TR/DE
733,ne,TR,Was,3,1,ne,2,1,TR,TR/DE
654,geçesiye,TR,passieren,9,3,geçesiye,8,4,TR,DE
765,Bielefeld,DE,Bielefeld,9,3,Bielefeld,9,3,TR/DE,TR/DE
754,nasıl,TR,Wie,3,1,nasıl,5,2,DE,DE
769,işte,TR,bei der Arbeit,14,2,işte,4,2,TR,TR/DE
712,dediğim,TR,was ich gesagt habe,19,3,dediğim,7,3,TR,TR/DE
661,Stadt§ta,MIXED,Stadt§ta,8,1,Stadt§ta,8,1,TR/DE,TR/DE
788,oluyor,TR,es passiert,11,2,oluyor,6,3,TR,DE
723,Westend,DE,Westend,7,2,Batı ucu,8,3,DE,DE
661,dolaşıyorsun,TR,du wanderst,11,2,dolaşıyorsun,12,5,DE,DE
765,Üniversitesi,TR,Universität,11,5,Üniversitesi,12,6,DE,DE
815,Angabe,DE,Angabe,6,3,Bilgi,5,2,TR,TR
769,gidiyorsun,TR,Du gehst,8,1,gidiyorsun,10,4,DE,DE
719,Westend'de,MIXED,Westend'de,10,2,Westend'de,10,2,TR/DE,TR/DE
733,Bielefeld'te,MIXED,Bielefeld'te,12,3,Bielefeld'te,12,3,TR/DE,TR/DE
731,Bielefeld'e,MIXED,Bielefeld'e,11,3,Bielefeld'e,11,3,TR/DE,TR/DE
720,Westend'de,MIXED,Westend'de,10,2,Westend'de,10,2,TR/DE,TR/DE
846,Angabe,DE,Angabe,6,3,Bilgi,5,2,TR,TR
809,alır,TR,dauert,6,1,alır,4,2,TR,DE
769,Bielefeld'e,MIXED,Bielefeld'e,11,3,Bielefeld'e,11,3,TR/DE,TR/DE
862,Angabe,DE,Angabe,6,3,Bilgi,5,2,TR,TR
832,bestehen,DE,bestehen,8,2,meydana gelmek,14,4,DE,DE
832,yapmadı,TR,nicht,5,1,yapmadı,7,3,DE,DE
816,block,LANG3,Block,5,1,engellemek,10,4,DE,DE
857,ob,DE,ob,2,1,ikisinden biri,14,5,DE,DE
836,yapmadı,TR,nicht,5,1,yapmadı,7,3,DE,DE
870,untere,DE,untere,6,3,daha düşük,10,3,DE,TR/DE
870,yaptık,TR,wir haben es getan,18,3,yaptık,6,2,TR,TR
876,nasıldı,TR,wie war es,10,1,nasıldı,7,3,TR,DE
882,kann,DE,kann,4,1,olabilmek,9,4,DE,DE
815,obere,TR,obere,5,3,obere,5,3,TR/DE,TR/DE
886,veya,TR,oder,4,2,veya,4,2,TR/DE,TR/DE
886,gelecek,TR,Zukunft,7,2,gelecek,7,3,TR/DE,DE
836,bestehen,DE,bestehen,8,2,meydana gelmek,14,4,DE,DE
895,öğrencileri,TR,Studenten,9,3,öğrencileri,11,5,DE,DE
842,Ilhan,TR,Ilhan,5,2,Ilhan,5,2,TR/DE,TR/DE
897,için,TR,für,3,1,için,4,2,DE,DE
895,master,LANG3,Master,6,2,usta,4,2,TR,TR/DE
913,yararlı,TR,vorteilhaft,11,3,yararlı,7,3,TR,TR/DE
918,yapsak,TR,Lass es uns tun,15,1,yapsak,6,2,TR,DE
914,master,LANG3,Master,6,2,usta,4,2,TR,TR/DE
921,master,LANG3,Master,6,2,usta,4,2,TR,TR/DE
898,master,LANG3,Master,6,2,usta,4,2,TR,TR/DE
913,master,LANG3,Master,6,2,usta,4,2,TR,TR/DE
914,aslında,TR,Eigentlich,10,3,aslında,7,3,TR,TR/DE
862,obere,TR,obere,5,3,obere,5,3,TR/DE,TR/DE
928,gehen,DE,gehen,5,1,Gitmek,6,2,DE,DE
936,master,LANG3,Master,6,2,usta,4,2,TR,TR/DE
926,arbeiten,DE,arbeiten,8,3,iş,2,1,TR,TR
951,und,DE,und,3,1,Ve,2,1,TR,TR/DE
886,Kniegelenk,DE,Kniegelenk,10,3,Diz eklemi,10,3,TR/DE,TR/DE
953,mi,TR,Ist es,6,1,mi,2,1,TR,TR/DE
954,değil,TR,nicht,5,1,değil,5,2,TR/DE,DE
921,düşünün,TR,darüber nachdenken,18,5,düşünün,7,3,TR,TR
886,Sprunggelenk,DE,Sprunggelenk,12,3,Ayak bileği eklemi,18,6,DE,DE
926,yapıyor,TR,tun,3,1,yapıyor,7,3,DE,DE
928,yapıyor,TR,tun,3,1,yapıyor,7,3,DE,DE
897,Master§ınız,MIXED,Meister§ınız,12,2,Ustanız,7,3,TR,DE
936,unterschiedlich,DE,unterschiedlich,15,4,farklı,6,2,TR,TR
952,hieß,DE,hieß,4,1,çağrıldı,8,3,DE,DE
956,Spitznamen,DE,Spitznamen,10,3,Takma adlar,11,3,DE,TR/DE
897,sa-saçmalık,TR,Unsinn,6,2,sa-saçmalık,11,4,DE,DE
956,nen,TR,nen,3,1,nen,3,1,TR/DE,TR/DE
958,genannt,DE,genannt,7,2,isminde,7,3,TR/DE,DE
999,işte,TR,bei der Arbeit,14,2,işte,4,2,TR,TR/DE
972,ihr,DE,ihr,3,1,o,1,1,TR,TR/DE
983,da,TR,In,2,1,da,2,1,TR/DE,TR/DE
999,İnek,TR,Kuh,3,1,İnek,4,2,DE,DE
1007,meinte,DE,meinte,6,2,söz konusu,10,3,DE,DE
1014,und,DE,und,3,1,Ve,2,1,TR,TR/DE
1017,ne,TR,Was,3,1,ne,2,1,TR,TR/DE
962,Koray,TR,Koray,5,2,Koray,5,2,TR/DE,TR/DE
1004,Çisem,TR,Nieselregen,11,4,Çisem,5,2,TR,TR
989,Gedächtnisstütze,DE,Gedächtnisstütze,16,5,Hafıza yardımı,14,5,TR,TR/DE
955,Bernd,DE,Bernd,5,1,Bernd,5,1,TR/DE,TR/DE
1047,noch,DE,noch,4,1,Hala,4,2,TR/DE,DE
1033,çirkin,TR,hässlich,8,2,çirkin,6,2,TR,TR/DE
1047,abla,TR,ältere Schwester,16,4,abla,4,2,TR,TR
1073,abi,TR,Bruder,6,2,abi,3,2,TR,TR/DE
1073,genannt,DE,genannt,7,2,isminde,7,3,TR/DE,DE
1081,abi,TR,Bruder,6,2,abi,3,2,TR,TR/DE
1081,genannt,DE,genannt,7,2,isminde,7,3,TR/DE,DE
1017,Stoffpuppe,DE,Stoffpuppe,10,3,Bez bebek,9,2,TR,TR
958,Grubi,TR,Gruppe,6,2,Grubi,5,2,TR,TR/DE
957,Grubi,TR,Gruppe,6,2,Grubi,5,2,TR,TR/DE
1060,oynuyor,TR,spielen,7,2,oynuyor,7,3,TR/DE,DE
1099,ne,TR,Was,3,1,ne,2,1,TR,TR/DE
1091,wie,DE,wie,3,1,Nasıl,5,2,DE,DE
1091,yapıyorum,TR,Ich mache,9,2,yapıyorum,9,4,TR/DE,DE
984,Grubi,MIXED,Rauh,4,1,Kaba,4,2,TR/DE,DE
1099,Waschmaschine,DE,Waschmaschine,13,4,çamaşır makinesi,16,6,DE,DE
1094,gittiğim,TR,Ich ging,8,1,gittiğim,8,3,TR/DE,DE
1107,çıktı,TR,Ausgabe,7,3,çıktı,5,2,TR,TR
1102,toll,DE,toll,4,1,Harika,6,3,DE,DE
1111,ne,TR,Was,3,1,ne,2,1,TR,TR/DE
1019,Erni,TR,Erni,4,2,Erni,4,2,TR/DE,TR/DE
1122,das,DE,das,3,1,the,3,1,TR/DE,TR/DE
1136,geliyor,TR,kommt,5,1,geliyor,7,3,DE,DE
1140,das,DE,das,3,1,the,3,1,TR/DE,TR/DE
1108,warum,DE,warum,5,2,Neden,5,2,TR/DE,TR/DE
1146,das,DE,das,3,1,the,3,1,TR/DE,TR/DE
1146,he,TR,Er,2,1,he,2,1,TR/DE,TR/DE
1163,ich,DE,ich,3,1,BEN,3,1,TR/DE,TR/DE
1014,Erni,TR,Erni,4,2,Erni,4,2,TR/DE,TR/DE
1060,Spielautomat,DE,Spielautomat,12,4,Slot makinesi,13,4,DE,TR/DE
1173,ist,DE,ist,3,1,öyle,4,2,DE,DE
919,yapmayıp,TR,nicht tun,9,1,yapmayıp,8,3,TR,DE
1109,unintelligible,DE,unintelligible,14,6,anlaşılmaz,10,4,TR,TR
1114,evde,TR,zu Hause,8,2,evde,4,2,TR,TR/DE
1168,şuna,TR,dazu,4,2,şuna,4,2,TR/DE,TR/DE
1186,yani,TR,Also,4,2,yani,4,2,TR/DE,TR/DE
1110,gehst,DE,gehst,5,1,Gitmek,6,2,DE,DE
1173,Ein,DE,Ein,3,1,A,1,1,TR,TR/DE
1173,O.k.,TR,Pfeil.,6,1,O.k.,4,1,TR,TR/DE
1146,sizin,TR,dein,4,1,sizin,5,2,DE,DE
1089,Oğuz,TR,Oghuz,5,2,Oğuz,4,2,TR,TR/DE
1191,hiç,TR,keiner,6,2,hiç,3,1,TR,TR
1189,yeni,TR,neu,3,1,yeni,4,2,DE,DE
1217,ne,TR,Was,3,1,ne,2,1,TR,TR/DE
1221,und,DE,und,3,1,Ve,2,1,TR,TR/DE
1173,O.k.,TR,Pfeil.,6,1,O.k.,4,1,TR,TR/DE
1193,anam,TR,meine Mutter,12,3,anam,4,2,TR,TR
1226,und,DE,und,3,1,Ve,2,1,TR,TR/DE
1227,falan,TR,wie,3,1,falan,5,2,DE,DE
1174,wolltest,DE,wolltest,8,2,aranan,6,3,TR,DE
1208,Elif,TR,Elif,4,2,Elif,4,2,TR/DE,TR/DE
1109,öğretmen,TR,Lehrer,6,2,öğretmen,8,3,DE,DE
1230,hat,DE,hat,3,1,sahip olmak,11,3,DE,DE
1208,heißt,DE,heißt,5,1,denir,5,2,TR/DE,DE
1221,diye,TR,Sprichwort,10,2,diye,4,2,TR,TR/DE
1173,fe,TR,z.B,3,1,fe,2,1,TR,TR/DE
1231,yapacağım,TR,ich werde es tun,16,2,yapacağım,9,4,TR,DE
1229,o,TR,Er,2,1,o,1,1,TR,TR/DE
1235,gittik,TR,wir gingen,10,2,gittik,6,2,TR,TR/DE
1235,yani,TR,Also,4,2,yani,4,2,TR/DE,TR/DE
1235,Çetin,TR,Hart,4,1,Çetin,5,2,DE,DE
1235,sanki,TR,als ob,6,1,sanki,5,2,TR,DE
1238,falan,TR,wie,3,1,falan,5,2,DE,DE
1200,Darm‘da,MIXED,Natürlich,9,3,Elbette,7,3,TR,TR/DE
1224,o.k.,TR,Pfeil.,6,1,o.k.,4,1,TR,TR/DE
1258,ne,TR,Was,3,1,ne,2,1,TR,TR/DE
1260,ben,TR,ICH,3,1,ben,3,1,TR/DE,TR/DE
1248,ne,DE,ne,2,1,HAYIR,5,2,DE,DE
1203,Akif,TR,Akif,4,2,Akif,4,2,TR/DE,TR/DE
1249,Männer,DE,Männer,6,2,Erkekler,8,3,DE,DE
1227,hat’,DE,hat’,4,1,sahip olmak',12,3,DE,DE
1260,oturdum,TR,Ich setzte mich,15,2,oturdum,7,3,TR,DE
1275,Çetin,TR,Hart,4,1,Çetin,5,2,DE,DE
1275,nicht,DE,nicht,5,1,Olumsuz,7,3,DE,DE
1267,Feinde,DE,Feinde,6,2,Düşmanlar,9,3,DE,DE
1279,diye,TR,Sprichwort,10,2,diye,4,2,TR,TR/DE
1276,steht,DE,steht,5,1,standlar,8,2,DE,DE
1285,böyle,TR,so was,6,1,böyle,5,2,TR,DE
1289,yani,TR,Also,4,2,yani,4,2,TR/DE,TR/DE
1281,hab,DE,hab,3,1,sahip olmak,11,3,DE,DE
1267,Kriegsfeinde,DE,Kriegsfeinde,12,3,Savaş düşmanları,16,5,DE,DE
1294,olarak,TR,Aspekt,6,2,olarak,6,3,TR/DE,DE
1292,o.k,TR,Pfeil,5,1,o.k,3,1,TR,TR/DE
1295,yapıyorum,TR,Ich mache,9,2,yapıyorum,9,4,TR/DE,DE
1295,gut,DE,gut,3,1,iyi,3,2,TR/DE,DE
1296,Heimat,DE,Heimat,6,2,Memleket,8,3,DE,DE
1264,buluşmuş,TR,traf,4,1,buluşmuş,8,3,DE,DE
1296,diyebiliriz,TR,können wir sagen,16,3,diyebiliriz,11,5,TR,DE
1297,oraya,TR,Dort,4,1,oraya,5,3,DE,DE
1233,sınıfa,TR,zum Unterricht,14,3,sınıfa,6,3,TR,TR/DE
1235,Binnurcuğum,MIXED,mein binnurcug,14,3,Binnurcuğum,11,4,TR,DE
1237,Gymnasium§dayız,MIXED,Gymnasium§dayız,15,3,Gymnasium§dayız,15,3,TR/DE,TR/DE
1229,Zeynel’le,MIXED,mit Zeynel,10,2,Zeynel’le,9,2,TR,TR/DE
1304,yapıyor,TR,tun,3,1,yapıyor,7,3,DE,DE
1305,yapıyor,TR,tun,3,1,yapıyor,7,3,DE,DE
1306,öğretmen,TR,Lehrer,6,2,öğretmen,8,3,DE,DE
1298,ganz,DE,ganz,4,1,epeyce,6,3,DE,DE
1298,Jeanine,DE,Jeanine,7,3,Jeanine,7,3,TR/DE,TR/DE
1299,Almanca,TR,Deutsch,7,1,Almanca,7,3,TR/DE,DE
1314,die,DE,die,3,1,the,3,1,TR/DE,TR/DE
1304,Abstand,DE,Abstand,7,2,Mesafe,6,3,TR,DE
1315,ab,DE,ab,2,1,uzak,4,2,DE,DE
1303,dick,DE,dick,4,1,kalın,5,2,DE,DE
1310,wir,DE,wir,3,1,Biz,3,1,TR/DE,TR/DE
1315,yine,TR,wieder,6,2,yine,4,2,TR,TR/DE
1317,zweite,DE,zweite,6,2,ikinci,6,3,TR/DE,DE
1312,gelebilir,TR,kann kommen,11,2,gelebilir,9,4,TR,DE
1319,gittim,TR,Ich ging,8,1,gittim,6,2,TR,DE
1316,yapacaksın,TR,Du wirst,8,1,yapacaksın,10,4,DE,DE
1318,gidiyor,TR,gehen,5,1,gidiyor,7,3,DE,DE
1320,hatte,DE,hatte,5,2,vardı,5,2,TR/DE,TR/DE
1312,Quatsch,DE,Quatsch,7,1,Anlamsız,8,3,DE,DE
1320,Mehmet,TR,Mehmet,6,2,Mehmet,6,2,TR/DE,TR/DE
1293,dayko,TR,Dyko,4,2,dayko,5,2,DE,TR/DE
1322,Mehmet,TR,Mehmet,6,2,Mehmet,6,2,TR/DE,TR/DE
1336,geldim,TR,Ich bin hier,12,1,geldim,6,2,TR,DE
1337,gut,DE,gut,3,1,iyi,3,2,TR/DE,DE
1334,şimdi,TR,Jetzt,5,1,şimdi,5,2,TR/DE,DE
1341,yaz,TR,Sommer,6,2,yaz,3,1,TR,TR
1337,yapıyoruz,TR,wir tun,7,1,yapıyoruz,9,4,DE,DE
1318,Kindergarten§a,MIXED,Kindergarten§a,14,4,Anaokulu,8,4,TR,TR/DE
1348,var,TR,Es gibt,7,1,var,3,1,TR,TR/DE
1260,In'e,MIXED,In'e,4,1,İçeride,7,3,DE,DE
1297,Heimat§ınızdan,MIXED,Heimat§ınızdan,14,2,Heimatşınızdan,14,5,TR/DE,DE
1237,Osterath,LANG3,Osterath,8,3,Osterath,8,3,TR/DE,TR/DE
1381,Seiten,DE,Seiten,6,2,sayfalar,8,3,DE,DE
1384,erste,DE,erste,5,2,Birinci,7,3,DE,DE
1350,Tabelle,DE,Tabelle,7,3,Masa,4,2,TR,TR
1363,yapacağız,TR,wir werden es tun,17,2,yapacağız,9,4,TR,DE
1332,zwanzig§im,MIXED,zwanzig§im,10,2,zwanzigsim,10,3,TR/DE,DE
1437,gehen,DE,gehen,5,1,Gitmek,6,2,DE,DE
1437,yapıyor,TR,tun,3,1,yapıyor,7,3,DE,DE
1445,master,LANG3,Master,6,2,usta,4,2,TR,TR/DE
1445,unterschiedlich,DE,unterschiedlich,15,4,farklı,6,2,TR,TR
1398,aynı,TR,Dasselbe,8,3,aynı,4,2,TR,TR
1407,birçok,TR,Eine Menge,10,3,birçok,6,2,TR,TR
1463,da,TR,In,2,1,da,2,1,TR/DE,TR/DE
1429,tschüß,DE,tschüß,6,1,güle güle,9,3,DE,DE
1428,son,TR,zuletzt,7,2,son,3,1,TR,TR
1449,yapıyorsunuz,TR,Du tust,7,1,yapıyorsunuz,12,5,DE,DE
1470,işte,TR,bei der Arbeit,14,2,işte,4,2,TR,TR/DE
1470,ob,DE,ob,2,1,ikisinden biri,14,5,DE,DE
1464,setz,DE,setz,4,1,koymak,6,2,DE,DE
1466,zaten,TR,bereits,7,2,zaten,5,2,TR,TR/DE
1467,Herr,DE,Herr,4,1,Bayım,5,2,DE,DE
1346,belirteceksin,TR,Sie werden angeben,18,4,belirteceksin,13,5,TR,DE
1333,yapıyorlar,TR,sie tun,7,1,yapıyorlar,10,4,DE,DE
1481,so,DE,so,2,1,Bu yüzden,9,2,DE,DE
1449,mischen,DE,mischen,7,2,karışım,7,3,TR/DE,DE
1503,bestellen,DE,bestellen,9,3,emir,4,2,TR,TR
1506,yani,TR,Also,4,2,yani,4,2,TR/DE,TR/DE
1510,Şey,TR,Ding,4,1,Şey,3,1,TR,TR/DE
1530,oluyor,TR,es passiert,11,2,oluyor,6,3,TR,DE
1490,yapılacak,TR,getan werden,12,3,yapılacak,9,4,TR,DE
1531,doch,DE,doch,4,1,Ancak,5,2,DE,DE
1504,bestellen,DE,bestellen,9,3,emir,4,2,TR,TR
1536,Adanalı,TR,aus Adana,9,3,Adanalı,7,4,TR,DE
1538,Adanalı,TR,aus Adana,9,3,Adanalı,7,4,TR,DE
1348,Grund§lar,MIXED,Grund§lar,9,1,Grund§lar,9,1,TR/DE,TR/DE
1552,ich,DE,ich,3,1,BEN,3,1,TR/DE,TR/DE
1556,falan,TR,wie,3,1,falan,5,2,DE,DE
1319,Dezember§inde,MIXED,Dezember§inde,13,4,Aralık ayında,13,5,TR/DE,DE
1541,Adana,TR,Adana,5,3,Adana,5,3,TR/DE,TR/DE
1479,oranlarını,TR,Tarife,6,3,oranlarını,10,5,DE,DE
1336,Heimat§ıma,MIXED,Heimat§ıma,10,2,Heimatşima,10,4,TR/DE,DE
1531,sitze,TR,sitze,5,2,sitze,5,2,TR/DE,TR/DE
1486,gemischt§ti,MIXED,gemischt§ti,11,2,gemischt§ti,11,2,TR/DE,TR/DE
1504,yapayım,TR,Lass mich machen,16,2,yapayım,7,3,TR,DE
1592,und,DE,und,3,1,Ve,2,1,TR,TR/DE
1559,oder,DE,oder,4,2,veya,4,2,TR/DE,TR/DE
1565,konuşuyorum,TR,Ich rede,8,2,konuşuyorum,11,5,DE,DE
1576,900,DE,900,3,1,900,3,1,TR/DE,TR/DE
1608,Üniversitesi,TR,Universität,11,5,Üniversitesi,12,6,DE,DE
1578,900,DE,900,3,1,900,3,1,TR/DE,TR/DE
1576,aber,DE,aber,4,2,Ancak,5,2,DE,TR/DE
1599,buçuk,TR,Hälfte,6,2,buçuk,5,2,TR,TR/DE
1627,yapıyorum,TR,Ich mache,9,2,yapıyorum,9,4,TR/DE,DE
1614,bilmem,TR,Ich weiß nicht,14,1,bilmem,6,2,TR,DE
1576,ünü,TR,Ruf,3,1,ünü,3,2,TR/DE,DE
1603,buçuk,TR,Hälfte,6,2,buçuk,5,2,TR,TR/DE
1633,olması,TR,zu sein,7,1,olması,6,3,TR,DE
1635,var,TR,Es gibt,7,1,var,3,1,TR,TR/DE
1608,Teknik,DE,Teknik,6,2,Teknik,6,2,TR/DE,TR/DE
1503,yapsaydınız,TR,wenn ja,7,1,yapsaydınız,11,4,DE,DE
1644,Anadolu,TR,Anatolien,9,4,Anadolu,7,4,TR,TR/DE
1646,Anadolu,TR,Anatolien,9,4,Anadolu,7,4,TR,TR/DE
1644,Maltepe,MIXED,Maltepe,7,3,Maltepe,7,3,TR/DE,TR/DE
1660,was,DE,was,3,1,Ne,2,1,TR,TR/DE
1589,Tufanbeyli,TR,tufanbeyli,10,4,Tufanbeyli,10,4,TR/DE,TR/DE
1630,Fuat,DE,Fuat,4,1,Fuat,4,1,TR/DE,TR/DE
1654,beste,DE,beste,5,2,en iyi,6,2,DE,TR/DE
1616,I<e>,DE,I<e>,4,1,ben<e>,6,1,DE,TR/DE
1614,Ufuk,DE,Ufuk,4,2,Ufuk,4,2,TR/DE,TR/DE
1540,Tufanbeylili,MIXED,tufanbeylili,12,5,Tufanbeylili,12,5,TR/DE,TR/DE
1670,wäre,DE,wäre,4,2,vardı,5,2,DE,TR/DE
1670,İstanbul,TR,Istanbul,8,3,İstanbul,8,3,TR/DE,TR/DE
1691,İstanbul,TR,Istanbul,8,3,İstanbul,8,3,TR/DE,TR/DE
1712,Bielefeld,DE,Bielefeld,9,3,Bielefeld,9,3,TR/DE,TR/DE
1713,ne,TR,Was,3,1,ne,2,1,TR,TR/DE
1666,auch,DE,auch,4,1,Ayrıca,6,3,DE,DE
1667,ayrı,TR,separate,8,4,ayrı,4,2,TR,TR
1715,değil,TR,nicht,5,1,değil,5,2,TR/DE,DE
1674,Metin,TR,Text,4,1,Metin,5,2,DE,DE
1717,yani,TR,Also,4,2,yani,4,2,TR/DE,TR/DE
1718,Bielefeld,DE,Bielefeld,9,3,Bielefeld,9,3,TR/DE,TR/DE
1723,falan,TR,wie,3,1,falan,5,2,DE,DE
1689,İstanbul,TR,Istanbul,8,3,İstanbul,8,3,TR/DE,TR/DE
1736,mi,TR,Ist es,6,1,mi,2,1,TR,TR/DE
1746,yani,TR,Also,4,2,yani,4,2,TR/DE,TR/DE
1714,göre,TR,entsprechend,12,3,göre,4,2,TR,TR
1715,eine,DE,eine,4,2,bir,3,1,TR,TR
1677,yaptığı,TR,was er getan hat,16,2,yaptığı,7,3,TR,DE
1750,Allah,DE,Allah,5,2,Allah,5,2,TR/DE,TR/DE
1754,geliyorum,TR,ich komme,9,2,geliyorum,9,4,TR/DE,DE
1646,Tufanbeyli,MIXED,tufanbeyli,10,4,Tufanbeyli,10,4,TR/DE,TR/DE
1755,orası,TR,Dort,4,1,orası,5,3,DE,DE
1727,Binnur,TR,Binnur,6,2,Binnur,6,2,TR/DE,TR/DE
1756,Realschule,DE,Realschule,10,3,ortaokul,8,3,TR,TR/DE
1760,nee,TR,nee,3,1,nee,3,1,TR/DE,TR/DE
1761,her,TR,jede,4,2,her,3,1,TR,TR
1766,gab,DE,gab,3,1,verilmiş,8,3,DE,DE
1767,yani,TR,Also,4,2,yani,4,2,TR/DE,TR/DE
1633,Zwilling§i,MIXED,Zwilling§i,10,2,Zwilling§i,10,2,TR/DE,TR/DE
1769,nasıl,TR,Wie,3,1,nasıl,5,2,DE,DE
1751,Vennhofallee,DE,Vennhofallee,12,4,Vennhofallee,12,4,TR/DE,TR/DE
1787,ne,TR,Was,3,1,ne,2,1,TR,TR/DE
1635,Zwilling§i,MIXED,Zwilling§i,10,2,Zwilling§i,10,2,TR/DE,TR/DE
1787,ne,TR,Was,3,1,ne,2,1,TR,TR/DE
1791,Alanya,TR,Alanya,6,3,Alanya,6,3,TR/DE,TR/DE
1787,Arbeit,DE,Arbeit,6,2,İş,2,1,TR,TR
1816,was,DE,was,3,1,Ne,2,1,TR,TR/DE
1817,was,DE,was,3,1,Ne,2,1,TR,TR/DE
1716,km,TR,km,2,1,km,2,1,TR/DE,TR/DE
1677,Tvnin,MIXED,Fernseher,9,2,TV,2,1,TR,TR
1835,deyince,TR,wenn du sagst,13,1,deyince,7,3,TR,DE
1837,nein,DE,nein,4,1,HAYIR,5,2,DE,DE
1838,Üniversitesi,TR,Universität,11,5,Üniversitesi,12,6,DE,DE
1795,Gökçeada,TR,Gokceada,8,3,Gökçeada,8,3,TR/DE,TR/DE
1835,Jacke,DE,Jacke,5,2,Ceket,5,2,TR/DE,TR/DE
1852,oder,DE,oder,4,2,veya,4,2,TR/DE,TR/DE
1838,finde,DE,finde,5,2,bulmak,6,2,DE,TR/DE
1838,besser,DE,besser,6,2,daha iyi,8,3,DE,DE
1757,yayan,TR,emittieren,10,4,yayan,5,2,TR,TR
1854,olabilir,TR,es könnte sein,14,2,olabilir,8,4,TR,DE
1765,Ossi,TR,Ossy,4,2,Ossi,4,2,TR/DE,TR/DE
1864,vardı,TR,es gab,6,1,vardı,5,2,TR,DE
1754,Osterath'dan,MIXED,in Osterath,11,3,Osterath'ta,11,3,TR/DE,TR/DE
1862,tamam,TR,OK,2,1,tamam,5,2,DE,DE
1869,değil,TR,nicht,5,1,değil,5,2,TR/DE,DE
1854,kızına,TR,zu deiner Tochter,17,3,kızına,6,3,TR,TR/DE
1882,Sender,DE,Sender,6,2,verici,6,3,TR/DE,DE
1887,daha,TR,mehr,4,1,daha,4,2,TR/DE,DE
1903,du,DE,du,2,1,Sen,3,1,DE,TR/DE
1869,Bulgar,DE,Bulgar,6,2,Bulgarca,8,3,DE,DE
1854,Haller‘in,MIXED,Haller‘in,9,2,Haller'in,9,2,TR/DE,TR/DE
1846,Nursel,DE,Nursel,6,2,Hemşire,7,3,DE,DE
1768,Bielefeld§liye,MIXED,Bielefeld§liye,14,3,Bielefeld§liye,14,4,TR/DE,DE
1854,Nursel,DE,Nursel,6,2,Hemşire,7,3,DE,DE
1757,Vennhofallee'den,MIXED,Vennhofallee'den,16,4,Vennhofallee'den,16,4,TR/DE,TR/DE
1922,Licht,DE,Licht,5,1,Işık,4,2,TR,DE
1922,yazın,TR,im Sommer,9,2,yazın,5,2,TR,TR/DE
1942,oder,DE,oder,4,2,veya,4,2,TR/DE,TR/DE
1922,olduğu,TR,Ist,3,1,olduğu,6,3,DE,DE
1944,war,DE,war,3,1,öyleydi,7,3,DE,DE
1949,İstanbul,TR,Istanbul,8,3,İstanbul,8,3,TR/DE,TR/DE
1922,wirklich,DE,wirklich,8,2,Gerçekten,9,3,DE,DE
1923,Licht,DE,Licht,5,1,Işık,4,2,TR,DE
1923,olduğu,TR,Ist,3,1,olduğu,6,3,DE,DE
1926,deswegen,DE,deswegen,8,3,bu yüzden,9,2,DE,TR
1924,ey,TR,Artikel,7,3,ey,2,1,TR,TR
1950,edebiyat,TR,Literatur,9,4,edebiyat,8,4,TR,TR/DE
1974,yani,TR,Also,4,2,yani,4,2,TR/DE,TR/DE
1949,spielen,DE,spielen,7,2,oynamak,7,3,TR/DE,DE
1956,bizden,TR,von uns,7,1,bizden,6,2,TR,DE
1989,her,TR,jede,4,2,her,3,1,TR,TR
1970,Romantik,DE,Romantik,8,3,romantik,8,3,TR/DE,TR/DE
1991,olarak,TR,Aspekt,6,2,olarak,6,3,TR/DE,DE
2000,das,DE,das,3,1,the,3,1,TR/DE,TR/DE
2002,und,DE,und,3,1,Ve,2,1,TR,TR/DE
1980,Krug,DE,Krug,4,1,Sürahi,6,3,DE,DE
2011,işte,TR,bei der Arbeit,14,2,işte,4,2,TR,TR/DE
1990,eserleri,TR,funktioniert,12,3,eserleri,8,4,TR,DE
1978,Gott,DE,Gott,4,1,Tanrı,5,2,DE,DE
2013,mi,TR,Ist es,6,1,mi,2,1,TR,TR/DE
1772,Sancaktepe’den,MIXED,aus Sancaktepe,14,4,Sancaktepe’den,14,4,TR/DE,TR/DE
2015,wieviel,DE,wieviel,7,2,Ne kadar,8,2,DE,TR/DE
2011,für,DE,für,3,1,için,4,2,DE,DE
2009,Ali,TR,Ali,3,2,Ali,3,2,TR/DE,TR/DE
2018,und,DE,und,3,1,Ve,2,1,TR,TR/DE
2020,wir,DE,wir,3,1,Biz,3,1,TR/DE,TR/DE
2018,Istanbul,TR,Istanbul,8,3,Istanbul,8,3,TR/DE,TR/DE
2020,Ankara,TR,Ankara,6,3,Ankara,6,3,TR/DE,TR/DE
1970,yüzünden,TR,Weil,4,1,yüzünden,8,3,DE,DE
2029,yani,TR,Also,4,2,yani,4,2,TR/DE,TR/DE
2032,ama,TR,Aber,4,2,ama,3,2,TR,TR/DE
2016,mü,TR,Ist es,6,1,mü,2,1,TR,TR/DE
2037,oder,DE,oder,4,2,veya,4,2,TR/DE,TR/DE
1868,göçmeniyiz,TR,Wir sind Einwanderer,20,4,göçmeniyiz,10,4,TR,TR/DE
2038,oder,DE,oder,4,2,veya,4,2,TR/DE,TR/DE
2020,Eskişehir,TR,Eskişehir,9,2,Eskişehir,9,4,TR/DE,DE
1944,Waikiki,TR,Waikiki,7,3,Waikiki,7,3,TR/DE,TR/DE
2042,hat,DE,hat,3,1,sahip olmak,11,3,DE,DE
2025,zar,TR,Membran,7,2,zar,3,1,TR,TR
2038,final,TR,Finale,6,3,final,5,2,TR,TR
2038,vize,TR,Visum,5,2,vize,4,2,TR,TR/DE
2013,Unverschämtheit,DE,Unverschämtheit,15,4,küstahlık,9,3,TR,TR
2038,vize,TR,Visum,5,2,vize,4,2,TR,TR/DE
2085,ist,DE,ist,3,1,öyle,4,2,DE,DE
2086,gut,DE,gut,3,1,iyi,3,2,TR/DE,DE
2057,önemli,TR,wichtig,7,2,önemli,6,3,TR,DE
1887,Nursel‘i,MIXED,Nursel‘i,8,2,Nursel'i,8,2,TR/DE,TR/DE
2068,Kemal,TR,Reife,5,2,Kemal,5,2,TR/DE,TR/DE
2076,der,DE,der,3,1,the,3,1,TR/DE,TR/DE
2068,Filme,DE,Filme,5,2,Filmler,7,2,DE,TR/DE
2089,çünkü,TR,Weil,4,1,çünkü,5,2,DE,DE
2087,berühmt,DE,berühmt,7,2,ünlü,4,2,TR,TR/DE
2091,testleri,TR,Tests,5,1,testleri,8,3,DE,DE
2100,die,DE,die,3,1,the,3,1,TR/DE,TR/DE
2096,Sena,TR,Sena,4,2,Sena,4,2,TR/DE,TR/DE
2100,Sena,TR,Sena,4,2,Sena,4,2,TR/DE,TR/DE
2098,Freundin,DE,Freundin,8,2,kız arkadaş,11,3,DE,DE
2097,Sena,TR,Sena,4,2,Sena,4,2,TR/DE,TR/DE
2100,Sena,TR,Sena,4,2,Sena,4,2,TR/DE,TR/DE
2087,oldu,TR,passiert,8,2,oldu,4,2,TR,TR/DE
2105,ner,TR,Wo,2,1,ner,3,1,DE,TR/DE
1956,Räuber§i,MIXED,Räuber§i,8,2,Räuber§i,8,2,TR/DE,TR/DE
2015,Million§a,MIXED,Millionen§a,11,3,Milyon§a,8,2,TR,TR
2106,28,TR,28,2,1,28,2,1,TR/DE,TR/DE
2110,ich,DE,ich,3,1,BEN,3,1,TR/DE,TR/DE
2103,Gülçin,TR,Gulcin,6,2,Gülçin,6,2,TR/DE,TR/DE
2084,Şener,TR,Sener,5,2,Şener,5,2,TR/DE,TR/DE
2110,vardı,TR,es gab,6,1,vardı,5,2,TR,DE
2116,ist,DE,ist,3,1,öyle,4,2,DE,DE
2033,İstanbul‘da,TR,in Istanbul,11,3,İstanbul‘da,11,3,TR/DE,TR/DE
2117,var,TR,Es gibt,7,1,var,3,1,TR,TR/DE
2118,oder,DE,oder,4,2,veya,4,2,TR/DE,TR/DE
2102,Aydan,TR,vom Mond,8,1,Aydan,5,2,TR,DE
2100,Aydan,TR,vom Mond,8,1,Aydan,5,2,TR,DE
2110,Hotel,DE,Hotel,5,2,otel,4,2,TR,TR/DE
2126,und,DE,und,3,1,Ve,2,1,TR,TR/DE
2117,Hotel,DE,Hotel,5,2,otel,4,2,TR,TR/DE
2119,ç,TR,C,1,1,ç,1,1,TR/DE,TR/DE
2130,Hotel,DE,Hotel,5,2,otel,4,2,TR,TR/DE
2124,dolmuş,TR,gefüllt,7,2,dolmuş,6,2,TR,TR/DE
2127,dolmuş,TR,gefüllt,7,2,dolmuş,6,2,TR,TR/DE
2133,und,DE,und,3,1,Ve,2,1,TR,TR/DE
2133,dolmuş,TR,gefüllt,7,2,dolmuş,6,2,TR,TR/DE
2110,orada,TR,Dort,4,1,orada,5,3,DE,DE
2147,Sport,DE,Sport,5,1,spor,4,1,TR,TR/DE
2130,orada,TR,Dort,4,1,orada,5,3,DE,DE
2103,fragen,DE,fragen,6,2,sorular,7,3,DE,DE
2157,A,TR,A.,2,1,A,1,1,TR,TR/DE
2108,Devrişiye,TR,Streifenpolizist,16,5,Devrişiye,9,4,TR,TR
2179,und,DE,und,3,1,Ve,2,1,TR,TR/DE
2135,Devrişiye,TR,Streifenpolizist,16,5,Devrişiye,9,4,TR,TR
2189,Nursel,DE,Nursel,6,2,Hemşire,7,3,DE,DE
2107,Devrişiye,TR,Streifenpolizist,16,5,Devrişiye,9,4,TR,TR
2192,war,DE,war,3,1,öyleydi,7,3,DE,DE
2195,yani,TR,Also,4,2,yani,4,2,TR/DE,TR/DE
2104,Devrişiye,TR,Streifenpolizist,16,5,Devrişiye,9,4,TR,TR
2126,Ayvalık,TR,Ayvalik,7,3,Ayvalık,7,3,TR/DE,TR/DE
2229,yani,TR,Also,4,2,yani,4,2,TR/DE,TR/DE
2133,Ayvalık,TR,Ayvalik,7,3,Ayvalık,7,3,TR/DE,TR/DE
2128,Ayvalık,TR,Ayvalik,7,3,Ayvalık,7,3,TR/DE,TR/DE
2249,falan,TR,wie,3,1,falan,5,2,DE,DE
2249,hiç,TR,keiner,6,2,hiç,3,1,TR,TR
2250,ey,TR,Artikel,7,3,ey,2,1,TR,TR
2215,Witz,DE,Witz,4,1,Şaka,4,2,TR/DE,DE
2236,Pech,DE,Pech,4,1,Kötü şans,9,2,DE,DE
2192,Eliz,TR,Eliz,4,2,Eliz,4,2,TR/DE,TR/DE
2263,şey,TR,Ding,4,1,şey,3,1,TR,TR/DE
2159,B'ye,MIXED,Tschüss,7,1,görüşürüz,9,4,DE,DE
2263,çıkıyor,TR,stellt sich heraus,18,2,çıkıyor,7,3,TR,DE
2274,ist,DE,ist,3,1,öyle,4,2,DE,DE
2274,Adana,TR,Adana,5,3,Adana,5,3,TR/DE,TR/DE
2275,also,DE,also,4,2,Bu yüzden,9,2,DE,TR/DE
2267,kaçta,TR,wie viel Uhr,12,1,kaçta,5,2,TR,DE
2148,Leichtathletikerin,MIXED,Leichtathletikerin,18,6,Atletizm sporcusu,17,5,TR,TR
2276,buradan,TR,von hier,8,1,buradan,7,3,TR,DE
2276,Power,LANG3,Leistung,8,2,Güç,3,1,TR,TR
2280,var,TR,Es gibt,7,1,var,3,1,TR,TR/DE
2183,Andreja,TR,Andreja,7,3,Andreja,7,3,TR/DE,TR/DE
2290,weißt,DE,weißt,5,1,Bilmek,6,2,DE,DE
2173,Şahıgül,TR,Shahigul,8,2,Şahıgül,7,3,TR,DE
2273,çıkıyordur,TR,kommt raus,10,1,çıkıyordur,10,4,TR/DE,DE
2215,habnen,TR,habnen,6,2,habnen,6,2,TR/DE,TR/DE
2266,çıkmıyor,TR,kommt nicht raus,16,1,çıkmıyor,8,3,TR,DE
2280,FM,DE,FM,2,1,FM,2,1,TR/DE,TR/DE
2314,und,DE,und,3,1,Ve,2,1,TR,TR/DE
2288,olur,TR,Es ist möglich,14,2,olur,4,2,TR,TR/DE
2297,Mensch,DE,Mensch,6,1,Kişi,4,2,TR,DE
2314,sanat,TR,Kunst,5,1,sanat,5,2,TR/DE,DE
2338,zaten,TR,bereits,7,2,zaten,5,2,TR,TR/DE
2339,geben,DE,geben,5,2,vermek,6,2,DE,TR/DE
2328,reklam,TR,hinweisen,9,3,reklam,6,2,TR,TR
2242,Gottesdank,MIXED,Gottesdank,10,3,Gottesdank,10,3,TR/DE,TR/DE
2354,var,TR,Es gibt,7,1,var,3,1,TR,TR/DE
2331,yapacaktınız,TR,du wolltest,11,2,yapacaktınız,12,5,DE,DE
2357,de,TR,Auch,4,1,de,2,1,TR,TR/DE
2362,Adana,TR,Adana,5,3,Adana,5,3,TR/DE,TR/DE
2362,ist,DE,ist,3,1,öyle,4,2,DE,DE
2363,yani,TR,Also,4,2,yani,4,2,TR/DE,TR/DE
2355,ja,DE,ja,2,1,Evet,4,2,DE,DE
2330,Express,LANG3,Äußern,6,2,İfade etmek,11,3,DE,DE
2311,Aktif,LANG3,Aktiv,5,2,Aktif,5,2,TR/DE,TR/DE
2371,bitirdim,TR,Ich bin fertig,14,2,bitirdim,8,3,TR,DE
2372,bitirdim,TR,Ich bin fertig,14,2,bitirdim,8,3,TR,DE
2279,çıkıyordu,TR,kam heraus,10,2,çıkıyordu,9,4,TR,DE
2354,Mega,LANG3,Mega,4,2,Mega,4,2,TR/DE,TR/DE
2384,fängt,DE,fängt,5,1,yakalar,7,3,DE,DE
2387,oluyor,TR,es passiert,11,2,oluyor,6,3,TR,DE
2371,Grundschule§yi,MIXED,Grundschule§yi,14,3,Grundschule§yi,14,3,TR/DE,TR/DE
2393,Realschule,DE,Realschule,10,3,ortaokul,8,3,TR,TR/DE
2393,oluyor,TR,es passiert,11,2,oluyor,6,3,TR,DE
2344,hättet,DE,hättet,6,2,olurdu,6,3,TR/DE,DE
2272,Tufanbeyli’de,MIXED,in Tufanbeyli,13,4,Tufanbeyli’de,13,4,TR/DE,TR/DE
2291,bir,TR,Eins,4,1,bir,3,1,TR,TR/DE
2304,Yugoslavya,MIXED,Jugoslawien,11,4,Yugoslavya,10,4,TR,TR/DE
2399,Power,DE,Power,5,2,güç,3,1,TR,TR
2388,vier,DE,vier,4,1,dört,4,1,TR/DE,TR/DE
2413,o,TR,Er,2,1,o,1,1,TR,TR/DE
2400,FM,TR,fm,2,1,FM,2,1,TR/DE,TR/DE
2415,zaten,TR,bereits,7,2,zaten,5,2,TR,TR/DE
2427,yani,TR,Also,4,2,yani,4,2,TR/DE,TR/DE
2408,burada,TR,Hier,4,1,burada,6,3,DE,DE
2415,P.,MIXED,P.,2,1,P.,2,1,TR/DE,TR/DE
2375,vier,TR,vier,4,1,vier,4,1,TR/DE,TR/DE
2412,onlar,TR,ihnen,5,2,onlar,5,2,TR/DE,TR/DE
2439,Mustafa,TR,Mustafa,7,3,Mustafa,7,3,TR/DE,TR/DE
2461,espri,TR,Humor,5,2,espri,5,2,TR/DE,TR/DE
2483,und,DE,und,3,1,Ve,2,1,TR,TR/DE
2372,Realschule§yi,MIXED,Realschule§yi,13,3,Realschule§yi,13,3,TR/DE,TR/DE
2484,ist,DE,ist,3,1,öyle,4,2,DE,DE
2374,Grundschule§ye,MIXED,Grundschule§ja,14,3,Grundschule§ye,14,3,TR/DE,TR/DE
2469,Onur,TR,Ehre,4,2,Onur,4,2,TR/DE,TR/DE
2490,Koray,TR,Koray,5,2,Koray,5,2,TR/DE,TR/DE
2476,İlhan,TR,Ilhan,5,2,İlhan,5,2,TR/DE,TR/DE
2492,unintelligible,DE,unintelligible,14,6,anlaşılmaz,10,4,TR,TR
2429,Dings,DE,Dings,5,1,Dingler,7,2,DE,DE
2492,bile,TR,sogar,5,2,bile,4,2,TR,TR/DE
2493,ey,DE,ey,2,1,Hey,3,1,DE,TR/DE
2489,Party,LANG3,Party,5,2,Parti,5,2,TR/DE,TR/DE
2500,in,DE,in,2,1,içinde,6,3,DE,DE
2489,bekliyordum,TR,Ich habe gewartet,17,4,bekliyordum,11,4,TR,TR/DE
2525,var,TR,Es gibt,7,1,var,3,1,TR,TR/DE
2483,Hilmi,TR,Hilmi,5,2,Hilmi,5,2,TR/DE,TR/DE
2504,man,DE,man,3,1,Adam,4,2,DE,DE
2534,Adana,TR,Adana,5,3,Adana,5,3,TR/DE,TR/DE
2412,FM‘de,MIXED,FM'de,5,1,FM'de,5,1,TR/DE,TR/DE
2538,nee,TR,nee,3,1,nee,3,1,TR/DE,TR/DE
2540,Ayvalık,TR,Ayvalik,7,3,Ayvalık,7,3,TR/DE,TR/DE
2372,Klasse§yi,MIXED,Klasse§yi,9,2,Sınıfşeyi,9,4,TR/DE,DE
2528,da,DE,da,2,1,Orası,5,3,DE,DE
2534,wo,DE,wo,2,1,Neresi,6,3,DE,DE
2545,Bay,LANG3,Bucht,5,1,Koy,3,1,TR,TR/DE
2493,valla,TR,Also,4,2,valla,5,2,DE,TR/DE
2553,İstanbul,TR,Istanbul,8,3,İstanbul,8,3,TR/DE,TR/DE
2555,yapıyor,TR,tun,3,1,yapıyor,7,3,DE,DE
2556,bir,TR,Eins,4,1,bir,3,1,TR,TR/DE
2544,hazırladı,TR,vorbereitet,11,4,hazırladı,9,4,TR,TR/DE
2515,yapıyordu,TR,tat,3,1,yapıyordu,9,4,DE,DE
2570,Ansage,DE,Ansage,6,3,duyuru,6,3,TR/DE,TR/DE
2484,olle,TR,olle,4,2,olle,4,2,TR/DE,TR/DE
2547,olacak,TR,wird sein,9,1,olacak,6,3,TR,DE
2570,von,DE,von,3,1,itibaren,8,4,DE,DE
2572,geliyor,TR,kommt,5,1,geliyor,7,3,DE,DE
2577,Koray,TR,Koray,5,2,Koray,5,2,TR/DE,TR/DE
2557,mag,DE,mag,3,1,beğeniler,9,4,DE,DE
2591,ja,DE,ja,2,1,Evet,4,2,DE,DE
2592,benim,TR,Meins,5,1,benim,5,2,TR/DE,DE
2570,yapılıyor,TR,wird erledigt,13,3,yapılıyor,9,4,TR,DE
2542,Asmalı,TR,Asmali,6,3,Asmalı,6,3,TR/DE,TR/DE
2497,ärmste,TR,ärmste,6,2,ärmste,6,1,TR/DE,TR
2603,yani,TR,Also,4,2,yani,4,2,TR/DE,TR/DE
2536,Ayvalık‘ın,TR,von Ayvalık,11,2,Ayvalık‘ın,10,3,TR,DE
2546,olmayacak,TR,wird nicht passieren,20,3,olmayacak,9,4,TR,DE
2600,bekloppt,DE,bekloppt,8,2,deli,4,2,TR,TR/DE
2611,Erläuterung,DE,Erläuterung,11,4,Açıklama,8,4,TR,TR/DE
2623,fahr,DE,fahr,4,1,sürmek,6,2,DE,DE
2582,Galatasaray,TR,Galatasaray,11,5,Galatasaray,11,5,TR/DE,TR/DE
2630,dolmuş,TR,gefüllt,7,2,dolmuş,6,2,TR,TR/DE
2631,Devrişiye,TR,Streifenpolizist,16,5,Devrişiye,9,4,TR,TR
2632,Ayvalık,TR,Ayvalik,7,3,Ayvalık,7,3,TR/DE,TR/DE
2636,aber,DE,aber,4,2,Ancak,5,2,DE,TR/DE
2637,diyorum,TR,Ich sage,8,2,diyorum,7,3,TR,DE
2642,diyorum,TR,Ich sage,8,2,diyorum,7,3,TR,DE
2569,Square,LANG3,Quadrat,7,2,Kare,4,2,TR,TR/DE
2629,umsteigen,DE,umsteigen,9,3,aktarma,7,3,TR,TR/DE
2629,yapamıyorsun,TR,Du kannst nicht,15,1,yapamıyorsun,12,5,TR,DE
2600,diyor,TR,sagt,4,1,diyor,5,2,DE,DE
2629,kannst,DE,kannst,6,1,olabilmek,9,4,DE,DE
2682,de,TR,Auch,4,1,de,2,1,TR,TR/DE
2685,değil,TR,nicht,5,1,değil,5,2,TR/DE,DE
2643,niye,TR,Warum,5,2,niye,4,2,TR,TR/DE
2691,de,TR,Auch,4,1,de,2,1,TR,TR/DE
2644,Dose,DE,Dose,4,2,olabilmek,9,4,DE,DE
2671,Warum,DE,Warum,5,2,Neden,5,2,TR/DE,TR/DE
2689,lan,TR,Verdammt,8,2,lan,3,1,TR,TR
2647,kalemlik,TR,Federmäppchen,13,4,kalemlik,8,3,TR,TR
2720,lan,TR,Verdammt,8,2,lan,3,1,TR,TR
2762,zaten,TR,bereits,7,2,zaten,5,2,TR,TR/DE
2764,yaptım,TR,Das habe ich getan,18,3,yaptım,6,2,TR,TR
2570,Lautsprecher§lardan,MIXED,Lautsprecher§lardan,19,4,Lautsprecher§lardan,19,4,TR/DE,TR/DE
2761,bas,TR,Kopf,4,1,bas,3,1,TR,TR/DE
2777,lan,TR,Verdammt,8,2,lan,3,1,TR,TR
2777,du,DE,du,2,1,Sen,3,1,DE,TR/DE
2732,kulaklıkları,TR,Kopfhörer,9,3,kulaklıkları,12,5,DE,DE
2778,değil,TR,nicht,5,1,değil,5,2,TR/DE,DE
2673,sözlük,TR,Wörterbuch,10,3,sözlük,6,2,TR,TR
2792,için,TR,für,3,1,için,4,2,DE,DE
2793,du,DE,du,2,1,Sen,3,1,DE,TR/DE
2791,Ey,TR,Artikel,7,3,Ey,2,1,TR,TR
2765,geht's,DE,geht's,6,1,Sorun değil,11,3,DE,DE
2795,kopuk,DE,kopuk,5,2,kopuk,5,2,TR/DE,TR/DE
2796,kopuk,DE,kopuk,5,2,kopuk,5,2,TR/DE,TR/DE
2796,değil,TR,nicht,5,1,değil,5,2,TR/DE,DE
2802,da,TR,In,2,1,da,2,1,TR/DE,TR/DE
2813,değil,TR,nicht,5,1,değil,5,2,TR/DE,DE
2413,FM‘mi,MIXED,FM‘mi,5,1,FM'mi,5,1,TR/DE,TR/DE
2816,en,TR,-am meisten,11,3,en,2,1,TR,TR
2795,olursa,TR,wenn es passiert,16,2,olursa,6,3,TR,DE
2839,her,TR,jede,4,2,her,3,1,TR,TR
2824,Ich,DE,Ich,3,1,BEN,3,1,TR/DE,TR/DE
2844,lan,TR,Verdammt,8,2,lan,3,1,TR,TR
2848,Koray,TR,Koray,5,2,Koray,5,2,TR/DE,TR/DE
2623,Öǧretmen,TR,Lehrer,6,2,Öǧretmen,8,3,DE,DE
2601,nö,TR,NEIN,4,1,nö,2,1,TR,TR/DE
2850,zarar,TR,Schaden,7,2,zarar,5,2,TR,TR/DE
2750,Walkman’imi,MIXED,Walkman’imi,11,3,Walkman'imi,11,3,TR/DE,TR/DE
2862,gerek,TR,notwendig,9,3,gerek,5,2,TR,TR
2850,kablolar,MIXED,Kabel,5,2,kablolar,8,3,DE,DE
2863,lazım,TR,erforderlich,12,4,lazım,5,2,TR,TR
2863,Löt,DE,Löt,3,1,Lehim,5,2,DE,DE
2777,Azi,TR,Azi,3,2,Azi,3,2,TR/DE,TR/DE
2890,mi,TR,Ist es,6,1,mi,2,1,TR,TR/DE
2793,Azi,TR,Azi,3,2,Azi,3,2,TR/DE,TR/DE
2889,bul,TR,finden,6,2,bul,3,1,TR,TR
2903,yani,TR,Also,4,2,yani,4,2,TR/DE,TR/DE
2903,die,DE,die,3,1,the,3,1,TR/DE,TR/DE
2837,Azi,TR,Azi,3,2,Azi,3,2,TR/DE,TR/DE
2906,daha,TR,mehr,4,1,daha,4,2,TR/DE,DE
2859,girişte,TR,am Eingang,10,2,girişte,7,3,TR,DE
2727,Azi,TR,Azi,3,2,Azi,3,2,TR/DE,TR/DE
2889,pense,DE,pense,5,2,düşünce,7,3,DE,DE
2934,hoparlör,DE,hoparlör,8,3,hoparlör,8,3,TR/DE,TR/DE
2934,ters,TR,Gegenteil,9,3,ters,4,1,TR,TR
2891,versem,TR,wenn ich gebe,13,2,versem,6,2,TR,TR/DE
2913,meselesini,TR,das Problem,11,2,meselesini,10,5,TR,DE
2765,yapınca,TR,wenn du es tust,15,1,yapınca,7,3,TR,DE
2844,koparttın,MIXED,Du hast es abgezockt,20,3,koparttın,9,3,TR,TR/DE
2971,Şimdi,TR,Jetzt,5,1,Şimdi,5,2,TR/DE,DE
2970,Mark,DE,Mark,4,1,işaret,6,3,DE,DE
2993,du,DE,du,2,1,Sen,3,1,DE,TR/DE
2993,Azi,TR,Azi,3,2,Azi,3,2,TR/DE,TR/DE
2903,Tesas,TR,Texas,5,2,Tesas,5,2,TR/DE,TR/DE
3011,değil,TR,nicht,5,1,değil,5,2,TR/DE,DE
2981,kokuyor,TR,es riecht,9,1,kokuyor,7,3,TR,DE
3011,Sony,DE,Sony,4,2,sony,4,1,TR/DE,TR
2990,eti,TR,Fleisch,7,1,eti,3,2,TR,DE
3013,Siemens,DE,Siemens,7,2,Siemens,7,2,TR/DE,TR/DE
3019,değil,TR,nicht,5,1,değil,5,2,TR/DE,DE
2970,150-200,TR,150-200,7,2,150-200,7,2,TR/DE,TR/DE
3019,stereo,LANG3,Stereo,6,2,stereo,6,2,TR/DE,TR/DE
2930,çalarken,TR,beim Spielen,12,2,çalarken,8,3,TR,DE
3020,adı,TR,normal,6,2,adı,3,2,TR,TR/DE
2946,kesiyoruz,TR,wir schneiden,13,2,kesiyoruz,9,4,TR,DE
2901,siyahlar,TR,Schwarze,8,2,siyahlar,8,3,TR/DE,DE
2873,Nurullah,TR,Nurullah,8,3,Nurullah,8,3,TR/DE,TR/DE
3051,bu,TR,Das,3,1,bu,2,1,TR,TR/DE
3033,Scheiße,DE,Scheiße,7,2,bok,3,1,TR,TR
3070,bak,TR,sehen,5,1,bak,3,1,TR,TR/DE
3052,tek,TR,nur,3,1,tek,3,1,TR/DE,TR/DE
3099,Sony,DE,Sony,4,2,sony,4,1,TR/DE,TR
3099,mi,TR,Ist es,6,1,mi,2,1,TR,TR/DE
3018,özellik,TR,Besonderheit,12,4,özellik,7,3,TR,TR
3104,mu,TR,Ist es,6,1,mu,2,1,TR,TR/DE
3016,dinleriz,TR,wir hören zu,12,2,dinleriz,8,3,TR,DE
3104,kablo,DE,kablo,5,2,kablo,5,2,TR/DE,TR/DE
3108,var,TR,Es gibt,7,1,var,3,1,TR,TR/DE
3108,kablo,LANG3,Kabel,5,2,kablo,5,2,TR/DE,TR/DE
2954,Siemens’ten,MIXED,Siemens’ten,11,2,Siemens'ten,11,2,TR/DE,TR/DE
3115,versene,TR,Gib mir,7,1,versene,7,3,TR/DE,DE
3025,Munis,TR,Munis,5,2,Munis,5,2,TR/DE,TR/DE
3086,oley,TR,nun ja,6,1,oley,4,2,TR,DE
3119,çakmak,TR,leichter,8,2,çakmak,6,2,TR,TR/DE
3125,kaplı,TR,bedeckt,7,2,kaplı,5,2,TR,TR/DE
3127,yok,TR,NEIN,4,1,yok,3,1,TR,TR/DE
3119,schenken,DE,schenken,8,2,vermek,6,2,TR,TR/DE
3031,yaptın,TR,Du hast es geschafft,20,2,yaptın,6,2,TR,TR/DE
3136,hayvan,TR,Tier,4,1,hayvan,6,2,DE,DE
3146,gitmek,TR,gehen,5,1,gitmek,6,2,DE,DE
3152,yirmi,TR,zwanzig,7,2,yirmi,5,2,TR,TR/DE
3024,kalmıştım,TR,Ich blieb übrig,15,2,kalmıştım,9,3,TR,DE
3158,bist,DE,bist,4,1,öyle,4,2,TR/DE,DE
3160,yirmi,TR,zwanzig,7,2,yirmi,5,2,TR,TR/DE
3160,bist,DE,bist,4,1,öyle,4,2,TR/DE,DE
3163,bu,TR,Das,3,1,bu,2,1,TR,TR/DE
3105,kablo§s,MIXED,kablo§s,7,2,kablolar,8,3,DE,DE
3051,Sonylerde,MIXED,Sonylerde,9,4,Sonylerde,9,3,TR/DE,TR
3167,du,DE,du,2,1,Sen,3,1,DE,TR/DE
3167,Azi,TR,Azi,3,2,Azi,3,2,TR/DE,TR/DE
3052,kabloların,MIXED,von Kabeln,10,2,kabloların,10,4,TR/DE,DE
3167,yaptın,TR,Du hast es geschafft,20,2,yaptın,6,2,TR,TR/DE
3158,halbe,DE,halbe,5,2,yarım,5,2,TR/DE,TR/DE
3194,yani,TR,Also,4,2,yani,4,2,TR/DE,TR/DE
3195,lan,TR,Verdammt,8,2,lan,3,1,TR,TR
3196,ausleihen,DE,ausleihen,9,3,ödünç vermek,12,3,DE,TR/DE
3145,binmek,TR,weiterkommen,12,4,binmek,6,2,TR,TR
3158,höchstensne,MIXED,höchstensne,11,3,en fazla,8,2,TR,TR
3151,Bakırköy’den,TR,aus Bakırköy,12,2,Bakırköy’den,12,3,TR/DE,DE
3208,taktım,TR,Ich habe es angezogen,21,5,taktım,6,2,TR,TR
3115,Tesaband§ı,MIXED,Tesaband§ı,10,3,Tesabandı,9,4,TR,DE
3167,Check,LANG3,Überprüfen,10,4,Kontrol etmek,13,3,DE,TR
3215,yaptım,TR,Das habe ich getan,18,3,yaptım,6,2,TR,TR
3228,lan,TR,Verdammt,8,2,lan,3,1,TR,TR
3233,Koray,TR,Koray,5,2,Koray,5,2,TR/DE,TR/DE
3215,löten,DE,löten,5,2,lehim,5,2,TR/DE,TR/DE
3172,Munis,DE,Munis,5,2,Munis,5,2,TR/DE,TR/DE
3211,neuen,DE,neuen,5,1,yeni,4,2,TR,DE
3242,schenken,DE,schenken,8,2,vermek,6,2,TR,TR/DE
3243,lan,TR,Verdammt,8,2,lan,3,1,TR,TR
3165,gidebiliyorsun,TR,Du kannst gehen,15,1,gidebiliyorsun,14,6,TR,DE
3311,Munis,DE,Munis,5,2,Munis,5,2,TR/DE,TR/DE
3152,E-5'ten,MIXED,E-5,3,2,E-5'ler,7,2,DE,TR/DE
3327,kann,DE,kann,4,1,olabilmek,9,4,DE,DE
3328,Azi,TR,Azi,3,2,Azi,3,2,TR/DE,TR/DE
3330,ne,TR,Was,3,1,ne,2,1,TR,TR/DE
3319,birbirine,TR,gegenseitig,11,4,birbirine,9,4,TR,TR/DE
3344,lan,TR,Verdammt,8,2,lan,3,1,TR,TR
3350,lan,TR,Verdammt,8,2,lan,3,1,TR,TR
3165,E-5'ten,MIXED,E-5,3,2,E-5'ler,7,2,DE,TR/DE
3351,yapıyorum,TR,Ich mache,9,2,yapıyorum,9,4,TR/DE,DE
3356,Munis,DE,Munis,5,2,Munis,5,2,TR/DE,TR/DE
3196,yapsaydım,TR,wenn ich es täte,16,2,yapsaydım,9,3,TR,DE
3235,hikayesini,TR,seine Geschichte,16,4,hikayesini,10,5,TR,DE
3368,neuen,DE,neuen,5,1,yeni,4,2,TR,DE
3249,kazağı,TR,Pullover,8,3,kazağı,6,3,TR,TR/DE
3392,ich,DE,ich,3,1,BEN,3,1,TR/DE,TR/DE
3365,elli,TR,fünfzig,7,2,elli,4,2,TR,TR/DE
3394,dann,DE,dann,4,1,Daha sonra,10,3,DE,DE
3408,kahve,TR,Kaffee,6,2,kahve,5,2,TR,TR/DE
3399,ettim,TR,Das habe ich getan,18,3,ettim,5,2,TR,TR
3242,çekmece,TR,Schublade,9,3,çekmece,7,3,TR,TR/DE
3417,yorgun,TR,müde,4,2,yorgun,6,2,DE,TR/DE
3437,können,DE,können,6,2,olabilmek,9,4,DE,DE
3368,gleichnen,MIXED,gleichnen,9,2,eşit,4,2,TR,TR/DE
3453,welche,DE,welche,6,2,Hangi,5,2,TR,TR/DE
3351,verschenken,MIXED,verschenken,11,3,vermek,6,2,TR,TR
3445,olursun,TR,du wirst sein,13,1,olursun,7,3,TR,DE
3445,AIDS,LANG3,AIDS,4,1,AIDS,4,1,TR/DE,TR/DE
3461,o,TR,Er,2,1,o,1,1,TR,TR/DE
3477,abi,TR,Bruder,6,2,abi,3,2,TR,TR/DE
3482,yani,TR,Also,4,2,yani,4,2,TR/DE,TR/DE
3235,Smoking§in,MIXED,Rauchen§in,10,2,İçeride sigara içmek,20,6,DE,DE
3197,fürne,TR,Ofen,4,2,fürne,5,2,DE,TR/DE
3456,mı,TR,Ist es,6,1,mı,2,1,TR,TR/DE
3485,telefon,TR,Telefon,7,3,telefon,7,3,TR/DE,TR/DE
3452,ab,TR,eu,2,1,ab,2,1,TR/DE,TR/DE
3488,etti,TR,tat,3,1,etti,4,2,DE,DE
3211,mirnen,TR,mirene,6,3,mirnen,6,2,TR/DE,TR
3486,aradığını,TR,was Sie suchen,14,2,aradığını,9,5,TR,DE
3513,bot,LANG3,bot,3,1,bot,3,1,TR/DE,TR/DE
3516,bist,DE,bist,4,1,öyle,4,2,TR/DE,DE
3525,yani,TR,Also,4,2,yani,4,2,TR/DE,TR/DE
3526,her,TR,jede,4,2,her,3,1,TR,TR
3486,İskenderun’u,MIXED,Iskenderun,10,4,İskenderun’u,12,4,DE,TR/DE
3537,ne,TR,Was,3,1,ne,2,1,TR,TR/DE
3550,sitzen,DE,sitzen,6,2,oturmak,7,3,DE,DE
3550,yaptı,TR,tat,3,1,yaptı,5,2,DE,DE
3458,nahes',TR,nahes',6,1,nahes',6,2,TR/DE,DE
3551,yaptı,TR,tat,3,1,yaptı,5,2,DE,DE
3368,Walkman,LANG3,Walkman,7,2,Walkman'im,10,2,DE,TR/DE
3343,Walkman,LANG3,Walkman,7,2,Walkman'im,10,2,DE,TR/DE
3485,İskenderun’a,MIXED,nach Iskenderun,15,4,İskenderun’a,12,4,TR,TR/DE
3456,Hurensohn§a,MIXED,Hurensohn§a,11,3,Hurensohnşa,11,4,TR/DE,DE
3488,Çatalzeytin’e,MIXED,Nach Catalzeytin,16,4,Çatalzeytin’e,13,4,TR,TR/DE
3674,mu,TR,Ist es,6,1,mu,2,1,TR,TR/DE
3617,letzten,DE,letzten,7,2,son,3,1,TR,TR
3681,du,DE,du,2,1,Sen,3,1,DE,TR/DE
3618,er,DE,er,2,1,O,1,1,TR,TR/DE
3681,und,DE,und,3,1,Ve,2,1,TR,TR/DE
3663,klar,DE,klar,4,1,temizlemek,10,4,DE,DE
3664,Tschüß,DE,Tschüß,6,1,Güle güle,9,3,DE,DE
3676,kennst,DE,kennst,6,1,Bilmek,6,2,TR/DE,DE
3686,ne,TR,Was,3,1,ne,2,1,TR,TR/DE
3686,hat,DE,hat,3,1,sahip olmak,11,3,DE,DE
3681,iyilik,TR,Güte,4,2,iyilik,6,3,DE,DE
3664,demek,TR,bedeutet,8,3,demek,5,2,TR,TR
3681,enayilik,TR,Schwimmer,9,2,enayilik,8,4,TR,DE
3703,Scheiße,DE,Scheiße,7,2,bok,3,1,TR,TR
3681,kennen,DE,kennen,6,2,Bilmek,6,2,TR/DE,TR/DE
3706,ab,TR,eu,2,1,ab,2,1,TR/DE,TR/DE
3703,Ne,TR,Was,3,1,Ne,2,1,TR,TR/DE
3703,dedim,TR,Ich sagte,9,2,dedim,5,2,TR,TR/DE
3713,Lebenslauf,DE,Lebenslauf,10,3,Özgeçmiş,8,3,TR,TR/DE
3513,giymen,TR,Du trägst,9,1,giymen,6,2,TR,DE
3715,Lebenslauf,DE,Lebenslauf,10,3,Özgeçmiş,8,3,TR,TR/DE
3719,da,DE,da,2,1,Orası,5,3,DE,DE
3700,Bewerbungsform,MIXED,Bewerbungsform,14,4,Başvuru formu,13,4,TR,TR/DE
3739,weißt,DE,weißt,5,1,Bilmek,6,2,DE,DE
3739,weißt,DE,weißt,5,1,Bilmek,6,2,DE,DE
3743,weißt,DE,weißt,5,1,Bilmek,6,2,DE,DE
3537,Mentoslar,MIXED,Mentoslar,9,3,Mentoslar,9,3,TR/DE,TR/DE
3755,olarak,TR,Aspekt,6,2,olarak,6,3,TR/DE,DE
3551,sitzenbleiben,DE,sitzenbleiben,13,4,oturmak,7,3,TR,TR
3759,için,TR,für,3,1,için,4,2,DE,DE
3738,dershanesi,TR,Klassenzimmer,13,4,dershanesi,10,4,TR,TR/DE
3796,yani,TR,Also,4,2,yani,4,2,TR/DE,TR/DE
3809,ich,DE,ich,3,1,BEN,3,1,TR/DE,TR/DE
3812,du,DE,du,2,1,Sen,3,1,DE,TR/DE
3709,verdi,TR,gab,3,1,verdi,5,2,DE,DE
3719,Hulusi,TR,Hulusi,6,3,Hulusi,6,3,TR/DE,TR/DE
3516,depp,TR,depp,4,1,depp,4,1,TR/DE,TR/DE
3700,doldurdum,TR,Ich habe gefüllt,16,3,doldurdum,9,3,TR,TR/DE
3813,Penner,DE,Penner,6,2,Serseri,7,3,DE,DE
3814,vereyim,TR,lass mich geben,15,2,vereyim,7,3,TR,DE
3815,vereyim,TR,lass mich geben,15,2,vereyim,7,3,TR,DE
3814,kompensan,MIXED,kompensatorisch,15,5,telafi edici,12,5,TR,TR/DE
3831,ne,TR,Was,3,1,ne,2,1,TR,TR/DE
3839,lan,TR,Verdammt,8,2,lan,3,1,TR,TR
3826,Bana,TR,Mir,3,1,Bana,4,2,DE,DE
3684,başvurmuştun,TR,Du hast dich beworben,21,3,başvurmuştun,12,4,TR,DE
3850,yani,TR,Also,4,2,yani,4,2,TR/DE,TR/DE
3850,da,TR,In,2,1,da,2,1,TR/DE,TR/DE
3715,çıkaramadık,TR,wir konnten es nicht herausbekommen,35,6,çıkaramadık,11,5,TR,TR
3852,auch,DE,auch,4,1,Ayrıca,6,3,DE,DE
3852,yani,TR,Also,4,2,yani,4,2,TR/DE,TR/DE
3853,lan,TR,Verdammt,8,2,lan,3,1,TR,TR
3842,başla,TR,Start,5,1,başla,5,2,TR/DE,DE
3854,Mutter,DE,Mutter,6,2,Anne,4,2,TR,TR/DE
3851,çok,TR,Eine Menge,10,3,çok,3,1,TR,TR
3784,Tee,TR,T-Stück,7,2,Tee,3,1,TR,TR
3815,kompensan,MIXED,kompensatorisch,15,5,telafi edici,12,5,TR,TR/DE
3867,yok,TR,NEIN,4,1,yok,3,1,TR,TR/DE
3755,Naschen,DE,Naschen,7,2,Atıştırmalık,12,5,DE,DE
3873,du,DE,du,2,1,Sen,3,1,DE,TR/DE
3873,Azi,TR,Azi,3,2,Azi,3,2,TR/DE,TR/DE
3759,Naschen,DE,Naschen,7,2,Atıştırmalık,12,5,DE,DE
3892,falan,TR,wie,3,1,falan,5,2,DE,DE
3894,und,DE,und,3,1,Ve,2,1,TR,TR/DE
3857,Zehra,TR,Zehra,5,2,Zehra,5,2,TR/DE,TR/DE
3858,Zehra,TR,Zehra,5,2,Zehra,5,2,TR/DE,TR/DE
3830,bulabilirim,TR,Ich kann finden,15,2,bulabilirim,11,5,TR,DE
3899,de,TR,Auch,4,1,de,2,1,TR,TR/DE
3898,M,TR,M.,2,1,M,1,1,TR,TR/DE
3898,tiere,DE,tiere,5,2,hayvanlar,9,3,DE,DE
3900,gemacht,DE,gemacht,7,2,yapılmış,8,3,DE,DE
3830,Rose§lilerden,MIXED,Rose§lilerden,13,4,Güllülerden,11,4,TR,TR/DE
3894,Rod,LANG3,Stange,6,2,Çubuk,5,2,TR,TR/DE
3922,işte,TR,bei der Arbeit,14,2,işte,4,2,TR,TR/DE
3929,diye,TR,Sprichwort,10,2,diye,4,2,TR,TR/DE
3842,Szene§den,MIXED,Szene§den,9,2,Szene§den,9,2,TR/DE,TR/DE
3939,geben,DE,geben,5,2,vermek,6,2,DE,TR/DE
3870,yazmıyorum,TR,Ich schreibe nicht,18,2,yazmıyorum,10,4,TR,DE
3916,veririm,TR,Ich gebe,8,2,veririm,7,3,TR,DE
3859,Zehra,TR,Zehra,5,2,Zehra,5,2,TR/DE,TR/DE
3947,yapıyor,TR,tun,3,1,yapıyor,7,3,DE,DE
3950,yapıyor,TR,tun,3,1,yapıyor,7,3,DE,DE
3856,Zehra,TR,Zehra,5,2,Zehra,5,2,TR/DE,TR/DE
3951,falan,TR,wie,3,1,falan,5,2,DE,DE
3907,Laserdrucker,DE,Laserdrucker,12,4,Lazer yazıcı,12,4,TR/DE,TR/DE
3951,cart,LANG3,Warenkorb,9,3,araba,5,3,TR,TR/DE
3953,Siemens,DE,Siemens,7,2,Siemens,7,2,TR/DE,TR/DE
3900,Umay,TR,Umay,4,2,Umay,4,2,TR/DE,TR/DE
3951,Mann,DE,Mann,4,1,Adam,4,2,TR/DE,DE
3954,böyle,TR,so was,6,1,böyle,5,2,TR,DE
3954,"I""m",DE,"I""m",3,1,içinde,6,3,DE,DE
3947,Vormachen,DE,Vormachen,9,3,Göstermek,9,3,TR/DE,TR/DE
3946,seyrettim,TR,Ich habe zugesehen,18,4,seyrettim,9,3,TR,TR
3954,tam,TR,voll,4,1,tam,3,1,TR,TR/DE
3939,94,TR,94,2,1,94,2,1,TR/DE,TR/DE
3954,bir,TR,Eins,4,1,bir,3,1,TR,TR/DE
3944,Sonie,DE,Sonie,5,2,Sonya,5,2,TR/DE,TR/DE
3892,Sting'le,MIXED,Sting'le,8,1,Sting'le,8,1,TR/DE,TR/DE
3951,Mr.Sonic,LANG3,Herr Sonic,10,2,Bay Sonic,9,2,TR,TR/DE
3977,yani,TR,Also,4,2,yani,4,2,TR/DE,TR/DE
3983,de,TR,Auch,4,1,de,2,1,TR,TR/DE
3983,was,DE,was,3,1,Ne,2,1,TR,TR/DE
4000,ab,TR,eu,2,1,ab,2,1,TR/DE,TR/DE
4007,das,DE,das,3,1,the,3,1,TR/DE,TR/DE
4021,ich,DE,ich,3,1,BEN,3,1,TR/DE,TR/DE
4025,lan,TR,Verdammt,8,2,lan,3,1,TR,TR
4025,Azi,TR,Azi,3,2,Azi,3,2,TR/DE,TR/DE
4029,lan,TR,Verdammt,8,2,lan,3,1,TR,TR
4032,lan,TR,Verdammt,8,2,lan,3,1,TR,TR
4032,Azi,TR,Azi,3,2,Azi,3,2,TR/DE,TR/DE
4034,yapacaksın,TR,Du wirst,8,1,yapacaksın,10,4,DE,DE
3954,Tussi,LANG3,Husten,6,2,Öksürük,7,3,DE,DE
4035,aldım,TR,Ich habe gekauft,16,3,aldım,5,2,TR,TR
4040,nicht,DE,nicht,5,1,Olumsuz,7,3,DE,DE
3958,benzeri,TR,ähnlich,7,2,benzeri,7,3,TR/DE,DE
4047,ne,TR,Was,3,1,ne,2,1,TR,TR/DE
3970,Ja,DE,Ja,2,1,Evet,4,2,DE,DE
4046,yazmışım,TR,Ich habe geschrieben,20,4,yazmışım,8,3,TR,TR
4047,dort,DE,dort,4,1,Orası,5,3,DE,DE
3958,Michael,LANG3,Michael,7,2,Michael,7,2,TR/DE,TR/DE
4048,mu,TR,Ist es,6,1,mu,2,1,TR,TR/DE
4055,lan,TR,Verdammt,8,2,lan,3,1,TR,TR
4048,don't,DE,don't,5,1,yapma,5,2,TR/DE,DE
3954,Mr.Sonic,LANG3,Herr Sonic,10,2,Bay Sonic,9,2,TR,TR/DE
4064,Azi,TR,Azi,3,2,Azi,3,2,TR/DE,TR/DE
3954,bla,LANG3,bla,3,1,falan,5,2,DE,DE
3954,Mr.Conik,DE,Mr.Conik,8,2,Bay Conik,9,2,DE,TR/DE
4048,know,LANG3,wissen,6,2,Bilmek,6,2,TR/DE,TR/DE
3954,Conik,DE,Conik,5,2,Konik,5,2,TR/DE,TR/DE
4056,telefonu,TR,Telefon,7,3,telefonu,8,4,DE,DE
4095,Koray,TR,Koray,5,2,Koray,5,2,TR/DE,TR/DE
3908,Printer'da,MIXED,Drucker'da,10,2,Yazıcıda,8,4,TR,DE
4107,Ich,DE,Ich,3,1,BEN,3,1,TR/DE,TR/DE
4115,lan,TR,Verdammt,8,2,lan,3,1,TR,TR
4085,bayağı,TR,hübsch,6,1,bayağı,6,3,TR/DE,DE
4097,desen,TR,Muster,6,2,desen,5,2,TR,TR/DE
4126,lan,TR,Verdammt,8,2,lan,3,1,TR,TR
4095,My,DE,My,2,1,Benim,5,2,DE,DE
4129,da,TR,In,2,1,da,2,1,TR/DE,TR/DE
4122,dörde,TR,bis vier,8,1,dörde,5,2,TR,DE
4093,name,LANG3,Name,4,2,isim,4,2,TR/DE,TR/DE
4068,Paradise,LANG3,Paradies,8,3,Cennet,6,2,TR,TR
4047,know,LANG3,wissen,6,2,Bilmek,6,2,TR/DE,TR/DE
4146,var,TR,Es gibt,7,1,var,3,1,TR,TR/DE
4136,dergisi,TR,Magazin,7,3,dergisi,7,3,TR/DE,TR/DE
4147,var,TR,Es gibt,7,1,var,3,1,TR,TR/DE
4149,ne,TR,Was,3,1,ne,2,1,TR,TR/DE
4140,ilgili,TR,im Zusammenhang mit,19,4,ilgili,6,3,TR,TR
4154,var,TR,Es gibt,7,1,var,3,1,TR,TR/DE
4155,diyorum,TR,Ich sage,8,2,diyorum,7,3,TR,DE
4160,ich,DE,ich,3,1,BEN,3,1,TR/DE,TR/DE
4147,to,LANG3,Zu,2,1,ile,3,2,DE,DE
4143,shy,DE,shy,3,1,utangaç,7,3,DE,DE
4174,jede,DE,jede,4,2,Her,3,1,TR,TR
4035,Umay’dan,MIXED,Umay'dan,8,2,Umay'dan,8,2,TR/DE,TR/DE
4056,Arenanın,MIXED,der Arena,9,3,arenanın,8,4,TR,DE
4178,yapacaksın,TR,Du wirst,8,1,yapacaksın,10,4,DE,DE
4181,bulaşık,TR,Abwaschen,9,3,bulaşık,7,3,TR,TR/DE
4174,gidiyordum,TR,Ich wollte gehen,16,2,gidiyordum,10,4,TR,DE
4183,und,DE,und,3,1,Ve,2,1,TR,TR/DE
4084,friend,TR,Freund,6,1,friend,6,1,TR/DE,TR/DE
4177,im,DE,im,2,1,içinde,6,3,DE,DE
4143,alive,TR,lebendig,8,3,alive,5,3,TR,TR/DE
4187,yakın,TR,schließen,9,2,yakın,5,2,TR,TR/DE
4183,yaparsın,TR,du tust,7,1,yaparsın,8,3,DE,DE
4185,ezmek,TR,zerquetschen,12,3,ezmek,5,2,TR,TR
4193,oldu,TR,passiert,8,2,oldu,4,2,TR,TR/DE
4194,benim,TR,Meins,5,1,benim,5,2,TR/DE,DE
4184,grösser,DE,grösser,7,2,daha büyük,10,3,DE,DE
4189,nur,DE,nur,3,1,sadece,6,3,DE,DE
4211,biz,TR,Wir,3,1,biz,3,1,TR/DE,TR/DE
4213,var,TR,Es gibt,7,1,var,3,1,TR,TR/DE
4221,oluyor,TR,es passiert,11,2,oluyor,6,3,TR,DE
4154,Heaves,LANG3,Hebt,4,1,Yükselmeler,11,4,DE,DE
4172,kayın§sohn,MIXED,kayın§sohn,10,1,kayın§sohn,10,2,TR/DE,DE
4193,gebrochen,DE,gebrochen,9,3,kırık,5,2,TR,TR
4124,buçukta,TR,um halb drei,12,1,buçukta,7,3,TR,DE
4247,Eis,DE,Eis,3,1,Buz,3,1,TR/DE,TR/DE
4174,Hollanda’ya,MIXED,in die Niederlande,18,4,Hollanda’ya,11,3,TR,TR
4247,alın,TR,Stirn,5,1,alın,4,2,TR,DE
4246,gideceğiz,TR,wir werden gehen,16,2,gideceğiz,9,4,TR,DE
4249,Eis,DE,Eis,3,1,Buz,3,1,TR/DE,TR/DE
4249,alır,TR,dauert,6,1,alır,4,2,TR,DE
4248,gideriz,TR,wir gehen,9,1,gideriz,7,3,TR,DE
4211,Orçun’la,MIXED,mit Orçun,9,2,Orçun’la,8,2,TR,TR/DE
4213,Orçun,MIXED,Orçun,5,2,Orçun,5,2,TR/DE,TR/DE
4247,gelirsiniz,TR,Du kommst,9,1,gelirsiniz,10,4,DE,DE
4265,yapıyor,TR,tun,3,1,yapıyor,7,3,DE,DE
4258,öğrendin,TR,Du hast gelernt,15,2,öğrendin,8,3,TR,DE
4264,Cafe,DE,Cafe,4,2,kafe,4,2,TR/DE,TR/DE
4271,yapıyor,TR,tun,3,1,yapıyor,7,3,DE,DE
4129,Mahnttan,MIXED,Mahnttan,8,2,Mahnttan,8,2,TR/DE,TR/DE
4188,komm§iyorum,MIXED,komm§iyorum,11,2,kommşiyorum,11,4,TR/DE,DE
4260,Levi's,LANG3,Levi's,6,2,Levi's,6,2,TR/DE,TR/DE
4373,de,TR,Auch,4,1,de,2,1,TR,TR/DE
4271,passen,DE,passen,6,2,yerleştirmek,12,4,DE,DE
4394,elli,TR,fünfzig,7,2,elli,4,2,TR,TR/DE
4330,yap,TR,Tun,3,1,yap,3,1,TR/DE,TR/DE
4394,dükkan,TR,Geschäft,8,2,dükkan,6,2,TR,TR/DE
4367,yeşil,TR,Grün,4,1,yeşil,5,2,DE,DE
4395,gekauft,DE,gekauft,7,2,satın alınmış,13,4,DE,DE
4269,Orçun,TR,Orçun,5,2,Orçun,5,2,TR/DE,TR/DE
4402,mu,TR,Ist es,6,1,mu,2,1,TR,TR/DE
4395,Pudding,LANG3,Pudding,7,2,Puding,6,2,TR,TR/DE
4407,şey,TR,Ding,4,1,şey,3,1,TR,TR/DE
4397,Pudding,LANG3,Pudding,7,2,Puding,6,2,TR,TR/DE
4397,siyah,TR,Schwarz,7,1,siyah,5,2,TR,DE
4262,Benetton,TR,Benetton,8,3,Benetton,8,3,TR/DE,TR/DE
4414,ne,TR,Was,3,1,ne,2,1,TR,TR/DE
4415,böyle,TR,so was,6,1,böyle,5,2,TR,DE
4411,mit,DE,mit,3,1,ile,3,2,TR/DE,DE
4411,Karamel,TR,Karamell,8,3,Karamel,7,3,TR,TR/DE
4417,gibts,DE,gibts,5,1,orada,5,3,TR/DE,DE
4438,das,DE,das,3,1,the,3,1,TR/DE,TR/DE
4247,Stadt§tan,MIXED,Stadt§tan,9,1,Şehirstan,9,3,TR/DE,DE
4246,Stadt§tan,MIXED,Stadt§tan,9,1,Şehirstan,9,3,TR/DE,DE
4248,Stadt§tan,MIXED,Stadt§tan,9,1,Şehirstan,9,3,TR/DE,DE
4445,in,DE,in,2,1,içinde,6,3,DE,DE
4412,Karamel,TR,Karamell,8,3,Karamel,7,3,TR,TR/DE
4422,gibts,DE,gibts,5,1,orada,5,3,TR/DE,DE
4423,würdest,DE,würdest,7,2,istemek,7,3,TR/DE,DE
4447,fosfor,TR,Phosphor,8,2,fosfor,6,2,TR,TR/DE
4438,Puff,DE,Puff,4,1,puf,3,1,TR,TR/DE
4452,oder,DE,oder,4,2,veya,4,2,TR/DE,TR/DE
4438,diyorlar,TR,sagen sie,9,2,diyorlar,8,3,TR,DE
4456,gibt,DE,gibt,4,1,verir,5,2,DE,DE
4449,Mc,LANG3,Mc,2,1,Mc,2,1,TR/DE,TR/DE
4461,und,DE,und,3,1,Ve,2,1,TR,TR/DE
4451,epey,TR,ganz,4,1,epey,4,2,TR/DE,DE
4394,gekauft,DE,gekauft,7,2,satın alınmış,13,4,DE,DE
4461,Migros,TR,Migros,6,2,Migros,6,2,TR/DE,TR/DE
4467,ne,TR,Was,3,1,ne,2,1,TR,TR/DE
4469,bilmem,TR,Ich weiß nicht,14,1,bilmem,6,2,TR,DE
4471,mı,TR,Ist es,6,1,mı,2,1,TR,TR/DE
4451,Mc,LANG3,Mc,2,1,Mc,2,1,TR/DE,TR/DE
4471,mı,TR,Ist es,6,1,mı,2,1,TR,TR/DE
4472,Mc,LANG3,Mc,2,1,Mc,2,1,TR/DE,TR/DE
4480,gibt,DE,gibt,4,1,verir,5,2,DE,DE
4481,kennst,DE,kennst,6,1,Bilmek,6,2,TR/DE,DE
4407,Einkaufen§da,MIXED,Einkaufen§da,12,3,Einkaufen§da,12,3,TR/DE,TR/DE
4373,Wetter§e,MIXED,Wetter§e,8,2,Wetter§e,8,2,TR/DE,TR/DE
4483,aber,DE,aber,4,2,Ancak,5,2,DE,TR/DE
4488,da,TR,In,2,1,da,2,1,TR/DE,TR/DE
4491,yapıyorsunuz,TR,Du tust,7,1,yapıyorsunuz,12,5,DE,DE
4505,ne,TR,Was,3,1,ne,2,1,TR,TR/DE
4513,yani,TR,Also,4,2,yani,4,2,TR/DE,TR/DE
4515,Murat,TR,murat,5,2,Murat,5,2,TR/DE,TR/DE
4531,Murat,TR,murat,5,2,Murat,5,2,TR/DE,TR/DE
4557,vier,TR,vier,4,1,vier,4,1,TR/DE,TR/DE
4558,ne,TR,Was,3,1,ne,2,1,TR,TR/DE
4465,hamburgerin,MIXED,hamburgerin,11,4,hamburger,9,3,TR,TR
4560,vier,DE,vier,4,1,dört,4,1,TR/DE,TR/DE
4465,arasına,TR,zwischen,8,2,arasına,7,4,TR,DE
4562,vier,DE,vier,4,1,dört,4,1,TR/DE,TR/DE
4561,birden,TR,plötzlich,9,2,birden,6,2,TR,TR/DE
4570,ne,TR,Was,3,1,ne,2,1,TR,TR/DE
4558,drei,DE,drei,4,1,üç,2,1,TR,TR/DE
4563,den,TR,aus,3,1,den,3,1,TR/DE,TR/DE
4577,und,DE,und,3,1,Ve,2,1,TR,TR/DE
4577,kurallı,TR,regulär,7,3,kurallı,7,3,TR/DE,TR/DE
4483,D.,TR,D.,2,1,D.,2,1,TR/DE,TR/DE
4570,Umwandlung,DE,Umwandlung,10,3,dönüşüm,7,3,TR,TR/DE
4444,Pommes,TR,Pommes,6,2,Pommes,6,2,TR/DE,TR/DE
4458,D,TR,D.,2,1,D,1,1,TR,TR/DE
4634,ne,TR,Was,3,1,ne,2,1,TR,TR/DE
4634,haben,DE,haben,5,2,sahip olmak,11,3,DE,DE
4639,ne,TR,Was,3,1,ne,2,1,TR,TR/DE
4579,kuralsız,TR,irregulär,9,4,kuralsız,8,3,TR,TR
4599,Cemal,TR,Jamal,5,2,Cemal,5,2,TR/DE,TR/DE
4664,Murat,TR,murat,5,2,Murat,5,2,TR/DE,TR/DE
4624,Bilder,DE,Bilder,6,2,Resimler,8,3,DE,DE
4577,kuralsız,TR,irregulär,9,4,kuralsız,8,3,TR,TR
4672,bisschen,DE,bisschen,8,2,biraz,5,2,TR,TR/DE
4664,schon,DE,schon,5,1,çoktan,6,2,DE,DE
4580,Verbform,DE,Verbform,8,2,fiil formu,10,2,DE,TR/DE
4674,Ferien,DE,Ferien,6,2,Tatiller,8,3,DE,DE
4694,falan,TR,wie,3,1,falan,5,2,DE,DE
4712,ganz,DE,ganz,4,1,epeyce,6,3,DE,DE
4712,yani,TR,Also,4,2,yani,4,2,TR/DE,TR/DE
4675,Ferien,DE,Ferien,6,2,Tatiller,8,3,DE,DE
4736,Cemal,TR,Jamal,5,2,Cemal,5,2,TR/DE,TR/DE
4748,yani,TR,Also,4,2,yani,4,2,TR/DE,TR/DE
4756,yani,TR,Also,4,2,yani,4,2,TR/DE,TR/DE
4471,Blaubart,DE,Blaubart,8,2,Mavi Sakal,10,3,DE,DE
4483,Mc.,LANG3,Mc.,3,1,Mc.,3,1,TR/DE,TR/DE
4452,Fischmac,MIXED,Fischmac,8,2,Balık makarna,13,4,DE,DE
4462,Fichmac,TR,fichmac,7,2,Fichmac,7,2,TR/DE,TR/DE
4715,ey',TR,Artikel',8,3,ey',3,1,TR,TR
4811,hab',DE,hab',4,1,sahip olmak',12,3,DE,DE
4770,torun,TR,Enkel,5,2,torun,5,2,TR/DE,TR/DE
4832,und,DE,und,3,1,Ve,2,1,TR,TR/DE
4843,yani,TR,Also,4,2,yani,4,2,TR/DE,TR/DE
4850,yani,TR,Also,4,2,yani,4,2,TR/DE,TR/DE
4866,das,DE,das,3,1,the,3,1,TR/DE,TR/DE
4871,D.,TR,D.,2,1,D.,2,1,TR/DE,TR/DE
4819,Kinder,DE,Kinder,6,2,Çocuklar,8,3,DE,DE
4875,nen,TR,nen,3,1,nen,3,1,TR/DE,TR/DE
4832,heyecanlı,TR,aufgeregt,9,3,heyecanlı,9,4,TR/DE,DE
4788,tanımak,TR,zu erkennen,11,3,tanımak,7,3,TR,TR/DE
4757,işten,TR,von der Arbeit,14,2,işten,5,2,TR,TR/DE
4878,kira,TR,mieten,6,2,kira,4,2,TR,TR/DE
4675,Oster,TR,Oster,5,2,Oster,5,2,TR/DE,TR/DE
4674,Oster,TR,Oster,5,2,Oster,5,2,TR/DE,TR/DE
4875,festen,DE,festen,6,2,sabit,5,2,TR,TR/DE
4890,yani,TR,Also,4,2,yani,4,2,TR/DE,TR/DE
4871,mußt,DE,mußt,4,1,mutlak,6,2,DE,DE
4891,dediğim,TR,was ich gesagt habe,19,3,dediğim,7,3,TR,TR/DE
4892,und,DE,und,3,1,Ve,2,1,TR,TR/DE
4892,falan,TR,wie,3,1,falan,5,2,DE,DE
4816,gib',DE,gib',4,1,vermek,6,2,DE,DE
4889,durch,DE,durch,5,1,başından sonuna kadar,21,6,DE,DE
4891,Freund,DE,Freund,6,1,Arkadaş,7,3,DE,DE
4893,falan,TR,wie,3,1,falan,5,2,DE,DE
4893,Türkiye,TR,Türkei,6,2,Türkiye,7,3,DE,DE
4901,yani,TR,Also,4,2,yani,4,2,TR/DE,TR/DE
4901,für,DE,für,3,1,için,4,2,DE,DE
4903,benim,TR,Meins,5,1,benim,5,2,TR/DE,DE
4904,ich,DE,ich,3,1,BEN,3,1,TR/DE,TR/DE
4893,geldi,TR,kam,3,1,geldi,5,2,DE,DE
4904,oldu,TR,passiert,8,2,oldu,4,2,TR,TR/DE
4906,dediğin,TR,was du gesagt hast,18,2,dediğin,7,3,TR,DE
4914,yani,TR,Also,4,2,yani,4,2,TR/DE,TR/DE
4878,Milyon,DE,Milyon,6,2,Milyon,6,2,TR/DE,TR/DE
4643,bavuls,MIXED,bavul,5,2,bavul,5,2,TR/DE,TR/DE
4643,bavuls,MIXED,bavul,5,2,bavul,5,2,TR/DE,TR/DE
4925,yapardı,TR,würde tun,9,2,yapardı,7,3,TR,DE
4928,yapıp,TR,Tun,3,1,yapıp,5,2,DE,DE
4953,daha,TR,mehr,4,1,daha,4,2,TR/DE,DE
4884,der,TR,sagt,4,1,der,3,1,TR,TR/DE
4959,geldim,TR,Ich bin hier,12,1,geldim,6,2,TR,DE
4973,ne,TR,Was,3,1,ne,2,1,TR,TR/DE
4973,Idee,DE,Idee,4,2,fikir,5,2,DE,TR/DE
4975,Gökçeada,TR,Gokceada,8,3,Gökçeada,8,3,TR/DE,TR/DE
4889,ihn,TR,ihn,3,1,ihn,3,1,TR/DE,TR/DE
4977,nicht,DE,nicht,5,1,Olumsuz,7,3,DE,DE
4977,yani,TR,Also,4,2,yani,4,2,TR/DE,TR/DE
4977,falan,TR,wie,3,1,falan,5,2,DE,DE
4985,bir,TR,Eins,4,1,bir,3,1,TR,TR/DE
4988,oder,DE,oder,4,2,veya,4,2,TR/DE,TR/DE
5002,Cemal,TR,Jamal,5,2,Cemal,5,2,TR/DE,TR/DE
5005,yani,TR,Also,4,2,yani,4,2,TR/DE,TR/DE
5013,Cemal,TR,Jamal,5,2,Cemal,5,2,TR/DE,TR/DE
5018,böyle,TR,so was,6,1,böyle,5,2,TR,DE
5032,falan,TR,wie,3,1,falan,5,2,DE,DE
4879,Korrespondent§i,MIXED,Korrespondent§i,15,4,Muhabir§i,9,3,TR,TR
4893,Korrespondent§i,MIXED,Korrespondent§i,15,4,Muhabir§i,9,3,TR,TR
5042,olacak,TR,wird sein,9,1,olacak,6,3,TR,DE
5050,das,DE,das,3,1,the,3,1,TR/DE,TR/DE
5053,bile,TR,sogar,5,2,bile,4,2,TR,TR/DE
4904,Diplom-Ingenieur,DE,Diplom-Ingenieur,16,5,Lisansüstü mühendis,19,6,DE,DE
4928,Breakdance,MIXED,Breakdance,10,3,Break dansı,11,2,DE,TR
4953,Deutschland§a,MIXED,Deutschland§a,13,2,Deutschland§a,13,2,TR/DE,TR/DE
5069,oluyor,TR,es passiert,11,2,oluyor,6,3,TR,DE
5075,da,DE,da,2,1,Orası,5,3,DE,DE
5081,yani,TR,Also,4,2,yani,4,2,TR/DE,TR/DE
4925,Breakdance,MIXED,Breakdance,10,3,Break dansı,11,2,DE,TR
5058,yatılı,TR,Einsteigen,10,3,yatılı,6,3,TR,TR/DE
5104,falan,TR,wie,3,1,falan,5,2,DE,DE
5109,was,DE,was,3,1,Ne,2,1,TR,TR/DE
5042,alles,DE,alles,5,2,her şey,7,1,DE,TR
5128,du,DE,du,2,1,Sen,3,1,DE,TR/DE
5129,die,DE,die,3,1,the,3,1,TR/DE,TR/DE
5130,und,DE,und,3,1,Ve,2,1,TR,TR/DE
5130,yani,TR,Also,4,2,yani,4,2,TR/DE,TR/DE
5059,Kaçta,TR,Wie viel Uhr?,13,1,Kaçta,5,2,TR,DE
5131,yani,TR,Also,4,2,yani,4,2,TR/DE,TR/DE
5133,ama,TR,Aber,4,2,ama,3,2,TR,TR/DE
5084,hast,DE,hast,4,1,sahip olmak,11,3,DE,DE
5138,gibi,TR,wie,3,1,gibi,4,2,DE,DE
5084,hani,TR,Wo,2,1,hani,4,2,DE,DE
5131,nach,DE,nach,4,1,sonrasında,10,4,DE,DE
5110,dolaş,TR,herumwandern,12,4,dolaş,5,2,TR,TR
5171,mit,DE,mit,3,1,ile,3,2,TR/DE,DE
5135,kesinlikle,TR,Definitiv,9,4,kesinlikle,10,4,DE,TR/DE
5176,oluyor,TR,es passiert,11,2,oluyor,6,3,TR,DE
5151,TR,DE,TR,2,1,TR,2,1,TR/DE,TR/DE
5176,oluyor,TR,es passiert,11,2,oluyor,6,3,TR,DE
5053,uzunlamasına,TR,längs,5,1,uzunlamasına,12,6,DE,DE
5178,Roboter,DE,Roboter,7,3,robot,5,2,TR,TR
4959,92'de,MIXED,92' von,7,1,92'lik,6,1,TR,TR/DE
5034,Beyoğlu,TR,Beyoglu,7,2,Beyoğlu,7,3,TR/DE,DE
5176,materialisiert,DE,materialisiert,14,5,maddeleşmiş,11,4,TR,TR
5163,alsın,TR,Nimm es,7,1,alsın,5,2,TR,DE
5183,kirk,TR,vierzig,7,2,kirk,4,1,TR,TR
5183,mäßig,DE,mäßig,5,2,ılıman,6,3,DE,DE
5188,falan,TR,wie,3,1,falan,5,2,DE,DE
5185,benziyor,TR,sieht aus wie,13,1,benziyor,8,3,TR,DE
5190,weißt,DE,weißt,5,1,Bilmek,6,2,DE,DE
5183,Action,LANG3,Aktion,6,2,Aksiyon,7,3,DE,DE
4977,Gökçeada’ya,TR,nach Gökçeada,13,3,Gökçeada’ya,11,3,TR,TR/DE
5204,ya,TR,entweder,8,3,ya,2,1,TR,TR
5176,materialisiert,DE,materialisiert,14,5,maddeleşmiş,11,4,TR,TR
4893,ARDnin,MIXED,ARDn,4,1,ARDn,4,1,TR/DE,TR/DE
5224,ne,TR,Was,3,1,ne,2,1,TR,TR/DE
5229,yani,TR,Also,4,2,yani,4,2,TR/DE,TR/DE
5230,ne,TR,Was,3,1,ne,2,1,TR,TR/DE
5190,dramen,TR,Drama,5,2,dramen,6,2,DE,TR/DE
5234,var,TR,Es gibt,7,1,var,3,1,TR,TR/DE
5193,voll,DE,voll,4,1,tam dolu,8,2,DE,DE
5206,yapıyorsun,TR,Du tust,7,1,yapıyorsun,10,4,DE,DE
5239,der,DE,der,3,1,the,3,1,TR/DE,TR/DE
5235,meinen,DE,meinen,6,2,Anlam,5,2,TR,TR/DE
5185,Dallas'a,MIXED,Dallas,6,2,Dallas'a,8,2,DE,TR/DE
5264,kör,TR,blind,5,1,kör,3,1,TR,TR/DE
5266,falan,TR,wie,3,1,falan,5,2,DE,DE
5257,sein,DE,sein,4,1,olmak,5,2,DE,DE
5171,Beyker,TR,Beyker,6,2,Beyker,6,2,TR/DE,TR/DE
5235,bakıyor,TR,suchen,6,2,bakıyor,7,3,DE,DE
5188,Dallas,LANG3,Dallas,6,2,dallas,6,2,TR/DE,TR/DE
5270,ne,TR,Was,3,1,ne,2,1,TR,TR/DE
5270,Kassette,DE,Kassette,8,3,kaset,5,2,TR,TR
5272,und,DE,und,3,1,Ve,2,1,TR,TR/DE
5182,derne,TR,zum Verein,10,2,derne,5,2,TR,TR/DE
5206,einprogrammieren,DE,einprogrammieren,16,5,programda,9,3,TR,TR
5234,Gitter,DE,Gitter,6,2,Izgara,6,3,TR/DE,DE
5274,de,TR,Auch,4,1,de,2,1,TR,TR/DE
5268,gösteriyor,TR,zeigt,5,1,gösteriyor,10,4,DE,DE
5274,Kelly,LANG3,Kelly,5,2,Kelly'nin,9,1,DE,TR
5285,oynuyor,TR,spielen,7,2,oynuyor,7,3,TR/DE,DE
5291,Kelly,LANG3,Kelly,5,2,Kelly'nin,9,1,DE,TR
5291,dedi,TR,sagte er,8,2,dedi,4,2,TR,TR/DE
5292,falan,TR,wie,3,1,falan,5,2,DE,DE
5298,auch,DE,auch,4,1,Ayrıca,6,3,DE,DE
5305,Kelly,LANG3,Kelly,5,2,Kelly'nin,9,1,DE,TR
5268,Kelly,LANG3,Kelly,5,2,Kelly'nin,9,1,DE,TR
5203,Holeceks,TR,Holeceks,8,3,Holeceks,8,3,TR/DE,TR/DE
5311,diyor,TR,sagt,4,1,diyor,5,2,DE,DE
5272,Kelly,LANG3,Kelly,5,2,Kelly'nin,9,1,DE,TR
5314,ist,DE,ist,3,1,öyle,4,2,DE,DE
5267,Kelly,TR,Kelly,5,2,Kelly,5,1,TR/DE,TR
5319,böyle,TR,so was,6,1,böyle,5,2,TR,DE
5320,da,TR,In,2,1,da,2,1,TR/DE,TR/DE
5247,saudumm,TR,Saudum,6,2,saudumm,7,2,DE,TR/DE
5274,Kelly,LANG3,Kelly,5,2,Kelly'nin,9,1,DE,TR
5331,ist,DE,ist,3,1,öyle,4,2,DE,DE
5314,Amerika,TR,Amerika,7,4,Amerika,7,4,TR/DE,TR/DE
5334,çıkıyor,TR,stellt sich heraus,18,2,çıkıyor,7,3,TR,DE
5315,çocukların,TR,von Kindern,11,2,çocukların,10,4,TR,DE
5340,yani,TR,Also,4,2,yani,4,2,TR/DE,TR/DE
5342,diye,TR,Sprichwort,10,2,diye,4,2,TR,TR/DE
5343,mi,TR,Ist es,6,1,mi,2,1,TR,TR/DE
5344,gibi,TR,wie,3,1,gibi,4,2,DE,DE
5340,jetzt,DE,jetzt,5,1,Şimdi,5,2,TR/DE,DE
5347,aynısı,TR,das gleiche,11,2,aynısı,6,3,TR,DE
5268,Kelly'i,MIXED,Kelly'i,7,2,Kelly'i,7,1,TR/DE,TR
5321,gösteriyorlar,TR,sie zeigen,10,2,gösteriyorlar,13,5,DE,DE
5274,Kelly'den,MIXED,Kelly'den,9,2,Kelly'den,9,1,TR/DE,TR
5311,Beavis,DE,Beavis,6,2,Beavis,6,2,TR/DE,TR/DE
5350,çok,TR,Eine Menge,10,3,çok,3,1,TR,TR
5334,M-TV,DE,M-TV,4,2,MTV,3,1,TR,TR
5350,falan,TR,wie,3,1,falan,5,2,DE,DE
5350,falan,TR,wie,3,1,falan,5,2,DE,DE
5305,Beavis,LANG3,Beavis,6,2,Beavis,6,2,TR/DE,TR/DE
5348,yapmıyorlar,TR,das tun sie nicht,17,1,yapmıyorlar,11,4,TR,DE
5348,Hard,LANG3,Hart,4,1,Zor,3,1,TR,TR/DE
5359,dann,DE,dann,4,1,Daha sonra,10,3,DE,DE
5348,sevmediğim,TR,Ich mag es nicht,16,1,sevmediğim,10,4,TR,DE
5365,çıktı,TR,Ausgabe,7,3,çıktı,5,2,TR,TR
5365,daha,TR,mehr,4,1,daha,4,2,TR/DE,DE
5350,Hard,LANG3,Hart,4,1,Zor,3,1,TR,TR/DE
5351,yayın,TR,Rundfunk,8,2,yayın,5,2,TR,TR/DE
5372,weißt,DE,weißt,5,1,Bilmek,6,2,DE,DE
5379,Hollanda’ya,MIXED,in die Niederlande,18,4,Hollanda’ya,11,3,TR,TR
5361,güzel,TR,Schön,5,1,güzel,5,2,TR/DE,DE
5371,hep,TR,stets,5,1,hep,3,1,TR,TR/DE
5379,M-TV,DE,M-TV,4,2,MTV,3,1,TR,TR
5379,çıktı,TR,Ausgabe,7,3,çıktı,5,2,TR,TR
5351,sagst,DE,sagst,5,1,söylemek,8,3,DE,DE
5321,Werbung§u,MIXED,Werbung§u,9,2,Werbung§u,9,2,TR/DE,TR/DE
5285,18.40'da,MIXED,18.40 Uhr,9,1,18.40'da,8,1,TR,TR/DE
5380,mesela,TR,Zum Beispiel,12,2,mesela,6,3,TR,DE
5383,çek,TR,tschechisch,11,2,çek,3,1,TR,TR
5386,var,TR,Es gibt,7,1,var,3,1,TR,TR/DE
5347,Viva’da,MIXED,Viva'da,7,2,Yaşasın,7,3,TR/DE,DE
5387,Alf,DE,Alf,3,1,Alf,3,1,TR/DE,TR/DE
5387,so,DE,so,2,1,Bu yüzden,9,2,DE,DE
5348,Rock'u,MIXED,Rock'u,6,1,Rock'u,6,1,TR/DE,TR/DE
5383,Alf,DE,Alf,3,1,Alf,3,1,TR/DE,TR/DE
5380,Alf-Alf,DE,Alf-Alf,7,2,Alf-Alf,7,2,TR/DE,TR/DE
5398,ne,TR,Was,3,1,ne,2,1,TR,TR/DE
5379,gittiği,TR,ging zu,7,1,gittiği,7,3,TR/DE,DE
5401,çok,TR,Eine Menge,10,3,çok,3,1,TR,TR
5402,Dallas,LANG3,Dallas,6,2,dallas,6,2,TR/DE,TR/DE
5386,Alf,DE,Alf,3,1,Alf,3,1,TR/DE,TR/DE
5404,Dallas,LANG3,Dallas,6,2,dallas,6,2,TR/DE,TR/DE
5404,war,DE,war,3,1,öyleydi,7,3,DE,DE
5404,yani,TR,Also,4,2,yani,4,2,TR/DE,TR/DE
5351,çıktığında,TR,wenn es herauskommt,19,3,çıktığında,10,4,TR,DE
5411,Dallas,LANG3,Dallas,6,2,dallas,6,2,TR/DE,TR/DE
5379,yapıyorlardı,TR,sie taten es,12,2,yapıyorlardı,12,5,TR/DE,DE
5398,Zeitschrift,DE,Zeitschrift,11,2,dergi,5,2,TR,TR/DE
5402,Schule,DE,Schule,6,2,Okul,4,2,TR,TR/DE
5415,ist,DE,ist,3,1,öyle,4,2,DE,DE
5396,Dinosaurier,DE,Dinosaurier,11,4,dinozor,7,3,TR,TR
5390,filmi,TR,Film,4,1,filmi,5,2,DE,DE
5433,vardı,TR,es gab,6,1,vardı,5,2,TR,DE
5396,devri,TR,überweisen,10,4,devri,5,2,TR,TR
5433,sarışın,TR,blond,5,1,sarışın,7,3,DE,DE
5371,Claundia'gil,MIXED,Claundia'gil,12,2,Claundia'gil,12,2,TR/DE,TR/DE
5417,Rüzgarı,MIXED,Wind,4,1,Rüzgarı,7,3,DE,DE
5434,çok,TR,Eine Menge,10,3,çok,3,1,TR,TR
5411,dükkanları,TR,Geschäfte,9,3,dükkanları,10,4,DE,DE
5406,defterleri,TR,Notizbücher,11,4,defterleri,10,4,TR,TR/DE
5416,Rüzgarı,MIXED,Wind,4,1,Rüzgarı,7,3,DE,DE
5435,nine,TR,Oma,3,2,nine,4,2,DE,TR/DE
5434,Al,LANG3,Al,2,1,Al,2,1,TR/DE,TR/DE
5438,Al,LANG3,Al,2,1,Al,2,1,TR/DE,TR/DE
5447,ben,TR,ICH,3,1,ben,3,1,TR/DE,TR/DE
5447,Al,LANG3,Al,2,1,Al,2,1,TR/DE,TR/DE
5465,falan,TR,wie,3,1,falan,5,2,DE,DE
5466,ne,TR,Was,3,1,ne,2,1,TR,TR/DE
5453,Kelly,DE,Kelly,5,2,Kelly'nin,9,1,DE,TR
5466,andere,DE,andere,6,3,diğer,5,2,TR,TR
5479,n,TR,N,1,1,n,1,1,TR/DE,TR/DE
5387,resimleri,TR,Bilder,6,2,resimleri,9,4,DE,DE
5434,tutuluyor,TR,wird abgehalten,15,3,tutuluyor,9,4,TR,DE
5480,the,DE,the,3,1,the,3,1,TR/DE,TR/DE
5486,n,TR,N,1,1,n,1,1,TR/DE,TR/DE
5479,Schwarzer,DE,Schwarzer,9,2,Siyah,5,2,TR,TR/DE
5483,Film,DE,Film,4,1,film,4,1,TR/DE,TR/DE
5489,var,TR,Es gibt,7,1,var,3,1,TR,TR/DE
5415,Startrack,LANG3,Startrack,9,2,Startrack,9,2,TR/DE,TR/DE
5412,Startrack,LANG3,Startrack,9,2,Startrack,9,2,TR/DE,TR/DE
5493,mı,TR,Ist es,6,1,mı,2,1,TR,TR/DE
5493,mi,TR,Ist es,6,1,mi,2,1,TR,TR/DE
5493,mu,TR,Ist es,6,1,mu,2,1,TR,TR/DE
5483,Tina,LANG3,Tina,4,2,Tina,4,2,TR/DE,TR/DE
5492,Serie,DE,Serie,5,2,seri,4,2,TR,TR/DE
5489,Onun,TR,Sein,4,1,Onun,4,2,TR/DE,DE
5505,yaptım,TR,Das habe ich getan,18,3,yaptım,6,2,TR,TR
5486,jüngerer,DE,jüngerer,8,3,daha genç,9,2,DE,TR
5434,Startreck,DE,Startreck,9,2,Esnemeye başlama,16,6,DE,DE
5438,Bundynin,MIXED,Bundyns,7,2,Bundyn'in,9,1,DE,TR
5447,Bundy'i,MIXED,Bundy'i,7,2,Bundy'i,7,1,TR/DE,TR
5521,mußt,DE,mußt,4,1,mutlak,6,2,DE,DE
5505,Ausbildung,DE,Ausbildung,10,3,Eğitim,6,3,TR,TR/DE
5549,du,DE,du,2,1,Sen,3,1,DE,TR/DE
5499,Metro,TR,Metro,5,2,Metro,5,2,TR/DE,TR/DE
5568,işte,TR,bei der Arbeit,14,2,işte,4,2,TR,TR/DE
5573,ich,DE,ich,3,1,BEN,3,1,TR/DE,TR/DE
5492,yapmışlar,TR,Das haben sie getan,19,3,yapmışlar,9,3,TR,TR/DE
5518,Damen,DE,Damen,5,2,Bayanlar,8,3,DE,DE
5534,girmişken,TR,Während ich drin bin,20,2,girmişken,9,3,TR,DE
5518,şeyi,TR,Ding,4,1,şeyi,4,2,TR/DE,DE
5589,darfst,DE,darfst,6,1,mayıs,5,2,TR,DE
5615,kannst,DE,kannst,6,1,olabilmek,9,4,DE,DE
5615,yani,TR,Also,4,2,yani,4,2,TR/DE,TR/DE
5507,Schneiderin,MIXED,Schneiderin,11,3,Terzi,5,2,TR,TR
5610,Abschluß,DE,Abschluß,8,2,Diploma,7,3,TR,DE
5615,yani,TR,Also,4,2,yani,4,2,TR/DE,TR/DE
5618,in,DE,in,2,1,içinde,6,3,DE,DE
5636,falan,TR,wie,3,1,falan,5,2,DE,DE
5608,hı,TR,huh,3,1,hı,2,1,TR,TR/DE
5554,Hm,DE,Hm,2,1,Hm,2,1,TR/DE,TR/DE
5505,yapıyordum,TR,Ich habe es getan,17,3,yapıyordum,10,4,TR,DE
5658,D,TR,D.,2,1,D,1,1,TR,TR/DE
5663,falan,TR,wie,3,1,falan,5,2,DE,DE
5639,Hm,DE,Hm,2,1,Hm,2,1,TR/DE,TR/DE
5652,könnte,DE,könnte,6,2,olabilir,8,4,DE,DE
5438,neyini,TR,Was,3,1,neyini,6,3,DE,DE
5615,Part-time,LANG3,Teilzeit,8,2,Yarı zamanlı,12,4,DE,DE
5686,senin,TR,dein,4,1,senin,5,2,DE,DE
5689,brauchst,DE,brauchst,8,1,ihtiyaç,7,3,TR,DE
5700,yani,TR,Also,4,2,yani,4,2,TR/DE,TR/DE
5704,yani,TR,Also,4,2,yani,4,2,TR/DE,TR/DE
5706,yani,TR,Also,4,2,yani,4,2,TR/DE,TR/DE
5684,n,LANG3,N,1,1,N,1,1,TR/DE,TR/DE
5709,gösteriyor,TR,zeigt,5,1,gösteriyor,10,4,DE,DE
5715,war,DE,war,3,1,öyleydi,7,3,DE,DE
5518,öğrenecektim,TR,Ich wollte es lernen,20,3,öğrenecektim,12,5,TR,DE
5611,Realschule§ye,MIXED,Realschule§ja,13,3,Realschule§ye,13,3,TR/DE,TR/DE
5615,irgendwo,DE,irgendwo,8,3,bir yerde,9,2,DE,TR
5736,und,DE,und,3,1,Ve,2,1,TR,TR/DE
5664,yapmana,TR,zu tun,6,1,yapmana,7,3,DE,DE
5738,ne,TR,Was,3,1,ne,2,1,TR,TR/DE
5691,bizimkisi,TR,unsere,6,3,bizimkisi,9,4,DE,DE
5724,oynuyoruz,TR,wir spielen,11,2,oynuyoruz,9,4,TR,DE
5754,Freund,DE,Freund,6,1,Arkadaş,7,3,DE,DE
5724,oynuyoruz,TR,wir spielen,11,2,oynuyoruz,9,4,TR,DE
5791,oder,DE,oder,4,2,veya,4,2,TR/DE,TR/DE
5648,beye,TR,Herr.,5,1,beye,4,2,TR,DE
5798,o,TR,Er,2,1,o,1,1,TR,TR/DE
5611,atılacağım,TR,Ich werde rausgeschmissen,25,5,atılacağım,10,5,TR,TR/DE
5736,AQ'las,TR,AQ'las,6,1,AQ'las,6,1,TR/DE,TR/DE
5738,heavy,LANG3,schwer,6,1,ağır,4,2,TR,DE
5754,nem,TR,Feuchtigkeit,12,3,nem,3,1,TR,TR
5823,deswegen,DE,deswegen,8,3,bu yüzden,9,2,DE,TR
5802,sesi,TR,Klang,5,1,sesi,4,2,TR,DE
5826,ist,DE,ist,3,1,öyle,4,2,DE,DE
5819,sadece,TR,Nur,3,1,sadece,6,3,DE,DE
5830,film,TR,Film,4,1,film,4,1,TR/DE,TR/DE
5843,ne,TR,Was,3,1,ne,2,1,TR,TR/DE
5673,Pizza's,MIXED,Pizzas,6,2,Pizzalar,8,3,DE,DE
5744,Life,LANG3,Leben,5,2,Hayat,5,2,TR/DE,TR/DE
5850,ama,TR,Aber,4,2,ama,3,2,TR,TR/DE
5844,on,DE,on,2,1,Açık,4,2,DE,DE
5857,koymuşlar,TR,sie setzen,10,2,koymuşlar,9,3,TR,DE
5858,B.,DE,B.,2,1,B.,2,1,TR/DE,TR/DE
5851,Hiphop,LANG3,Hip Hop,7,1,Hiphop,6,2,TR,DE
5859,oder,DE,oder,4,2,veya,4,2,TR/DE,TR/DE
5708,Noten,TR,Noten,5,2,Noten,5,2,TR/DE,TR/DE
5861,da,TR,In,2,1,da,2,1,TR/DE,TR/DE
5819,H.‘da,MIXED,Hand,4,1,El,2,1,TR,TR/DE
5860,B,DE,B,1,1,B,1,1,TR/DE,TR/DE
5861,blok,TR,Block,5,1,blok,4,1,TR,TR/DE
5862,New,LANG3,Neu,3,1,Yeni,4,2,DE,DE
5870,değil,TR,nicht,5,1,değil,5,2,TR/DE,DE
5859,New,LANG3,Neu,3,1,Yeni,4,2,DE,DE
5903,D,TR,D.,2,1,D,1,1,TR,TR/DE
5872,alma,TR,nehmen,6,2,alma,4,2,TR,TR/DE
5931,ediyorlar,TR,das tun sie,11,1,ediyorlar,9,4,TR,DE
5870,original,LANG3,Original,8,4,orijinal,8,4,TR/DE,TR/DE
5948,kannst,DE,kannst,6,1,olabilmek,9,4,DE,DE
5937,tüh,TR,Hoppla,6,2,tüh,3,1,TR,TR
5949,zum,DE,zum,3,1,için,4,2,DE,DE
5798,Kuce'si,MIXED,Du bist zu Hause,16,2,evdesin,7,3,TR,DE
5953,ey,DE,ey,2,1,Hey,3,1,DE,TR/DE
5833,tutuldu,TR,gehalten,8,2,tutuldu,7,3,TR,DE
5825,W.H,DE,W.H,3,1,W.H.,4,1,DE,TR/DE
5791,Carey,TR,Carey,5,2,Carey,5,2,TR/DE,TR/DE
5951,kaymış,TR,ausgerutscht,12,3,kaymış,6,2,TR,TR
5961,böyle,TR,so was,6,1,böyle,5,2,TR,DE
5959,Haberler,TR,Nachricht,9,2,Haberler,8,3,TR,DE
5962,bizde,TR,wir haben,9,2,bizde,5,2,TR,TR/DE
5962,T.V.,DE,T.V.,4,1,TV.,3,1,TR,TR/DE
5963,Tufanbeyli,MIXED,tufanbeyli,10,4,Tufanbeyli,10,4,TR/DE,TR/DE
5959,Flash,LANG3,Blitz,5,1,Flaş,4,1,TR,TR/DE
5965,wie,DE,wie,3,1,Nasıl,5,2,DE,DE
5965,Salı,TR,Dienstag,8,2,Salı,4,2,TR,TR/DE
5948,defo,TR,auf jeden Fall,14,2,defo,4,2,TR,TR/DE
5986,ich,DE,ich,3,1,BEN,3,1,TR/DE,TR/DE
5849,stepçiler,TR,Stepper,7,2,stepçiler,9,3,DE,DE
5996,die,DE,die,3,1,the,3,1,TR/DE,TR/DE
5963,Salı,TR,Dienstag,8,2,Salı,4,2,TR,TR/DE
5986,ilk,TR,Erste,5,2,ilk,3,1,TR,TR
6013,da,TR,In,2,1,da,2,1,TR/DE,TR/DE
5996,zeki,TR,intelligent,11,4,zeki,4,2,TR,TR
5800,Houston’ın,MIXED,Houstons,8,2,Houston’ın,10,2,DE,TR/DE
6018,ne,TR,Was,3,1,ne,2,1,TR,TR/DE
5997,zeki,TR,intelligent,11,4,zeki,4,2,TR,TR
5974,sag',DE,sag',4,1,söylemek,8,3,DE,DE
6015,rund,DE,rund,4,1,etrafında,9,4,DE,DE
6023,smokin,DE,smokin,6,2,sigara içmek,12,4,DE,DE
5961,Märkte§lere,MIXED,Märkte§lere,11,3,Märkt§lere,10,2,TR,TR
5953,Muster§ı,MIXED,Muster§ı,8,2,Muster§ı,8,2,TR/DE,TR/DE
5861,Newkid,LANG3,Neue Kinder,11,2,Yeni çocuklar,13,4,DE,DE
6018,Abschlussfeier,DE,Abschlussfeier,14,3,Mezuniyet töreni,16,6,DE,DE
6027,auch,DE,auch,4,1,Ayrıca,6,3,DE,DE
5951,Muster§ı,MIXED,Muster§ı,8,2,Muster§ı,8,2,TR/DE,TR/DE
6024,hatten,DE,hatten,6,2,vardı,5,2,TR,TR/DE
5976,girmiştik,TR,wir traten ein,14,2,girmiştik,9,3,TR,DE
6021,giymiştim,TR,Ich trug,8,1,giymiştim,9,3,DE,DE
6015,olanda,TR,wenn es passiert,16,2,olanda,6,3,TR,DE
6030,Frau,DE,Frau,4,1,Kadın,5,2,DE,DE
6028,guck',DE,guck',5,1,Bakmak,6,2,DE,DE
6024,smokin,LANG3,rauchen,7,2,sigara içmek,12,4,DE,DE
6047,ner,TR,Wo,2,1,ner,3,1,DE,TR/DE
6033,Sohn,DE,Sohn,4,1,Oğul,4,2,TR/DE,DE
6038,oğlu,TR,Sohn-,5,2,oğlu,4,2,TR,TR/DE
6029,Müller’le,MIXED,Müller’le,9,2,Müller'le,9,2,TR/DE,TR/DE
6063,meint,DE,meint,5,1,araç,4,2,TR,DE
6047,Theater,DE,Theater,7,2,tiyatro,7,3,TR/DE,DE
6059,gesagt,DE,gesagt,6,2,söz konusu,10,3,DE,DE
6067,gesagt,DE,gesagt,6,2,söz konusu,10,3,DE,DE
6067,nefret,TR,hassen,6,2,nefret,6,2,TR/DE,TR/DE
6074,man,DE,man,3,1,Adam,4,2,DE,DE
6027,tanze,TR,frisch,6,1,tanze,5,2,TR,DE
6087,den,DE,den,3,1,the,3,1,TR/DE,TR/DE
6087,Onur,TR,Ehre,4,2,Onur,4,2,TR/DE,TR/DE
6089,wachsen,DE,wachsen,7,2,büyümek,7,3,TR/DE,DE
6089,gibi,TR,wie,3,1,gibi,4,2,DE,DE
6090,der,DE,der,3,1,the,3,1,TR/DE,TR/DE
6092,işte,TR,bei der Arbeit,14,2,işte,4,2,TR,TR/DE
6095,balo,TR,Abschlussball,13,3,balo,4,2,TR,TR
6023,giymiyor,TR,nicht tragen,12,2,giymiyor,8,3,TR,DE
6059,Sefa,TR,Sefa,4,2,Sefa,4,2,TR/DE,TR/DE
6029,tanzen,TR,tanzen,6,2,tanzen,6,2,TR/DE,TR/DE
6026,tanzen,TR,tanzen,6,2,tanzen,6,2,TR/DE,TR/DE
6121,ey,DE,ey,2,1,Hey,3,1,DE,TR/DE
6033,hatnen,TR,hatnen,6,2,hatnen,6,2,TR/DE,TR/DE
6074,Sefa,TR,Sefa,4,2,Sefa,4,2,TR/DE,TR/DE
6154,meint,DE,meint,5,1,araç,4,2,TR,DE
6160,Almanca,TR,Deutsch,7,1,Almanca,7,3,TR/DE,DE
6069,Sefa,TR,Sefa,4,2,Sefa,4,2,TR/DE,TR/DE
6164,Tufanbeyli,MIXED,tufanbeyli,10,4,Tufanbeyli,10,4,TR/DE,TR/DE
6165,und,DE,und,3,1,Ve,2,1,TR,TR/DE
6165,Şahıgül,TR,Shahigul,8,2,Şahıgül,7,3,TR,DE
6117,konuşması,TR,Rede,4,2,konuşması,9,4,DE,DE
6172,klar,DE,klar,4,1,temizlemek,10,4,DE,DE
6123,schminken,DE,schminken,9,2,makyaj yapmak,13,3,DE,DE
6105,seksen,TR,achtzig,7,2,seksen,6,2,TR,TR/DE
6178,falan,TR,wie,3,1,falan,5,2,DE,DE
6154,komm,DE,komm,4,1,Gelmek,6,2,DE,DE
6160,bilgisayar,TR,Computer,8,3,bilgisayar,10,4,DE,DE
6170,Englisch,DE,Englisch,8,2,İngilizce,9,3,DE,DE
6227,yani,TR,Also,4,2,yani,4,2,TR/DE,TR/DE
6212,dört,TR,vier,4,1,dört,4,1,TR/DE,TR/DE
6194,turizm,TR,Tourismus,9,3,turizm,6,2,TR,TR
6240,Orçun,TR,Orçun,5,2,Orçun,5,2,TR/DE,TR/DE
6245,böyle,TR,so was,6,1,böyle,5,2,TR,DE
6252,doch,DE,doch,4,1,Ancak,5,2,DE,DE
6252,doch,DE,doch,4,1,Ancak,5,2,DE,DE
6178,denk',TR,Äquivalent',11,4,denk',5,1,TR,TR
6256,oder,DE,oder,4,2,veya,4,2,TR/DE,TR/DE
6235,Gruppe,DE,Gruppe,6,2,grup,4,1,TR,TR
6268,unintelligible,DE,unintelligible,14,6,anlaşılmaz,10,4,TR,TR
6271,dann,DE,dann,4,1,Daha sonra,10,3,DE,DE
6284,Şahıgül,TR,Shahigul,8,2,Şahıgül,7,3,TR,DE
6298,und,DE,und,3,1,Ve,2,1,TR,TR/DE
6121,tod,TR,Tod,3,1,tod,3,1,TR/DE,TR/DE
6309,ya,TR,entweder,8,3,ya,2,1,TR,TR
6304,yaparım,TR,Ich tue,7,1,yaparım,7,3,TR/DE,DE
6081,okuyor,TR,Lektüre,7,3,okuyor,6,3,TR,TR/DE
6318,kann,DE,kann,4,1,olabilmek,9,4,DE,DE
6175,milionen,TR,Million,7,2,milionen,8,3,DE,DE
6319,beste,DE,beste,5,2,en iyi,6,2,DE,TR/DE
6256,mırıldanın,TR,summen,6,2,mırıldanın,10,4,DE,DE
6320,gut,DE,gut,3,1,iyi,3,2,TR/DE,DE
6334,ist,DE,ist,3,1,öyle,4,2,DE,DE
6031,Damla’yla,TR,mit Damla,9,2,Damla’yla,9,2,TR/DE,TR/DE
6351,und,DE,und,3,1,Ve,2,1,TR,TR/DE
6363,böyle,TR,so was,6,1,böyle,5,2,TR,DE
6221,besteler,TR,Kompositionen,13,5,besteler,8,3,TR,TR
6320,başak,TR,Jungfrau,8,2,başak,5,2,TR,TR/DE
6373,yani,TR,Also,4,2,yani,4,2,TR/DE,TR/DE
6375,deswegen,DE,deswegen,8,3,bu yüzden,9,2,DE,TR
6351,macera,TR,Abenteuer,9,3,macera,6,3,TR,TR/DE
6389,und,DE,und,3,1,Ve,2,1,TR,TR/DE
6372,wenn,DE,wenn,4,1,eğer,4,2,TR/DE,DE
6385,vallahi,TR,Ich schwöre,11,2,vallahi,7,3,TR,DE
6392,ich,DE,ich,3,1,BEN,3,1,TR/DE,TR/DE
6393,ich,DE,ich,3,1,BEN,3,1,TR/DE,TR/DE
6364,Berk,DE,Berk,4,1,Berk,4,1,TR/DE,TR/DE
6394,komm,DE,komm,4,1,Gelmek,6,2,DE,DE
6406,tamam,TR,OK,2,1,tamam,5,2,DE,DE
6410,tam,TR,voll,4,1,tam,3,1,TR,TR/DE
6410,ich,DE,ich,3,1,BEN,3,1,TR/DE,TR/DE
6268,çalış,TR,arbeiten,8,3,çalış,5,2,TR,TR
6391,Heybeliada,MIXED,Heybeliada,10,4,Heybeliada,10,4,TR/DE,TR/DE
6394,aa,TR,Ah,2,1,aa,2,1,TR/DE,TR/DE
6233,O,TR,ER,2,1,O,1,1,TR,TR/DE
6411,gefahren,DE,gefahren,8,3,tahrikli,8,3,TR/DE,TR/DE
6425,sag',DE,sag',4,1,söylemek,8,3,DE,DE
6437,yaptı,TR,tat,3,1,yaptı,5,2,DE,DE
6420,Honda,DE,Honda,5,2,honda,5,2,TR/DE,TR/DE
6442,yaptı,TR,tat,3,1,yaptı,5,2,DE,DE
6315,notaya,TR,zur Notiz,9,2,notaya,6,3,TR,DE
6318,kulaktan,TR,nach Gehör,10,1,kulaktan,8,3,TR,DE
6445,daha,TR,mehr,4,1,daha,4,2,TR/DE,DE
6319,kulaktan,TR,nach Gehör,10,1,kulaktan,8,3,TR,DE
6391,araya,TR,zusammengestellt,16,5,araya,5,3,TR,TR
6443,tarla,TR,Feld,4,1,tarla,5,2,DE,DE
6421,mıdır,TR,Ist es,6,1,mıdır,5,2,TR,DE
6461,ärmste,TR,ärmste,6,2,ärmste,6,1,TR/DE,TR
6454,Vater,DE,Vater,5,2,Baba,4,2,TR,TR/DE
6450,ein,DE,ein,3,1,A,1,1,TR,TR/DE
6462,böyle,TR,so was,6,1,böyle,5,2,TR,DE
6416,çaldılar,TR,sie haben gestohlen,19,4,çaldılar,8,3,TR,TR
6474,ich,DE,ich,3,1,BEN,3,1,TR/DE,TR/DE
6459,Vater,DE,Vater,5,2,Baba,4,2,TR,TR/DE
6478,orada,TR,Dort,4,1,orada,5,3,DE,DE
6479,şey,TR,Ding,4,1,şey,3,1,TR,TR/DE
6493,voll,DE,voll,4,1,tam dolu,8,2,DE,DE
6477,rezalet,TR,Schande,7,2,rezalet,7,3,TR/DE,DE
6462,köy,TR,Bucht,5,1,köy,3,1,TR,TR/DE
6102,Hisar'da,TR,in Hisar,8,2,Hisar'da,8,2,TR/DE,TR/DE
6522,yani,TR,Also,4,2,yani,4,2,TR/DE,TR/DE
6493,şeyden,TR,von etwas,9,2,şeyden,6,2,TR,TR/DE
6442,reinlegen,DE,reinlegen,9,3,koymak,6,2,TR,TR
6543,verdi,TR,gab,3,1,verdi,5,2,DE,DE
6462,git,TR,gehen,5,1,git,3,1,TR,TR/DE
6548,Adana,TR,Adana,5,3,Adana,5,3,TR/DE,TR/DE
6548,ist,DE,ist,3,1,öyle,4,2,DE,DE
6553,jetzt,DE,jetzt,5,1,Şimdi,5,2,TR/DE,DE
6509,gezmek,TR,reisen,6,2,gezmek,6,2,TR/DE,TR/DE
6553,nicht,DE,nicht,5,1,Olumsuz,7,3,DE,DE
6535,sie,DE,sie,3,1,o,1,1,TR,TR/DE
6589,denk',TR,Äquivalent',11,4,denk',5,1,TR,TR
6589,warum,DE,warum,5,2,Neden,5,2,TR/DE,TR/DE
6543,Tuch,DE,Tuch,4,1,Kumaş,5,2,DE,DE
6590,ist,DE,ist,3,1,öyle,4,2,DE,DE
6590,Şahıgül,TR,Shahigul,8,2,Şahıgül,7,3,TR,DE
6544,Damla,TR,Fallen,6,2,Damla,5,2,TR,TR/DE
6596,in,DE,in,2,1,içinde,6,3,DE,DE
6560,ki,TR,Das,3,1,ki,2,1,TR,TR/DE
6601,so,DE,so,2,1,Bu yüzden,9,2,DE,DE
6591,weiss,DE,weiss,5,1,beyaz,5,2,TR/DE,DE
6611,Adana,TR,Adana,5,3,Adana,5,3,TR/DE,TR/DE
6553,Ramazanoğlu,TR,Ramazanoglu,11,5,Ramazanoğlu,11,5,TR/DE,TR/DE
6613,orayı,TR,Dort,4,1,orayı,5,3,DE,DE
6459,Şahıgüls,TR,Shahiguls,9,2,Şahıgüls,8,3,TR,DE
6411,Mobylett,TR,Mobylett,8,3,Mobylett,8,2,TR/DE,TR
6620,önünde,TR,vorne,5,2,önünde,6,3,DE,DE
6629,yapıyorsun,TR,Du tust,7,1,yapıyorsun,10,4,DE,DE
6642,master,LANG3,Master,6,2,usta,4,2,TR,TR/DE
6642,yapacağım,TR,ich werde es tun,16,2,yapacağım,9,4,TR,DE
6644,Tufanbeyli,TR,tufanbeyli,10,4,Tufanbeyli,10,4,TR/DE,TR/DE
6590,Ramazanoğlu,TR,Ramazanoglu,11,5,Ramazanoğlu,11,5,TR/DE,TR/DE
6649,böyle,TR,so was,6,1,böyle,5,2,TR,DE
6626,ile,TR,mit,3,1,ile,3,2,TR/DE,DE
6649,karşı,TR,Gegenteil,9,3,karşı,5,2,TR,TR
6655,sınıf,TR,Klasse,6,2,sınıf,5,2,TR,TR/DE
6667,hat,DE,hat,3,1,sahip olmak,11,3,DE,DE
6675,yani,TR,Also,4,2,yani,4,2,TR/DE,TR/DE
6626,Melissa,LANG3,Melissa,7,3,Melissa,7,3,TR/DE,TR/DE
6681,der,DE,der,3,1,the,3,1,TR/DE,TR/DE
6681,falan,TR,wie,3,1,falan,5,2,DE,DE
6667,Melissa,TR,Melissa,7,3,Melissa,7,3,TR/DE,TR/DE
6683,Damla,TR,Fallen,6,2,Damla,5,2,TR,TR/DE
6603,ich,TR,ich,3,1,ich,3,1,TR/DE,TR/DE
6681,versuchen,DE,versuchen,9,3,girişim,7,3,TR,TR/DE
6692,Freund,DE,Freund,6,1,Arkadaş,7,3,DE,DE
6694,Freund,DE,Freund,6,1,Arkadaş,7,3,DE,DE
6703,der,DE,der,3,1,the,3,1,TR/DE,TR/DE
6703,ne,DE,ne,2,1,HAYIR,5,2,DE,DE
6705,yok,TR,NEIN,4,1,yok,3,1,TR,TR/DE
6683,nie,DE,nie,3,1,Asla,4,2,DE,DE
6681,zu,DE,zu,2,1,ile,3,2,DE,DE
6725,Sancaktepe,TR,Sancaktepe,10,4,Sancaktepe,10,4,TR/DE,TR/DE
6726,Sancaktepe,TR,Sancaktepe,10,4,Sancaktepe,10,4,TR/DE,TR/DE
6712,Doruk,TR,Gipfel,6,2,Doruk,5,2,TR,TR/DE
6747,yapıyor,TR,tun,3,1,yapıyor,7,3,DE,DE
6445,Leute§ler,MIXED,Leute§ler,9,2,Leuteşler,9,3,TR/DE,DE
6464,Berg§deduruyorsun,MIXED,Berg§deduruyorsun,17,4,Berg§dediyorsun,15,4,TR,TR/DE
6758,şey,TR,Ding,4,1,şey,3,1,TR,TR/DE
6747,untersuchen,DE,untersuchen,11,4,araştırmak,10,4,TR,TR/DE
6767,zu,DE,zu,2,1,ile,3,2,DE,DE
6755,işin,TR,Strahl,6,1,işin,4,2,TR,DE
6778,yapıyorum,TR,Ich mache,9,2,yapıyorum,9,4,TR/DE,DE
6783,Şahıgül,TR,Shahigul,8,2,Şahıgül,7,3,TR,DE
6800,ne,TR,Was,3,1,ne,2,1,TR,TR/DE
6767,Menemen,TR,Menemen,7,3,Menemen,7,3,TR/DE,TR/DE
6778,sagen,DE,sagen,5,2,söylemek,8,3,DE,DE
6835,ne,TR,Was,3,1,ne,2,1,TR,TR/DE
6711,er,TR,ähm,3,1,er,2,1,TR,TR/DE
6835,ne,TR,Was,3,1,ne,2,1,TR,TR/DE
6598,gezisinde,TR,auf einer Reise,15,3,gezisinde,9,4,TR,DE
6518,yaparız,TR,das tun wir,11,1,yaparız,7,3,TR,DE
6835,deutsche,DE,deutsche,8,2,Almanca,7,3,TR,DE
6835,Pflege,DE,Pflege,6,2,Bakım,5,2,TR,TR/DE
6852,Şahıgül,TR,Shahigul,8,2,Şahıgül,7,3,TR,DE
6852,ist,DE,ist,3,1,öyle,4,2,DE,DE
6854,Şahıgül,TR,Shahigul,8,2,Şahıgül,7,3,TR,DE
6869,AIDS,LANG3,AIDS,4,1,AIDS,4,1,TR/DE,TR/DE
6851,Selda,TR,Selda,5,2,Selda,5,2,TR/DE,TR/DE
6816,Selda,TR,Selda,5,2,Selda,5,2,TR/DE,TR/DE
6869,vardır,TR,Es gibt,7,1,vardır,6,2,TR,DE
6875,nem,TR,Feuchtigkeit,12,3,nem,3,1,TR,TR
6658,tanıştırdım,TR,Ich habe dich vorgestellt,25,4,tanıştırdım,11,4,TR,TR/DE
6620,Ayasofyanın,MIXED,der Hagia Sophia,16,3,Ayasofyanın,11,5,TR,DE
6872,Typ,DE,Typ,3,1,tip,3,1,TR/DE,TR/DE
6887,yapıyorum,TR,Ich mache,9,2,yapıyorum,9,4,TR/DE,DE
6887,hat,DE,hat,3,1,sahip olmak,11,3,DE,DE
6894,hab',DE,hab',4,1,sahip olmak',12,3,DE,DE
6907,meint,DE,meint,5,1,araç,4,2,TR,DE
6921,wenn,DE,wenn,4,1,eğer,4,2,TR/DE,DE
6875,Typ,DE,Typ,3,1,tip,3,1,TR/DE,TR/DE
6926,gitti,TR,gegangen,8,3,gitti,5,2,TR,TR
6887,wechseln,DE,wechseln,8,2,değiştirmek,11,4,DE,DE
6845,süper,TR,Super,5,2,süper,5,2,TR/DE,TR/DE
6936,gitti,TR,gegangen,8,3,gitti,5,2,TR,TR
6881,yanlış,TR,falsch,6,1,yanlış,6,2,TR/DE,DE
6937,spielen,DE,spielen,7,2,oynamak,7,3,TR/DE,DE
6946,Dilekçe,TR,Petition,8,3,Dilekçe,7,3,TR,TR/DE
6951,voll,DE,voll,4,1,tam dolu,8,2,DE,DE
6951,şey,TR,Ding,4,1,şey,3,1,TR,TR/DE
6964,mu,TR,Ist es,6,1,mu,2,1,TR,TR/DE
6965,hat,DE,hat,3,1,sahip olmak,11,3,DE,DE
6929,ağır,TR,schwer,6,1,ağır,4,2,TR,DE
6937,kapak,TR,Deckel,6,2,kapak,5,2,TR,TR/DE
6974,gemacht,DE,gemacht,7,2,yapılmış,8,3,DE,DE
6977,o,TR,Er,2,1,o,1,1,TR,TR/DE
6981,yani,TR,Also,4,2,yani,4,2,TR/DE,TR/DE
6984,yani,TR,Also,4,2,yani,4,2,TR/DE,TR/DE
6987,finde,DE,finde,5,2,bulmak,6,2,DE,TR/DE
6989,ne,TR,Was,3,1,ne,2,1,TR,TR/DE
6992,o,TR,Er,2,1,o,1,1,TR,TR/DE
7004,da,TR,In,2,1,da,2,1,TR/DE,TR/DE
7005,Istanbul,TR,Istanbul,8,3,Istanbul,8,3,TR/DE,TR/DE
7009,falan,TR,wie,3,1,falan,5,2,DE,DE
7013,ne,TR,Was,3,1,ne,2,1,TR,TR/DE
6687,canım,TR,Schatz,6,1,canım,5,2,TR,DE
7035,ist,DE,ist,3,1,öyle,4,2,DE,DE
6965,es,TR,Ehepartner,10,3,es,2,1,TR,TR
6965,2,DE,2,1,1,2,1,1,TR/DE,TR/DE
7058,so,DE,so,2,1,Bu yüzden,9,2,DE,DE
7068,Arenanın,MIXED,der Arena,9,3,arenanın,8,4,TR,DE
7029,hademe,TR,Hausmeister,11,3,hademe,6,3,TR,TR/DE
7070,da,TR,In,2,1,da,2,1,TR/DE,TR/DE
7072,hat,DE,hat,3,1,sahip olmak,11,3,DE,DE
7035,köprü,TR,Brücke,6,2,köprü,5,2,TR,TR/DE
7079,yani,TR,Also,4,2,yani,4,2,TR/DE,TR/DE
7052,geht,DE,geht,4,1,gitmek,6,2,DE,DE
6872,mitnem,TR,mein Mythos,11,2,mitnem,6,2,TR,TR/DE
6936,Nappa,DE,Nappa,5,2,Napa,4,2,TR,TR/DE
7068,gizli,TR,versteckt,9,2,gizli,5,2,TR,TR/DE
6830,Pflegeoma,MIXED,Pflegeoma,9,3,koruyucu büyükanne,18,7,DE,DE
7106,falan,TR,wie,3,1,falan,5,2,DE,DE
6841,Pflegeoma,MIXED,Pflegeoma,9,3,koruyucu büyükanne,18,7,DE,DE
7092,Buket,TR,Strauß,6,1,Buket,5,2,TR,DE
7107,gibi,TR,wie,3,1,gibi,4,2,DE,DE
7075,Uğur,TR,Glück,5,1,Uğur,4,2,TR,DE
7107,gibi,TR,wie,3,1,gibi,4,2,DE,DE
6758,Üniveristesi’nde,MIXED,an der Universität,18,5,Üniveristesi’nde,16,6,TR,DE
7109,gibi,TR,wie,3,1,gibi,4,2,DE,DE
7089,Yasemin,TR,Jasmin,6,2,Yasemin,7,3,DE,DE
7119,ja,DE,ja,2,1,Evet,4,2,DE,DE
7097,iy,TR,Hoppla,6,2,iy,2,1,TR,TR
7142,ne,TR,Was,3,1,ne,2,1,TR,TR/DE
7143,yani,TR,Also,4,2,yani,4,2,TR/DE,TR/DE
7145,vardı,TR,es gab,6,1,vardı,5,2,TR,DE
7106,mein,DE,mein,4,1,Benim,5,2,DE,DE
7161,yani,TR,Also,4,2,yani,4,2,TR/DE,TR/DE
7141,makinası,TR,Maschine,8,3,makinası,8,4,TR/DE,DE
7163,hast,DE,hast,4,1,sahip olmak,11,3,DE,DE
7109,andauernd,DE,andauernd,9,2,sürekli,7,3,TR,DE
7161,öğle,TR,Mittag,6,2,öğle,4,2,TR,TR/DE
7176,de,TR,Auch,4,1,de,2,1,TR,TR/DE
7155,Sam,DE,Sam,3,1,Sam,3,1,TR/DE,TR/DE
7179,ist,DE,ist,3,1,öyle,4,2,DE,DE
7183,so,DE,so,2,1,Bu yüzden,9,2,DE,DE
7185,falan,TR,wie,3,1,falan,5,2,DE,DE
7203,işten,TR,von der Arbeit,14,2,işten,5,2,TR,TR/DE
7107,Sam,LANG3,Sam,3,1,Sam,3,1,TR/DE,TR/DE
6926,Nappa§m,MIXED,Nappa§m,7,2,Napa§m,6,2,TR,TR/DE
7218,o,TR,Er,2,1,o,1,1,TR,TR/DE
7176,talentiert,DE,talentiert,10,3,yetenekli,9,4,TR,DE
7224,şey,TR,Ding,4,1,şey,3,1,TR,TR/DE
7169,Sam,TR,Sam,3,1,Sam,3,1,TR/DE,TR/DE
7237,ich,DE,ich,3,1,BEN,3,1,TR/DE,TR/DE
7211,normalerweise,DE,normalerweise,13,5,normalde,8,3,TR,TR
7248,hab',DE,hab',4,1,sahip olmak',12,3,DE,DE
7217,sofort,DE,sofort,6,2,hemen,5,2,TR,TR/DE
7223,bindim,TR,Ich stieg ein,13,1,bindim,6,2,TR,DE
7238,bindim,TR,Ich stieg ein,13,1,bindim,6,2,TR,DE
7228,geçit,TR,Passage,7,3,geçit,5,2,TR,TR
7110,grosszügig,MIXED,grosszügig,10,3,cömert,6,2,TR,TR
7250,nämlich,DE,nämlich,7,2,yani,4,2,TR,TR/DE
7267,işten,TR,von der Arbeit,14,2,işten,5,2,TR,TR/DE
7267,und,DE,und,3,1,Ve,2,1,TR,TR/DE
7272,yani,TR,Also,4,2,yani,4,2,TR/DE,TR/DE
7261,çay,TR,Tee,3,1,çay,3,1,TR/DE,TR/DE
7259,olayından,TR,von dem Vorfall,15,2,olayından,9,4,TR,DE
7262,çay,TR,Tee,3,1,çay,3,1,TR/DE,TR/DE
7282,und,DE,und,3,1,Ve,2,1,TR,TR/DE
7276,bin,DE,bin,3,1,ben,3,1,TR/DE,TR/DE
7250,yeğen,TR,Neffe,5,2,yeğen,5,2,TR/DE,TR/DE
7259,Tübingen,DE,Tübingen,8,3,Tübingen,8,3,TR/DE,TR/DE
7284,und,DE,und,3,1,Ve,2,1,TR,TR/DE
7282,Cumhuriyet,TR,Republik,8,3,Cumhuriyet,10,4,DE,DE
7276,lira,TR,Lira,4,2,lira,4,2,TR/DE,TR/DE
7285,und,DE,und,3,1,Ve,2,1,TR,TR/DE
7107,Sam,LANG3,Sam,3,1,Sam,3,1,TR/DE,TR/DE
7092,evleniyor,TR,heiraten,8,3,evleniyor,9,4,DE,DE
7285,falan,TR,wie,3,1,falan,5,2,DE,DE
7285,yani,TR,Also,4,2,yani,4,2,TR/DE,TR/DE
7282,kaufen,DE,kaufen,6,2,satın almak,11,3,DE,DE
7285,Cumhuriyet,TR,Republik,8,3,Cumhuriyet,10,4,DE,DE
7285,kaufen,DE,kaufen,6,2,satın almak,11,3,DE,DE
7285,halt,DE,halt,4,1,durmak,6,2,DE,DE
7303,klar,DE,klar,4,1,temizlemek,10,4,DE,DE
7309,he,TR,Er,2,1,he,2,1,TR/DE,TR/DE
7315,son,TR,zuletzt,7,2,son,3,1,TR,TR
7285,Sabah,TR,Morgen,6,2,Sabah,5,2,TR,TR/DE
7323,Hulusi,TR,Hulusi,6,3,Hulusi,6,3,TR/DE,TR/DE
7302,açık,TR,offen,5,2,açık,4,2,TR,TR/DE
7303,açık,TR,offen,5,2,açık,4,2,TR,TR/DE
7334,drei,DE,drei,4,1,üç,2,1,TR,TR/DE
7291,bugün,TR,Heute,5,2,bugün,5,2,TR/DE,TR/DE
7319,irgendwelche,DE,irgendwelche,12,4,herhangi,8,3,TR,TR
7332,aşar,TR,überschreitet,13,4,aşar,4,2,TR,TR
7335,özel,TR,besonders,9,3,özel,4,2,TR,TR
7337,tamam,TR,OK,2,1,tamam,5,2,DE,DE
7336,özel,TR,besonders,9,3,özel,4,2,TR,TR
7179,Sharon,LANG3,Sharon,6,2,Şaron,5,2,TR,TR/DE
7339,oder,DE,oder,4,2,veya,4,2,TR/DE,TR/DE
7092,Volkan'la,MIXED,Volkan'la,9,2,Volkan'la,9,2,TR/DE,TR/DE
7343,gemacht,DE,gemacht,7,2,yapılmış,8,3,DE,DE
7283,Cumhuriyet,TR,Republik,8,3,Cumhuriyet,10,4,DE,DE
7339,görev,TR,Pflicht,7,1,görev,5,2,TR,DE
7337,özel,TR,besonders,9,3,özel,4,2,TR,TR
7337,şirekt,DE,şirekt,6,2,doğrudan,8,3,DE,DE
7383,ne,TR,Was,3,1,ne,2,1,TR,TR/DE
7338,lev,TR,Lev,3,1,lev,3,1,TR/DE,TR/DE
7344,çeviris,MIXED,Übersetzung,11,4,çeviris,7,3,TR,TR
7343,çeviris,MIXED,Übersetzung,11,4,çeviris,7,3,TR,TR
7385,Salı,TR,Dienstag,8,2,Salı,4,2,TR,TR/DE
7300,müsste,DE,müsste,6,2,zorunda kalacaktım,18,6,DE,DE
7384,Karte,DE,Karte,5,2,Harita,6,3,DE,DE
7383,Karte,DE,Karte,5,2,Harita,6,3,DE,DE
7400,kannst,DE,kannst,6,1,olabilmek,9,4,DE,DE
7399,kullanırım,TR,Ich benutze,11,3,kullanırım,10,4,TR,DE
7391,fünf,DE,fünf,4,1,beş,3,1,TR,TR/DE
7331,Tarnet,TR,Tarnet,6,2,Tarnet,6,2,TR/DE,TR/DE
7401,und,DE,und,3,1,Ve,2,1,TR,TR/DE
7275,ayda,TR,auf dem Mond,12,1,ayda,4,2,TR,DE
7401,lise,TR,Gymnasium,9,3,lise,4,2,TR,TR
7402,die,DE,die,3,1,the,3,1,TR/DE,TR/DE
7400,werden,DE,werden,6,2,haline gelmek,13,4,DE,DE
7401,üniversite,TR,Universität,11,5,üniversite,10,5,TR,TR/DE
7401,verglichen,DE,verglichen,10,3,karşılaştırıldı,15,6,DE,DE
7405,lise,TR,Gymnasium,9,3,lise,4,2,TR,TR
7403,bizim,TR,unsere,6,3,bizim,5,2,TR,TR
7403,gesehen,DE,gesehen,7,2,görülen,7,3,TR/DE,DE
7406,ich,DE,ich,3,1,BEN,3,1,TR/DE,TR/DE
7406,Unterricht,DE,Unterricht,10,3,Talimat,7,3,TR,TR/DE
7406,mit,DE,mit,3,1,ile,3,2,TR/DE,DE
7406,açısından,TR,bezüglich,9,3,açısından,9,4,TR/DE,DE
7409,ich,DE,ich,3,1,BEN,3,1,TR/DE,TR/DE
7406,tecrübe,TR,Erfahrung,9,3,tecrübe,7,3,TR,TR/DE
7415,ben,TR,ICH,3,1,ben,3,1,TR/DE,TR/DE
7415,deutsch,DE,deutsch,7,1,Almanca,7,3,TR/DE,DE
7415,yapıyorum,TR,Ich mache,9,2,yapıyorum,9,4,TR/DE,DE
7407,sıfır,TR,keiner,6,2,sıfır,5,2,TR,TR/DE
7400,yaptıktan,TR,nachdem ich es getan habe,25,4,yaptıktan,9,3,TR,TR
7379,propos,DE,propos,6,2,teklif,6,2,TR/DE,TR/DE
7415,wahrscheinlich,DE,wahrscheinlich,14,3,muhtemelen,10,4,TR,DE
7414,habe,DE,habe,4,2,sahip olmak,11,3,DE,DE
7417,keine,DE,keine,5,2,HAYIR,5,2,TR/DE,TR/DE
7419,tek,TR,nur,3,1,tek,3,1,TR/DE,TR/DE
7384,yuvaş,TR,Nest,4,1,yuvaş,5,2,DE,DE
7400,öǧretim,TR,Lehre,5,2,öǧretim,7,3,DE,DE
7417,dönem,TR,Zeitraum,8,2,dönem,5,2,TR,TR/DE
7420,drei,DE,drei,4,1,üç,2,1,TR,TR/DE
7420,olacak,TR,wird sein,9,1,olacak,6,3,TR,DE
7405,öǧretmenler,TR,Lehrer,6,2,öǧretmenler,11,4,DE,DE
7366,Gekritzel,TR,Gekritzel,9,3,Gekritzel,9,3,TR/DE,TR/DE
7418,dönem,TR,Zeitraum,8,2,dönem,5,2,TR,TR/DE
7420,ve,TR,Und,3,1,ve,2,1,TR,TR/DE
7423,musst,DE,musst,5,1,mutlak,6,2,DE,DE
7424,başlamadan,TR,bevor es losgeht,16,3,başlamadan,10,4,TR,DE
7424,zuerst,DE,zuerst,6,1,Birinci,7,3,DE,DE
7428,so,DE,so,2,1,Bu yüzden,9,2,DE,DE
7428,arbeiten,DE,arbeiten,8,3,iş,2,1,TR,TR
7428,yapıyorsun,TR,Du tust,7,1,yapıyorsun,10,4,DE,DE
7425,çalışmaya,TR,arbeiten,8,3,çalışmaya,9,4,DE,DE
7430,du,DE,du,2,1,Sen,3,1,DE,TR/DE
7430,dolap,TR,Schrank,7,1,dolap,5,2,TR,DE
7430,dort,DE,dort,4,1,Orası,5,3,DE,DE
7380,ocakta,TR,auf dem Herd,12,1,ocakta,6,3,TR,DE
7433,elde,TR,erhalten,8,3,elde,4,2,TR,TR
7428,Reebok,LANG3,Reebok,6,2,Reebok,6,2,TR/DE,TR/DE
7418,zayifs,MIXED,zayifs,6,1,zayifler,8,3,DE,DE
7429,derken,TR,während ich sage,16,3,derken,6,2,TR,TR
7436,hala,TR,Trotzdem,8,2,hala,4,2,TR,TR/DE
7437,hala,TR,Trotzdem,8,2,hala,4,2,TR,TR/DE
7437,babaanne,TR,Oma,3,2,babaanne,8,3,DE,DE
7439,hala,TR,Trotzdem,8,2,hala,4,2,TR,TR/DE
7420,toplamı,TR,gesamt,6,2,toplamı,7,3,DE,DE
7440,hala,TR,Trotzdem,8,2,hala,4,2,TR,TR/DE
7440,und,DE,und,3,1,Ve,2,1,TR,TR/DE
7420,zweite§nin,MIXED,zweite§nin,10,2,zweite§nin,10,2,TR/DE,TR/DE
7417,zayifs,MIXED,zayifs,6,1,zayifler,8,3,DE,DE
7440,hala,TR,Trotzdem,8,2,hala,4,2,TR,TR/DE
7438,baba-anne,TR,Oma,3,2,baba-anne,9,4,DE,DE
7440,üç,TR,fliegen,7,2,üç,2,1,TR,TR
7440,weiter,DE,weiter,6,2,daha öte,8,3,DE,DE
7443,dayı,TR,Onkel,5,2,dayı,4,2,TR,TR/DE
7444,takvim,TR,Kalender,8,3,takvim,6,2,TR,TR
7443,aus,DE,aus,3,1,dışında,7,3,DE,DE
7445,natürlich,DE,natürlich,9,3,doğal olarak,12,4,DE,DE
7427,Çamlıca,TR,Camlica,7,3,Çamlıca,7,3,TR/DE,TR/DE
7447,bizim,TR,unsere,6,3,bizim,5,2,TR,TR
7447,bizim,TR,unsere,6,3,bizim,5,2,TR,TR
7434,dein',TR,dein',5,1,dein',5,1,TR/DE,TR/DE
7446,hazırlık,TR,Vorbereitung,12,4,hazırlık,8,3,TR,TR
7450,fünf,DE,fünf,4,1,beş,3,1,TR,TR/DE
7446,eins,DE,eins,4,1,bir,3,1,TR,TR/DE
7451,wir,DE,wir,3,1,Biz,3,1,TR/DE,TR/DE
7446,orta,TR,Mitte,5,2,orta,4,2,TR,TR/DE
7455,es,DE,es,2,1,BT,2,1,TR/DE,TR/DE
7443,takvim,TR,Kalender,8,3,takvim,6,2,TR,TR
7449,halbuki,TR,wohingegen,10,3,halbuki,7,3,TR,TR/DE
7458,die,DE,die,3,1,the,3,1,TR/DE,TR/DE
7448,sonuçta,TR,schließlich,11,2,sonuçta,7,3,TR,DE
7459,notlar,TR,Notizen,7,3,notlar,6,2,TR,TR
7460,für,DE,für,3,1,için,4,2,DE,DE
7456,hier,DE,hier,4,1,Burada,6,3,DE,DE
7460,ölüm,TR,Tod,3,1,ölüm,4,2,DE,DE
7461,bin,DE,bin,3,1,ben,3,1,TR/DE,TR/DE
7461,abi,TR,Bruder,6,2,abi,3,2,TR,TR/DE
7439,wohnt,DE,wohnt,5,1,yaşıyor,7,3,DE,DE
7462,das,DE,das,3,1,the,3,1,TR/DE,TR/DE
7461,Cola,DE,Cola,4,2,kola,4,2,TR/DE,TR/DE
7462,aus,DE,aus,3,1,dışında,7,3,DE,DE
7461,runter,DE,runter,6,2,aşağı,5,3,TR,DE
7456,engi,TR,Engi,4,2,engi,4,2,TR/DE,TR/DE
7462,karışık,TR,gemischt,8,2,karışık,7,3,TR,DE
7463,kötü,TR,schlecht,8,1,kötü,4,2,TR,DE
7463,aussehen,DE,aussehen,8,2,Bakmak,6,2,TR,TR/DE
7465,der,DE,der,3,1,the,3,1,TR/DE,TR/DE
7465,yani,TR,Also,4,2,yani,4,2,TR/DE,TR/DE
7464,kuş,TR,Vogel,5,2,kuş,3,1,TR,TR
7466,döner,TR,rotierend,9,3,döner,5,2,TR,TR
7468,dönem,TR,Zeitraum,8,2,dönem,5,2,TR,TR/DE
7434,akraba§s,MIXED,akraba§s,8,3,akrabalar,9,4,DE,DE
7435,akraba§s,MIXED,akraba§s,8,3,akrabalar,9,4,DE,DE
7463,notes,LANG3,Notizen,7,3,notlar,6,2,TR,TR
7463,notes,LANG3,Notizen,7,3,notlar,6,2,TR,TR
7470,burada,TR,Hier,4,1,burada,6,3,DE,DE
7468,kein,DE,kein,4,1,HAYIR,5,2,DE,DE
7452,üstümü,TR,meine Kleidung,14,3,üstümü,6,3,TR,TR/DE
7451,deǧil,TR,nicht,5,1,deǧil,5,1,TR/DE,TR/DE
7473,zuerst,DE,zuerst,6,1,Birinci,7,3,DE,DE
7469,notes,LANG3,Notizen,7,3,notlar,6,2,TR,TR
7469,geçen,TR,zuletzt,7,2,geçen,5,2,TR,TR/DE
7425,Sony'de,MIXED,Sony'de,7,2,Sony'de,7,1,TR/DE,TR
7472,nee,DE,nee,3,1,Hayır,5,2,DE,DE
7468,zayıf,TR,schwach,7,1,zayıf,5,2,TR,DE
7472,geç,TR,spät,4,1,geç,3,1,TR,TR/DE
7471,kurşun,TR,führen,6,2,kurşun,6,2,TR/DE,TR/DE
7474,zengin,TR,reich,5,1,zengin,6,2,DE,DE
7475,zengin,TR,reich,5,1,zengin,6,2,DE,DE
7483,ich,DE,ich,3,1,BEN,3,1,TR/DE,TR/DE
7474,Leute,DE,Leute,5,2,İnsanlar,8,3,DE,DE
7475,Leute,DE,Leute,5,2,İnsanlar,8,3,DE,DE
7486,ich,DE,ich,3,1,BEN,3,1,TR/DE,TR/DE
7487,wenn,DE,wenn,4,1,eğer,4,2,TR/DE,DE
7467,ablieferen,DE,ablieferen,10,4,teslim etmek,12,3,DE,TR
7479,bel,TR,Taille,6,2,bel,3,1,TR,TR
7477,çocuk,TR,Kind,4,1,çocuk,5,2,DE,DE
7477,machen,DE,machen,6,2,yapmak,6,2,TR/DE,TR/DE
7488,Bakırköy,TR,Bakırköy,8,2,Bakırköy,8,3,TR/DE,DE
7484,isterler,TR,sie wollen,10,2,isterler,8,3,TR,DE
7490,Freundin,DE,Freundin,8,2,kız arkadaş,11,3,DE,DE
7490,de,TR,Auch,4,1,de,2,1,TR,TR/DE
7476,sonradan,TR,später,6,2,sonradan,8,3,DE,DE
7491,wenn,DE,wenn,4,1,eğer,4,2,TR/DE,DE
7461,içtik,TR,wir haben getrunken,19,4,içtik,5,2,TR,TR
7488,iş,TR,arbeiten,8,3,iş,2,1,TR,TR
7487,waschen,DE,waschen,7,2,yıkamak,7,3,TR/DE,DE
7493,ich,DE,ich,3,1,BEN,3,1,TR/DE,TR/DE
7491,perşembe,TR,Donnerstag,10,3,perşembe,8,3,TR,TR/DE
7494,Lebenslauf,DE,Lebenslauf,10,3,Özgeçmiş,8,3,TR,TR/DE
7489,iş,TR,arbeiten,8,3,iş,2,1,TR,TR
7492,Perşembe,TR,Donnerstag,10,3,Perşembe,8,3,TR,TR/DE
7497,yapıyorlar,TR,sie tun,7,1,yapıyorlar,10,4,DE,DE
7497,haben,DE,haben,5,2,sahip olmak,11,3,DE,DE
7499,ist,DE,ist,3,1,öyle,4,2,DE,DE
7499,sonuçta,TR,schließlich,11,2,sonuçta,7,3,TR,DE
7493,biraz,TR,Ein wenig,9,2,biraz,5,2,TR,TR/DE
7500,ist,DE,ist,3,1,öyle,4,2,DE,DE
7496,Prüfung,DE,Prüfung,7,2,Test,4,1,TR,TR
7497,Aufsicht,DE,Aufsicht,8,2,Nezaret,7,3,TR,DE
7499,ohne,DE,ohne,4,2,olmadan,7,3,DE,DE
7504,hafta,TR,Woche,5,2,hafta,5,2,TR/DE,TR/DE
7480,üzülen,TR,verärgern,9,3,üzülen,6,3,TR,TR/DE
7484,ausschreiben,DE,ausschreiben,12,3,yazmak,6,2,TR,TR
7510,var,TR,Es gibt,7,1,var,3,1,TR,TR/DE
7514,ist,DE,ist,3,1,öyle,4,2,DE,DE
7518,im,DE,im,2,1,içinde,6,3,DE,DE
7509,bende,TR,Ich auch,8,1,bende,5,2,TR,DE
7519,gösteriyor,TR,zeigt,5,1,gösteriyor,10,4,DE,DE
7524,paß,DE,paß,3,1,pasaport,8,3,DE,DE
7488,schreibst,DE,schreibst,9,1,yazmak,6,2,TR,DE
7500,iǧrenç,TR,ekelhaft,8,3,iǧrenç,6,2,TR,TR
7534,geliyom,TR,ich komme,9,2,geliyom,7,3,TR,DE
7493,Annie‘den,MIXED,Annie‘den,9,2,Annie'den,9,2,TR/DE,TR/DE
7537,dört,TR,vier,4,1,dört,4,1,TR/DE,TR/DE
7487,ayak§s,MIXED,Ayak§s,6,1,ayaklar,7,3,DE,DE
7539,dann,DE,dann,4,1,Daha sonra,10,3,DE,DE
7539,sonra,TR,später,6,2,sonra,5,2,TR,TR/DE
7506,Fotokopie§den,MIXED,Fotokopie§den,13,4,Fotokopie§den,13,4,TR/DE,TR/DE
7493,kasetçi,TR,Kassettenspieler,16,5,kasetçi,7,3,TR,TR
7506,çıkardım,TR,Ich habe es abgenommen,22,5,çıkardım,8,3,TR,TR
7561,0,DE,0,1,1,0,1,1,TR/DE,TR/DE
7558,600.,DE,600.,4,1,600.,4,1,TR/DE,TR/DE
7510,Fotokopileri,MIXED,Fotokopien,10,4,Fotokopileri,12,6,DE,DE
7602,mu,TR,Ist es,6,1,mu,2,1,TR,TR/DE
7603,mu,TR,Ist es,6,1,mu,2,1,TR,TR/DE
7610,çakmak,TR,leichter,8,2,çakmak,6,2,TR,TR/DE
7610,mehr,DE,mehr,4,1,Daha,4,2,TR/DE,DE
7611,çakmak,TR,leichter,8,2,çakmak,6,2,TR,TR/DE
7611,kaufen,DE,kaufen,6,2,satın almak,11,3,DE,DE
7536,ehm,TR,ähm,3,1,ehm,3,1,TR/DE,TR/DE
7526,Dings§de,MIXED,Dings§de,8,1,Dings§de,8,1,TR/DE,TR/DE
7519,Stelle§leri,MIXED,Stelle§leri,11,3,Stella§leri,11,3,TR/DE,TR/DE
7624,saufen,DE,saufen,6,2,içmek,5,2,TR,TR/DE
7624,yaptı,TR,tat,3,1,yaptı,5,2,DE,DE
7536,Dings§de,MIXED,Dings§de,8,1,Dings§de,8,1,TR/DE,TR/DE
7626,yapıyoruz,TR,wir tun,7,1,yapıyoruz,9,4,DE,DE
7626,interpretieren,DE,interpretieren,14,5,yorumlamak,10,4,TR,TR
7636,ist,DE,ist,3,1,öyle,4,2,DE,DE
7637,wo,DE,wo,2,1,Neresi,6,3,DE,DE
7581,öööh,TR,Hm,2,1,öööh,4,1,DE,TR/DE
7558,TL,TR,TL,2,1,TL,2,1,TR/DE,TR/DE
7659,mı,TR,Ist es,6,1,mı,2,1,TR,TR/DE
7663,Gökçeada,TR,Gokceada,8,3,Gökçeada,8,3,TR/DE,TR/DE
7675,da,TR,In,2,1,da,2,1,TR/DE,TR/DE
7687,ya,TR,entweder,8,3,ya,2,1,TR,TR
7601,yazıyor,TR,schreibt,8,1,yazıyor,7,3,TR,DE
7571,çektim,TR,Ich habe genommen,17,4,çektim,6,2,TR,TR
7634,danach,DE,danach,6,2,bundan sonra,12,3,DE,DE
7642,kalsın,TR,weiter so,9,2,kalsın,6,2,TR,TR/DE
7712,eins,DE,eins,4,1,bir,3,1,TR,TR/DE
7650,Kemer,TR,Gürtel,6,2,Kemer,5,2,TR,TR/DE
7690,wer,DE,wer,3,1,DSÖ,3,1,TR/DE,TR/DE
7712,hab,DE,hab,3,1,sahip olmak,11,3,DE,DE
7561,TL,TR,TL,2,1,TL,2,1,TR/DE,TR/DE
7715,yapıyorum,TR,Ich mache,9,2,yapıyorum,9,4,TR/DE,DE
7717,dönem,TR,Zeitraum,8,2,dönem,5,2,TR,TR/DE
7712,zwei,DE,zwei,4,1,iki,3,2,TR,DE
7695,okuma,TR,Lektüre,7,3,okuma,5,3,TR,TR/DE
7721,ne,TR,Was,3,1,ne,2,1,TR,TR/DE
7712,psikoloji,TR,Psychologie,11,4,psikoloji,9,4,TR,TR/DE
7715,bereuen,DE,bereuen,7,2,pişmanlık,9,3,DE,DE
7717,neun,DE,neun,4,1,dokuz,5,2,DE,DE
7688,Burcu,LANG3,Sternzeichen,12,3,Burcu,5,2,TR,TR
7731,und,DE,und,3,1,Ve,2,1,TR,TR/DE
7735,ne,TR,Was,3,1,ne,2,1,TR,TR/DE
7740,ilk,TR,Erste,5,2,ilk,3,1,TR,TR
7747,ich,DE,ich,3,1,BEN,3,1,TR/DE,TR/DE
7755,şey,TR,Ding,4,1,şey,3,1,TR,TR/DE
7722,plus,TR,Plus,4,1,plus,4,1,TR/DE,TR/DE
7758,diye,TR,Sprichwort,10,2,diye,4,2,TR,TR/DE
7759,dedim,TR,Ich sagte,9,2,dedim,5,2,TR,TR/DE
7760,var,TR,Es gibt,7,1,var,3,1,TR,TR/DE
7761,dedim,TR,Ich sagte,9,2,dedim,5,2,TR,TR/DE
7762,falan,TR,wie,3,1,falan,5,2,DE,DE
7763,falan,TR,wie,3,1,falan,5,2,DE,DE
7613,kekin,TR,Dein Kuchen,11,2,kekin,5,2,TR,TR/DE
7765,dedim,TR,Ich sagte,9,2,dedim,5,2,TR,TR/DE
7612,kek§s,MIXED,kek§s,5,1,kek§s,5,1,TR/DE,TR/DE
7765,dedim,TR,Ich sagte,9,2,dedim,5,2,TR,TR/DE
7700,yeter,TR,genug,5,2,yeter,5,2,TR/DE,TR/DE
7613,kek§s,MIXED,kek§s,5,1,kek§s,5,1,TR/DE,TR/DE
7725,Fächer,DE,Fächer,6,2,fan,3,1,TR,TR
7771,da,TR,In,2,1,da,2,1,TR/DE,TR/DE
7775,Distanz,DE,Distanz,7,2,mesafe,6,3,TR,DE
7775,vardı,TR,es gab,6,1,vardı,5,2,TR,DE
7725,başka,TR,Ein anderer,11,3,başka,5,2,TR,TR
7765,speziell,DE,speziell,8,2,özel,4,2,TR,TR/DE
7792,war,DE,war,3,1,öyleydi,7,3,DE,DE
7793,war,DE,war,3,1,öyleydi,7,3,DE,DE
7765,abstrakt,DE,abstrakt,8,2,soyut,5,2,TR,TR/DE
7725,bambaşka,TR,ganz anders,11,2,bambaşka,8,3,TR,DE
7788,wann,DE,wann,4,1,Ne zaman,8,2,DE,DE
7767,geçiyor,TR,vorbeigehen,11,3,geçiyor,7,3,TR,TR/DE
7795,e,TR,Zu,2,1,e,1,1,TR,TR/DE
7817,hm,DE,hm,2,1,Hm,2,1,TR/DE,TR/DE
7817,sor,TR,Herr,4,1,sor,3,1,TR,TR/DE
7818,konuşmaya,TR,reden,5,2,konuşmaya,9,4,DE,DE
7721,sieben§mış,MIXED,Sieben§mış,10,2,sieben§mış,10,2,TR/DE,TR/DE
7819,yaparken,TR,dabei,5,2,yaparken,8,3,DE,DE
7811,Muzaffer,DE,Muzaffer,8,3,Muzaffer,8,3,TR/DE,TR/DE
7834,B,DE,B,1,1,B,1,1,TR/DE,TR/DE
7850,wir,DE,wir,3,1,Biz,3,1,TR/DE,TR/DE
7863,çünkü,TR,Weil,4,1,çünkü,5,2,DE,DE
7863,im,DE,im,2,1,içinde,6,3,DE,DE
7802,Rabbim,DE,Rabbim,6,2,Rabbim,6,2,TR/DE,TR/DE
7758,Textsorte,DE,Textsorte,9,3,Metin türü,10,3,DE,TR/DE
7883,noch,DE,noch,4,1,Hala,4,2,TR/DE,DE
7814,Kevser,DE,Kevser,6,2,Kevser,6,2,TR/DE,TR/DE
7819,transkribieren,DE,transkribieren,14,4,uyarlamak,9,4,TR,TR/DE
7777,yapmıyor,TR,geht nicht,10,1,yapmıyor,8,3,TR,DE
7905,geldi,TR,kam,3,1,geldi,5,2,DE,DE
7907,Ja,DE,Ja,2,1,Evet,4,2,DE,DE
7908,dedi,TR,sagte er,8,2,dedi,4,2,TR,TR/DE
7909,diyor,TR,sagt,4,1,diyor,5,2,DE,DE
7834,A,DE,A,1,1,A,1,1,TR/DE,TR/DE
7914,ja,DE,ja,2,1,Evet,4,2,DE,DE
7914,diyorum,TR,Ich sage,8,2,diyorum,7,3,TR,DE
7923,das,DE,das,3,1,the,3,1,TR/DE,TR/DE
7864,Englisches,DE,Englisches,10,3,İngilizce,9,3,TR,TR/DE
7887,H,DE,H,1,1,H,1,1,TR/DE,TR/DE
7928,hm,DE,hm,2,1,Hm,2,1,TR/DE,TR/DE
7924,lernen,DE,lernen,6,2,öğrenmek,8,3,DE,DE
7913,Literatur,DE,Literatur,9,4,edebiyat,8,4,TR,TR/DE
7941,deǧil,TR,nicht,5,1,deǧil,5,1,TR/DE,TR/DE
7943,wenn,DE,wenn,4,1,eğer,4,2,TR/DE,DE
7955,zum,DE,zum,3,1,için,4,2,DE,DE
7927,alle,DE,alle,4,2,Tümü,4,2,TR/DE,TR/DE
7938,onları,TR,Ihnen,5,2,onları,6,3,DE,DE
7892,bence,TR,meiner Meinung nach,19,3,bence,5,2,TR,TR
7962,Walkman,LANG3,Walkman,7,2,Walkman'im,10,2,DE,TR/DE
7963,Walkman,LANG3,Walkman,7,2,Walkman'im,10,2,DE,TR/DE
7771,tuhaftı,MIXED,es war seltsam,14,2,tuhaftı,7,3,TR,DE
7965,warum,DE,warum,5,2,Neden,5,2,TR/DE,TR/DE
7968,mit,DE,mit,3,1,ile,3,2,TR/DE,DE
7968,Walkman,LANG3,Walkman,7,2,Walkman'im,10,2,DE,TR/DE
7939,Etüt,TR,Studie,6,2,Etüt,4,2,TR,TR/DE
7955,on,TR,Front,5,1,on,2,1,TR,TR/DE
7957,Bücher,DE,Bücher,6,2,Kitaplar,8,3,DE,DE
7978,ich,DE,ich,3,1,BEN,3,1,TR/DE,TR/DE
7987,machen,DE,machen,6,2,yapmak,6,2,TR/DE,TR/DE
7995,ich,DE,ich,3,1,BEN,3,1,TR/DE,TR/DE
7963,verboten,DE,verboten,8,3,yasaklı,7,3,TR,TR/DE
7957,vesaire,TR,usw.,4,1,vesaire,7,3,DE,DE
7976,Montag,DE,Montag,6,2,Pazartesi,9,4,DE,DE
8004,haberler,TR,Nachricht,9,2,haberler,8,3,TR,DE
8004,haberler,TR,Nachricht,9,2,haberler,8,3,TR,DE
8007,Rüzgarı,MIXED,Wind,4,1,Rüzgarı,7,3,DE,DE
8061,yapayım,TR,Lass mich machen,16,2,yapayım,7,3,TR,DE
7767,konkret§e,MIXED,konkret§e,9,2,konkretşe,9,3,TR/DE,DE
7905,Jonas,DE,Jonas,5,2,Jonas,5,2,TR/DE,TR/DE
8070,da,TR,In,2,1,da,2,1,TR/DE,TR/DE
8072,da,DE,da,2,1,Orası,5,3,DE,DE
8004,dies,DE,dies,4,1,Bu,2,1,TR,TR/DE
8064,şu,TR,Das,3,1,şu,2,1,TR,TR/DE
8077,ist,DE,ist,3,1,öyle,4,2,DE,DE
7970,başkasını,TR,jemand anderes,14,4,başkasını,9,4,TR,TR/DE
7811,nişanlandı,TR,habe mich verlobt,17,3,nişanlandı,10,4,TR,DE
8004,Star,LANG3,Stern,5,1,Yıldız,6,2,DE,DE
8077,eee,TR,äh,2,1,eee,3,1,DE,TR/DE
8082,bis,DE,bis,3,1,değin,5,2,DE,DE
8085,nur,DE,nur,3,1,sadece,6,3,DE,DE
8082,kadrolu,TR,regulär,7,3,kadrolu,7,3,TR/DE,TR/DE
8083,Doç.,TR,Assoc.,6,2,Doç.,4,1,TR,TR
8083,Dr.,DE,Dr.,3,1,Dr.,3,1,TR/DE,TR/DE
8093,hm,DE,hm,2,1,Hm,2,1,TR/DE,TR/DE
8096,değil,TR,nicht,5,1,değil,5,2,TR/DE,DE
8097,benim,TR,Meins,5,1,benim,5,2,TR/DE,DE
8074,sözleşmeli,TR,vertraglich,11,3,sözleşmeli,10,4,TR,DE
7995,sizde,TR,Du auch,7,1,sizde,5,2,TR,DE
8105,die,DE,die,3,1,the,3,1,TR/DE,TR/DE
8078,Şeyma,TR,Shayma,6,2,Şeyma,5,2,TR,TR/DE
8108,ich,DE,ich,3,1,BEN,3,1,TR/DE,TR/DE
8090,bilmiyorum,TR,Ich weiß nicht,14,1,bilmiyorum,10,4,TR,DE
8108,ich,DE,ich,3,1,BEN,3,1,TR/DE,TR/DE
8108,falan,TR,wie,3,1,falan,5,2,DE,DE
8108,ich,DE,ich,3,1,BEN,3,1,TR/DE,TR/DE
7879,Kassettenrecorder,MIXED,Tonbandgerät,12,4,Kayıt cihazı,12,4,TR/DE,TR/DE
8068,Lehrbeauftragter,DE,Lehrbeauftragter,16,4,Öğretim Görevlisi,17,6,DE,DE
8106,Moment,DE,Moment,6,2,an,2,1,TR,TR
8111,hab,DE,hab,3,1,sahip olmak,11,3,DE,DE
8105,hahaha,TR,hahaha,6,1,hahaha,6,3,TR/DE,DE
8111,gesagt,DE,gesagt,6,2,söz konusu,10,3,DE,DE
8092,gel,TR,kommen,6,2,gel,3,1,TR,TR
8112,gesagt,DE,gesagt,6,2,söz konusu,10,3,DE,DE
8111,als,DE,als,3,1,gibi,4,2,DE,DE
8116,gesagt,DE,gesagt,6,2,söz konusu,10,3,DE,DE
8112,S.,TR,S.,2,1,S.,2,1,TR/DE,TR/DE
8111,Hanım,TR,Frau,4,1,Hanım,5,2,DE,DE
8111,gel,TR,kommen,6,2,gel,3,1,TR,TR
8120,gegangen,DE,gegangen,8,3,gitmiş,6,2,TR,TR
8121,hat,DE,hat,3,1,sahip olmak,11,3,DE,DE
8120,muhasebeci,TR,Buchhalter,10,3,muhasebeci,10,5,TR/DE,DE
8120,muhasebeci,TR,Buchhalter,10,3,muhasebeci,10,5,TR/DE,DE
8122,bist,DE,bist,4,1,öyle,4,2,TR/DE,DE
8120,gesprochen,DE,gesprochen,10,3,konuşulan,9,4,TR,DE
8124,das,DE,das,3,1,the,3,1,TR/DE,TR/DE
8124,sözleşmeli,TR,vertraglich,11,3,sözleşmeli,10,4,TR,DE
8108,tabi,TR,unterliegen,11,4,tabi,4,2,TR,TR
8087,sözleşmeli,TR,vertraglich,11,3,sözleşmeli,10,4,TR,DE
8129,dedi,TR,sagte er,8,2,dedi,4,2,TR,TR/DE
8121,muhasebeci,TR,Buchhalter,10,3,muhasebeci,10,5,TR/DE,DE
8121,vorbei,DE,vorbei,6,2,üzerinde,8,4,DE,DE
8123,otuz,TR,dreißig,7,2,otuz,4,2,TR,TR/DE
8133,Dekanlık,TR,Dekanat,7,3,Dekanlık,8,3,DE,TR/DE
8128,muhasebe,TR,Buchhaltung,11,3,muhasebe,8,4,TR,DE
8136,elden,TR,außer Kontrolle,15,4,elden,5,2,TR,TR
8139,otuz,TR,dreißig,7,2,otuz,4,2,TR,TR/DE
8139,arbeiten,DE,arbeiten,8,3,iş,2,1,TR,TR
8139,dosya,TR,Datei,5,2,dosya,5,2,TR/DE,TR/DE
8138,dikkatimi,TR,meine Aufmerksamkeit,20,5,dikkatimi,9,4,TR,TR
8116,Nebahat,TR,Nebahat,7,2,Nebahat,7,3,TR/DE,DE
8139,Liste,DE,Liste,5,2,liste,5,2,TR/DE,TR/DE
8161,ne,TR,Was,3,1,ne,2,1,TR,TR/DE
8165,hm,DE,hm,2,1,Hm,2,1,TR/DE,TR/DE
8172,natürlich,DE,natürlich,9,3,doğal olarak,12,4,DE,DE
8133,beim,DE,beim,4,1,en,2,1,TR,TR/DE
8173,musst,DE,musst,5,1,mutlak,6,2,DE,DE
8128,holen,DE,holen,5,2,gidip getirmek,14,4,DE,DE
8173,machen,DE,machen,6,2,yapmak,6,2,TR/DE,TR/DE
8149,çeviri,TR,Übersetzung,11,4,çeviri,6,3,TR,TR
8158,avans,TR,Vorauszahlung,13,4,avans,5,2,TR,TR
8189,özel,TR,besonders,9,3,özel,4,2,TR,TR
8191,özel,TR,besonders,9,3,özel,4,2,TR,TR
8173,etüt,TR,Studie,6,2,etüt,4,2,TR,TR/DE
8191,var,TR,Es gibt,7,1,var,3,1,TR,TR/DE
8192,und,DE,und,3,1,Ve,2,1,TR,TR/DE
7970,Walkman'de,MIXED,Walkman'de,10,2,Walkman'de,10,2,TR/DE,TR/DE
8172,bütün,TR,alle,4,2,bütün,5,2,DE,TR/DE
8199,Schule,DE,Schule,6,2,Okul,4,2,TR,TR/DE
8178,Havva,DE,Havva,5,2,Havva,5,2,TR/DE,TR/DE
8207,ganz,DE,ganz,4,1,epeyce,6,3,DE,DE
8178,konuşma,TR,Rede,4,2,konuşma,7,3,DE,DE
8196,kommen,DE,kommen,6,2,Gelmek,6,2,TR/DE,TR/DE
8209,Lise,TR,Gymnasium,9,3,Lise,4,2,TR,TR
8199,İmam,TR,Imam,4,2,İmam,4,2,TR/DE,TR/DE
8207,İmam,TR,Imam,4,2,İmam,4,2,TR/DE,TR/DE
8158,Million,DE,Million,7,2,milyon,6,2,TR,TR/DE
8250,ist,DE,ist,3,1,öyle,4,2,DE,DE
8252,ist,DE,ist,3,1,öyle,4,2,DE,DE
8255,desen,TR,Muster,6,2,desen,5,2,TR,TR/DE
8101,Feruzan,TR,Feruzan,7,3,Feruzan,7,3,TR/DE,TR/DE
8108,Hanımla,TR,mit der Dame,12,2,Hanımla,7,3,TR,DE
8248,sind,DE,sind,4,1,öyle,4,2,TR/DE,DE
8261,beni,TR,Mich,4,1,beni,4,2,TR/DE,DE
8211,Kolleg,DE,Kolleg,6,2,İş arkadaşı,11,4,DE,DE
8262,meine,DE,meine,5,2,bana ait,8,2,DE,TR/DE
8262,dersini,TR,Deine Lektion,13,3,dersini,7,3,TR,TR/DE
8147,Hollmann,DE,Hollmann,8,2,Holman,6,2,TR,TR/DE
8262,Chomsky,DE,Chomsky,7,2,Chomsky,7,1,TR/DE,TR
8270,varmış,TR,es gab,6,1,varmış,6,2,TR/DE,DE
8278,unintelligible,DE,unintelligible,14,6,anlaşılmaz,10,4,TR,TR
8281,und,DE,und,3,1,Ve,2,1,TR,TR/DE
8281,çeviri,TR,Übersetzung,11,4,çeviri,6,3,TR,TR
8264,bastı,TR,gedrückt,8,2,bastı,5,2,TR,TR/DE
8286,olur,TR,Es ist möglich,14,2,olur,4,2,TR,TR/DE
8288,O.k.,TR,Pfeil.,6,1,O.k.,4,1,TR,TR/DE
8289,Almanca,TR,Deutsch,7,1,Almanca,7,3,TR/DE,DE
8289,und,DE,und,3,1,Ve,2,1,TR,TR/DE
8191,züppeler,MIXED,Snobs,5,1,züppeler,8,3,DE,DE
8290,bir,TR,Eins,4,1,bir,3,1,TR,TR/DE
8290,Philologie,DE,Philologie,10,4,filoloji,8,4,TR,TR/DE
8290,bir,TR,Eins,4,1,bir,3,1,TR,TR/DE
8290,master,LANG3,Master,6,2,usta,4,2,TR,TR/DE
8290,Philologie,DE,Philologie,10,4,filoloji,8,4,TR,TR/DE
8294,die,DE,die,3,1,the,3,1,TR/DE,TR/DE
8262,Pragmatik’i,MIXED,Pragmatisch,11,3,Pragmatik,9,3,TR,TR/DE
8262,okuyordum,TR,Ich habe gelesen,16,4,okuyordum,9,4,TR,TR/DE
8230,Karadenizli,TR,aus dem Schwarzen Meer,22,2,Karadenizli,11,5,TR,DE
8302,master,LANG3,Master,6,2,usta,4,2,TR,TR/DE
8286,ihmalkâr,MIXED,unvorsichtig,12,4,dikkatsiz,9,3,TR,TR
8294,ilan,TR,hinweisen,9,3,ilan,4,2,TR,TR
8241,Karadenizli,TR,aus dem Schwarzen Meer,22,2,Karadenizli,11,5,TR,DE
8321,ihr,DE,ihr,3,1,o,1,1,TR,TR/DE
8290,açacak,TR,Öffner,6,2,açacak,6,3,TR/DE,DE
8270,gangsterler,MIXED,Gangster,8,2,gangsterler,11,3,DE,DE
8338,master,LANG3,Master,6,2,usta,4,2,TR,TR/DE
8316,kazanacak,TR,wird gewinnen,13,3,kazanacak,9,4,TR,DE
8342,Philologie,DE,Philologie,10,4,filoloji,8,4,TR,TR/DE
8336,Edebiyat,TR,Literatur,9,4,Edebiyat,8,4,TR,TR/DE
8344,master,LANG3,Master,6,2,usta,4,2,TR,TR/DE
8302,öǧrencisi,TR,Student,7,2,öǧrencisi,9,4,DE,DE
8342,yapmadık,TR,wir haben es nicht getan,24,3,yapmadık,8,3,TR,TR/DE
8354,Almanca,TR,Deutsch,7,1,Almanca,7,3,TR/DE,DE
8354,master,LANG3,Master,6,2,usta,4,2,TR,TR/DE
8296,okullar,TR,Schulen,7,2,okullar,7,3,TR/DE,DE
8300,öğrencisi,TR,Student,7,2,öğrencisi,9,4,DE,DE
8248,Kradenizli,MIXED,Kradenizli,10,4,Kradenizli,10,4,TR/DE,TR/DE
8278,gitmişsin,TR,du bist weg,11,1,gitmişsin,9,3,TR,DE
8324,Eylül'de,TR,Im September,12,3,Eylül'de,8,2,TR,TR
8354,beide,DE,beide,5,2,ikisi birden,12,4,DE,DE
8360,ich,DE,ich,3,1,BEN,3,1,TR/DE,TR/DE
8362,du,DE,du,2,1,Sen,3,1,DE,TR/DE
8354,ders,TR,Lektion,7,2,ders,4,1,TR,TR
8367,ganz,DE,ganz,4,1,epeyce,6,3,DE,DE
8344,dersi,TR,Lektion,7,2,dersi,5,2,TR,TR/DE
8354,Daller,TR,Zweige,6,2,Daller,6,2,TR/DE,TR/DE
8369,ich,DE,ich,3,1,BEN,3,1,TR/DE,TR/DE
8371,wie,DE,wie,3,1,Nasıl,5,2,DE,DE
8374,master,LANG3,Master,6,2,usta,4,2,TR,TR/DE
8354,Jeanine,LANG3,Jeanine,7,3,Jeanine,7,3,TR/DE,TR/DE
8377,das,DE,das,3,1,the,3,1,TR/DE,TR/DE
8377,çok,TR,Eine Menge,10,3,çok,3,1,TR,TR
8380,master,LANG3,Master,6,2,usta,4,2,TR,TR/DE
8380,yapacaksın,TR,Du wirst,8,1,yapacaksın,10,4,DE,DE
8380,also,DE,also,4,2,Bu yüzden,9,2,DE,TR/DE
8380,dört,TR,vier,4,1,dört,4,1,TR/DE,TR/DE
8380,master,LANG3,Master,6,2,usta,4,2,TR,TR/DE
8380,yapacaksın,TR,Du wirst,8,1,yapacaksın,10,4,DE,DE
8385,master,LANG3,Master,6,2,usta,4,2,TR,TR/DE
8354,Daller,TR,Zweige,6,2,Daller,6,2,TR/DE,TR/DE
8388,du,DE,du,2,1,Sen,3,1,DE,TR/DE
8395,master,LANG3,Master,6,2,usta,4,2,TR,TR/DE
8374,yapmak,TR,zu tun,6,1,yapmak,6,2,TR/DE,DE
8367,rahat,TR,komfortabel,11,4,rahat,5,2,TR,TR
8385,yapmak,TR,zu tun,6,1,yapmak,6,2,TR/DE,DE
8367,außerdem,DE,außerdem,8,3,bunun dışında,13,4,DE,DE
8396,hayır,TR,NEIN,4,1,hayır,5,2,DE,DE
8338,yapmıyoruz,TR,wir nicht,9,1,yapmıyoruz,10,4,DE,DE
8410,master,LANG3,Master,6,2,usta,4,2,TR,TR/DE
8354,yapılırsa,TR,wenn fertig,11,2,yapılırsa,9,4,TR,DE
8414,was,DE,was,3,1,Ne,2,1,TR,TR/DE
8354,Filolojide,MIXED,in der Philologie,17,4,Filolojide,10,5,TR,DE
8395,yapsam,TR,wenn ich es tue,15,1,yapsam,6,2,TR,DE
8316,masterı,MIXED,Meister,7,2,usta,4,2,TR,TR/DE
8417,şark,TR,Orient,6,2,şark,4,1,TR,TR
8418,master,LANG3,Master,6,2,usta,4,2,TR,TR/DE
8418,yapıyorsun,TR,Du tust,7,1,yapıyorsun,10,4,DE,DE
8406,açtı,TR,geöffnet,8,2,açtı,4,2,TR,TR/DE
8405,gönderelim,TR,lass uns senden,15,2,gönderelim,10,4,TR,DE
8410,sınavlarına,TR,zu deinen Prüfungen,19,4,sınavlarına,11,5,TR,DE
8428,master,LANG3,Master,6,2,usta,4,2,TR,TR/DE
8428,yapmak,TR,zu tun,6,1,yapmak,6,2,TR/DE,DE
8429,was,DE,was,3,1,Ne,2,1,TR,TR/DE
8431,master,LANG3,Master,6,2,usta,4,2,TR,TR/DE
8431,öǧrencisi,TR,Student,7,2,öǧrencisi,9,4,DE,DE
8365,zorlanmadım,TR,Es fiel mir nicht schwer,24,1,zorlanmadım,11,4,TR,DE
8419,Milli,MIXED,National,8,3,Ulusal,6,3,TR,TR/DE
8433,bir,TR,Eins,4,1,bir,3,1,TR,TR/DE
8417,öǧretmenliǧi,TR,Lehrauftrag,11,3,öǧretmenliǧi,12,4,DE,DE
8417,Eğitim’de,MIXED,in der Bildung,14,2,Eğitim’de,9,3,TR,DE
8462,yararlı,TR,vorteilhaft,11,3,yararlı,7,3,TR,TR/DE
8432,Germanistik,DE,Germanistik,11,4,Almanca çalışmaları,19,7,DE,DE
8465,Chomsky,DE,Chomsky,7,2,Chomsky,7,1,TR/DE,TR
8465,ne,TR,Was,3,1,ne,2,1,TR,TR/DE
8417,Eğitim’de,MIXED,in der Bildung,14,2,Eğitim’de,9,3,TR,DE
8468,diyorum,TR,Ich sage,8,2,diyorum,7,3,TR,DE
8470,er,DE,er,2,1,O,1,1,TR,TR/DE
8473,musst,DE,musst,5,1,mutlak,6,2,DE,DE
8451,gidiyoruz,TR,wir gehen,9,1,gidiyoruz,9,4,TR/DE,DE
8467,kompatibel,DE,kompatibel,10,4,uyumlu,6,3,TR,TR
8465,hakkında,TR,um,2,1,hakkında,8,3,DE,DE
8405,Filolojiye,MIXED,zur Philologie,14,4,Filolojiye,10,5,TR,DE
8483,Trabzon,TR,Trabzon,7,2,Trabzon,7,2,TR/DE,TR/DE
8515,hat,DE,hat,3,1,sahip olmak,11,3,DE,DE
8524,dedim,TR,Ich sagte,9,2,dedim,5,2,TR,TR/DE
8432,konusunda,TR,um,2,1,konusunda,9,4,DE,DE
8529,şimdi,TR,Jetzt,5,1,şimdi,5,2,TR/DE,DE
8531,yok,TR,NEIN,4,1,yok,3,1,TR,TR/DE
8484,Beşiktaş,TR,Besiktas,8,3,Beşiktaş,8,3,TR/DE,TR/DE
8577,de,TR,Auch,4,1,de,2,1,TR,TR/DE
8577,Analyse,DE,Analyse,7,4,analiz,6,3,TR,TR
8616,unintelligible,DE,unintelligible,14,6,anlaşılmaz,10,4,TR,TR
8616,olacak,TR,wird sein,9,1,olacak,6,3,TR,DE
8616,unintelligible,DE,unintelligible,14,6,anlaşılmaz,10,4,TR,TR
8427,diyecek,TR,werde sagen,11,3,diyecek,7,3,TR,TR/DE
8579,Mädchen,DE,Mädchen,7,2,Kız,3,1,TR,TR
8651,şimdi,TR,Jetzt,5,1,şimdi,5,2,TR/DE,DE
8653,mi,TR,Ist es,6,1,mi,2,1,TR,TR/DE
8664,ich,DE,ich,3,1,BEN,3,1,TR/DE,TR/DE
8664,derken,TR,während ich sage,16,3,derken,6,2,TR,TR
8667,noch,DE,noch,4,1,Hala,4,2,TR/DE,DE
8667,böyle,TR,so was,6,1,böyle,5,2,TR,DE
8406,Filoloji,MIXED,Philologisch,12,4,Filolojik,9,4,TR,TR/DE
8668,var,TR,Es gibt,7,1,var,3,1,TR,TR/DE
8669,demek,TR,bedeutet,8,3,demek,5,2,TR,TR
8616,ilerde,TR,voraus,6,2,ilerde,6,3,TR/DE,DE
8649,um,DE,um,2,1,etrafında,9,4,DE,DE
8668,Betonung,DE,Betonung,8,3,vurgu,5,2,TR,TR
8419,başvurmadık,TR,wir haben uns nicht beworben,28,4,başvurmadık,11,4,TR,TR/DE
8514,neler,TR,Was,3,1,neler,5,2,DE,DE
8681,enişte,TR,Schwager,8,2,enişte,6,3,TR,DE
8698,var,TR,Es gibt,7,1,var,3,1,TR,TR/DE
8693,Taksim,TR,Taksim,6,2,Taksim,6,2,TR/DE,TR/DE
8675,Ayşegül,TR,Aysegul,7,3,Ayşegül,7,3,TR/DE,TR/DE
8722,hm,DE,hm,2,1,Hm,2,1,TR/DE,TR/DE
8731,o,TR,Er,2,1,o,1,1,TR,TR/DE
8529,Paris'te,MIXED,Paris,5,2,Paris,5,2,TR/DE,TR/DE
8732,var,TR,Es gibt,7,1,var,3,1,TR,TR/DE
8498,hapşırmak,TR,niesen,6,2,hapşırmak,9,3,DE,DE
8734,var,TR,Es gibt,7,1,var,3,1,TR,TR/DE
8734,Präposition,DE,Präposition,11,4,edat,4,2,TR,TR
8734,nedir,TR,Warum,5,2,nedir,5,2,TR/DE,TR/DE
8696,Mecidiyeköy’e,TR,nach Mecidiyeköy,16,4,Mecidiyeköy’e,13,5,TR,DE
8734,sen,TR,Du,2,1,sen,3,1,DE,TR/DE
8734,dedim,TR,Ich sagte,9,2,dedim,5,2,TR,TR/DE
8734,verbalen,DE,verbalen,8,3,sözlü,5,2,TR,TR
8735,çıktı,TR,Ausgabe,7,3,çıktı,5,2,TR,TR
8735,hm,DE,hm,2,1,Hm,2,1,TR/DE,TR/DE
8709,Maltepe'ye,MIXED,nach Maltepe,12,3,Maltepe'ye,10,3,TR,TR/DE
8734,Prädikation,DE,Prädikation,11,4,tahmin,6,2,TR,TR
8674,gemein§sın,MIXED,allgemein§sın,13,3,gemein§sın,10,2,TR,TR
8732,Lexikon,DE,Lexikon,7,3,Sözlük,6,2,TR,TR
8744,Türkçe,TR,Türkisch,8,2,Türkçe,6,2,TR,TR/DE
8748,Ayşegül,TR,Aysegul,7,3,Ayşegül,7,3,TR/DE,TR/DE
8698,Taksim,DE,Taksim,6,2,Taksim,6,2,TR/DE,TR/DE
8750,Ayşegül,TR,Aysegul,7,3,Ayşegül,7,3,TR/DE,TR/DE
8451,ABC'ye,MIXED,ABC'ye,6,1,ABC'ye,6,1,TR/DE,TR/DE
8756,was,DE,was,3,1,Ne,2,1,TR,TR/DE
8476,Beril,DE,Beril,5,2,Beril,5,2,TR/DE,TR/DE
8757,auf,DE,auf,3,1,Açık,4,2,DE,DE
8763,yapmışlar,TR,Das haben sie getan,19,3,yapmışlar,9,3,TR,TR/DE
8765,wie,DE,wie,3,1,Nasıl,5,2,DE,DE
8770,önemli,TR,wichtig,7,2,önemli,6,3,TR,DE
8735,Band,LANG3,Band,4,1,Bant,4,1,TR/DE,TR/DE
8771,tut,TR,Tutu,4,2,tut,3,1,TR,TR
8776,was,DE,was,3,1,Ne,2,1,TR,TR/DE
8778,war,DE,war,3,1,öyleydi,7,3,DE,DE
8778,Salı,TR,Dienstag,8,2,Salı,4,2,TR,TR/DE
8782,Salı,TR,Dienstag,8,2,Salı,4,2,TR,TR/DE
8750,selbst,DE,selbst,6,1,kendisi,7,3,DE,DE
8737,yeri,TR,Ort,3,1,yeri,4,2,DE,DE
8784,Program,DE,Program,7,2,programı,8,3,DE,DE
8786,nie,DE,nie,3,1,Asla,4,2,DE,DE
8740,almışlar,TR,sie nahmen,10,2,almışlar,8,3,TR,DE
8787,einmal,DE,einmal,6,2,bir kere,8,2,DE,TR/DE
8786,No,LANG3,NEIN,4,1,HAYIR,5,2,DE,DE
8811,mü,TR,Ist es,6,1,mü,2,1,TR,TR/DE
8812,de,TR,Auch,4,1,de,2,1,TR,TR/DE
8812,de,TR,Auch,4,1,de,2,1,TR,TR/DE
8817,Beril,DE,Beril,5,2,Beril,5,2,TR/DE,TR/DE
8792,ah,TR,Ah,2,1,ah,2,1,TR/DE,TR/DE
8748,sich,DE,sich,4,1,kendisi,7,3,DE,DE
8820,Synonyme,DE,Synonyme,8,4,Eş anlamlılar,13,4,DE,TR/DE
8740,Export§lardan,MIXED,Export§lardan,13,3,İhracat§lardan,14,4,DE,DE
8825,değil,TR,nicht,5,1,değil,5,2,TR/DE,DE
8827,mi,TR,Ist es,6,1,mi,2,1,TR,TR/DE
8744,Export§larından,MIXED,Export§larından,15,3,İhracat§larından,16,5,DE,DE
8827,mi,TR,Ist es,6,1,mi,2,1,TR,TR/DE
8833,ja,DE,ja,2,1,Evet,4,2,DE,DE
8834,var,TR,Es gibt,7,1,var,3,1,TR,TR/DE
8834,Dings,DE,Dings,5,1,Dingler,7,2,DE,DE
8834,ama,TR,Aber,4,2,ama,3,2,TR,TR/DE
8827,Stil,DE,Stil,4,1,stil,4,1,TR/DE,TR/DE
8709,bineriz,TR,wir fahren,10,2,bineriz,7,3,TR,DE
8847,deǧil,TR,nicht,5,1,deǧil,5,1,TR/DE,TR/DE
8854,oder,DE,oder,4,2,veya,4,2,TR/DE,TR/DE
8820,söyleyeyim,TR,Lass es mich dir sagen,22,2,söyleyeyim,10,4,TR,DE
8868,zu,DE,zu,2,1,ile,3,2,DE,DE
8834,Stil,DE,Stil,4,1,stil,4,1,TR/DE,TR/DE
8879,ne,TR,Was,3,1,ne,2,1,TR,TR/DE
8839,dil,TR,Sprache,7,2,dil,3,1,TR,TR
8868,değer,TR,Wert,4,1,değer,5,2,DE,DE
8872,Wenn,DE,Wenn,4,1,Eğer,4,2,TR/DE,DE
8884,diye,TR,Sprichwort,10,2,diye,4,2,TR,TR/DE
8784,fir,TR,Tanne,5,2,fir,3,1,TR,TR
8772,cüzdanı,TR,Geldbörse,9,3,cüzdanı,7,3,TR,TR/DE
8890,diye,TR,Sprichwort,10,2,diye,4,2,TR,TR/DE
8795,Tüte,TR,tut,3,1,Tüte,4,2,DE,DE
8908,gehört,DE,gehört,6,1,duyulmuş,8,3,DE,DE
8912,sofort,DE,sofort,6,2,hemen,5,2,TR,TR/DE
8924,mußt,DE,mußt,4,1,mutlak,6,2,DE,DE
8931,ne,TR,Was,3,1,ne,2,1,TR,TR/DE
8889,Ulli,TR,Ulli,4,2,Ulli,4,2,TR/DE,TR/DE
8889,getauft,DE,getauft,7,2,vaftiz edilmiş,14,4,DE,DE
8882,Ulli,TR,Ulli,4,2,Ulli,4,2,TR/DE,TR/DE
8960,ab,DE,ab,2,1,uzak,4,2,DE,DE
8957,söylüyorlar,TR,sagen sie,9,2,söylüyorlar,11,4,DE,DE
8965,oder,DE,oder,4,2,veya,4,2,TR/DE,TR/DE
8972,ne,TR,Was,3,1,ne,2,1,TR,TR/DE
8980,ne,TR,Was,3,1,ne,2,1,TR,TR/DE
8963,saz,TR,Schilf,6,1,saz,3,1,TR,TR/DE
9000,nen,TR,nen,3,1,nen,3,1,TR/DE,TR/DE
8825,Schti,DE,Schti,5,1,Şti,3,1,TR,TR/DE
9006,da,TR,In,2,1,da,2,1,TR/DE,TR/DE
9011,geliyorum,TR,ich komme,9,2,geliyorum,9,4,TR/DE,DE
8820,Wörter§leri,MIXED,Wörter§leri,11,3,Wörter§leri,11,3,TR/DE,TR/DE
9020,ja,DE,ja,2,1,Evet,4,2,DE,DE
9030,versuchen,DE,versuchen,9,3,girişim,7,3,TR,TR/DE
9030,yap,TR,Tun,3,1,yap,3,1,TR/DE,TR/DE
9014,kalk,TR,aufstehen,9,2,kalk,4,1,TR,TR
9049,direkt,TR,direkt,6,2,direkt,6,2,TR/DE,TR/DE
9058,anmelden,DE,anmelden,8,3,kayıt olmak,11,3,DE,TR/DE
8883,Ulli,TR,Ulli,4,2,Ulli,4,2,TR/DE,TR/DE
9058,yapılıyor,TR,wird erledigt,13,3,yapılıyor,9,4,TR,DE
9062,bak,TR,sehen,5,1,bak,3,1,TR,TR/DE
9062,bu,TR,Das,3,1,bu,2,1,TR,TR/DE
8960,diaf,TR,Membran,7,2,diaf,4,1,TR,TR
9058,auflisten,DE,auflisten,9,3,liste,5,2,TR,TR
8883,getauft,DE,getauft,7,2,vaftiz edilmiş,14,4,DE,DE
9075,yapacağım,TR,ich werde es tun,16,2,yapacağım,9,4,TR,DE
8908,Sibel,TR,Sibel,5,2,Sibel,5,2,TR/DE,TR/DE
8984,rescht,TR,rescht,6,1,rescht,6,1,TR/DE,TR/DE
9096,var,TR,Es gibt,7,1,var,3,1,TR,TR/DE
9096,var,TR,Es gibt,7,1,var,3,1,TR,TR/DE
9114,yani,TR,Also,4,2,yani,4,2,TR/DE,TR/DE
9115,ne,TR,Was,3,1,ne,2,1,TR,TR/DE
9062,hepsi,TR,alle,4,2,hepsi,5,2,DE,TR/DE
8951,Namık,TR,Namik,5,2,Namık,5,2,TR/DE,TR/DE
9065,üzerinde,TR,An,2,1,üzerinde,8,4,DE,DE
9195,da,TR,In,2,1,da,2,1,TR/DE,TR/DE
9096,Parkplatz,DE,Parkplatz,9,2,otopark,7,3,TR,DE
8757,vapur,TR,Fähre,5,2,vapur,5,2,TR/DE,TR/DE
9198,hat,DE,hat,3,1,sahip olmak,11,3,DE,DE
9081,Wartet,DE,Wartet,6,2,Beklemek,8,3,DE,DE
9197,kümmert,DE,kümmert,7,2,umurunda,8,4,DE,DE
9000,Opelhändler,DE,Opelhändler,11,4,Opel bayisi,11,4,TR/DE,TR/DE
9218,severim,TR,Ich mag,7,1,severim,7,3,TR/DE,DE
9148,O.S,TR,O.S.,4,1,O.S,3,1,TR,TR/DE
9254,ne,TR,Was,3,1,ne,2,1,TR,TR/DE
9197,Yelda,TR,Yelda,5,2,Yelda,5,2,TR/DE,TR/DE
9258,ne,TR,Was,3,1,ne,2,1,TR,TR/DE
9264,ne,TR,Was,3,1,ne,2,1,TR,TR/DE
9276,ne,TR,Was,3,1,ne,2,1,TR,TR/DE
9280,yine,TR,wieder,6,2,yine,4,2,TR,TR/DE
9280,du,DE,du,2,1,Sen,3,1,DE,TR/DE
9233,yaptılar,TR,Das haben sie getan,19,3,yaptılar,8,3,TR,TR/DE
9282,begrenzt,DE,begrenzt,8,2,sınırlı,7,3,TR,DE
9294,Veli,TR,Wächter,7,2,Veli,4,2,TR,TR/DE
9297,te,TR,Du,2,1,te,2,1,TR/DE,TR/DE
9303,n,TR,N,1,1,n,1,1,TR/DE,TR/DE
9305,n,TR,N,1,1,n,1,1,TR/DE,TR/DE
9058,yapanların,TR,"von denen, die es tun",21,2,yapanların,10,4,TR,DE
9151,bitiren,TR,Finisher,8,3,bitiren,7,3,TR,TR/DE
9338,ab,TR,eu,2,1,ab,2,1,TR/DE,TR/DE
9255,Charles,LANG3,Charles,7,2,Charles,7,2,TR/DE,TR/DE
9354,Mehmet,TR,Mehmet,6,2,Mehmet,6,2,TR/DE,TR/DE
9354,noch,DE,noch,4,1,Hala,4,2,TR/DE,DE
9355,Mehmet,TR,Mehmet,6,2,Mehmet,6,2,TR/DE,TR/DE
9062,Wohnheim§ların,MIXED,Wohnheim§ların,14,2,Wohnheim§ların,14,3,TR/DE,DE
9366,ya,TR,entweder,8,3,ya,2,1,TR,TR
9210,Krefeld’e,MIXED,Krefeld’e,9,2,Krefeld'e,9,2,TR/DE,TR/DE
9368,yaptım,TR,Das habe ich getan,18,3,yaptım,6,2,TR,TR
9382,senin,TR,dein,4,1,senin,5,2,DE,DE
9384,unintelligible,DE,unintelligible,14,6,anlaşılmaz,10,4,TR,TR
9211,Laborschule,DE,Laborschule,11,4,Laboratuvar okulu,17,7,DE,DE
9419,değil,TR,nicht,5,1,değil,5,2,TR/DE,DE
9427,so,DE,so,2,1,Bu yüzden,9,2,DE,DE
9151,Gymnasium§u,MIXED,Gymnasium§u,11,3,Gymnasium§u,11,2,TR/DE,TR
9443,Koray,TR,Koray,5,2,Koray,5,2,TR/DE,TR/DE
9443,aus,DE,aus,3,1,dışında,7,3,DE,DE
9448,Veli,TR,Wächter,7,2,Veli,4,2,TR,TR/DE
9210,taşınışımda,TR,in meinem Umzug,15,3,taşınışımda,11,5,TR,DE
9440,Ihr,DE,Ihr,3,1,O,1,1,TR,TR/DE
9339,geh,DE,geh,3,1,Gitmek,6,2,DE,DE
9368,verpassen,DE,verpassen,9,3,kayıp,5,2,TR,TR
9464,so,DE,so,2,1,Bu yüzden,9,2,DE,DE
9464,yani,TR,Also,4,2,yani,4,2,TR/DE,TR/DE
9464,bankaya,TR,zur Bank,8,1,bankaya,7,3,TR,DE
9364,ruhe,TR,Seele,5,2,ruhe,4,2,TR,TR/DE
9471,Germanistik,DE,Germanistik,11,4,Almanca çalışmaları,19,7,DE,DE
9471,okudum,TR,Ich habe gelesen,16,4,okudum,6,3,TR,TR
9453,Kütahya,TR,Kütahya,7,2,Kütahya,7,3,TR/DE,DE
9482,gemacht,DE,gemacht,7,2,yapılmış,8,3,DE,DE
9464,verdim,TR,Ich gab,7,1,verdim,6,2,TR,DE
9485,süper,TR,Super,5,2,süper,5,2,TR/DE,TR/DE
9489,altı,TR,sechs,5,1,altı,4,2,TR,DE
9300,te,TR,Du,2,1,te,2,1,TR/DE,TR/DE
9384,olmasaydı,TR,wenn nicht,10,1,olmasaydı,9,4,TR,DE
9492,falan,TR,wie,3,1,falan,5,2,DE,DE
9496,Mark,DE,Mark,4,1,işaret,6,3,DE,DE
9466,yazdın,TR,du hast geschrieben,19,3,yazdın,6,2,TR,TR
9502,da,TR,In,2,1,da,2,1,TR/DE,TR/DE
9321,diyecektin,TR,wolltest du sagen,17,3,diyecektin,10,4,TR,DE
9305,Sozialarbeiterbüro,DE,Sozialarbeiterbüro,18,7,Sosyal Hizmet Görevlisi Ofisi,29,8,DE,DE
9506,ne,TR,Was,3,1,ne,2,1,TR,TR/DE
9492,Mark,LANG3,Markieren,9,3,İşaret,6,3,TR,TR/DE
9543,böyle,TR,so was,6,1,böyle,5,2,TR,DE
9543,doch,DE,doch,4,1,Ancak,5,2,DE,DE
9543,doch,DE,doch,4,1,Ancak,5,2,DE,DE
9543,neydi,TR,Was war das?,12,1,neydi,5,2,TR,DE
9547,yaptı,TR,tat,3,1,yaptı,5,2,DE,DE
9557,ne,TR,Was,3,1,ne,2,1,TR,TR/DE
9563,süper,TR,Super,5,2,süper,5,2,TR/DE,TR/DE
9568,ne,TR,Was,3,1,ne,2,1,TR,TR/DE
9547,einladen,DE,einladen,8,3,davet etmek,11,3,DE,TR/DE
9573,ne,TR,Was,3,1,ne,2,1,TR,TR/DE
9568,Vorlesung,DE,Vorlesung,9,3,ders,4,1,TR,TR
9590,diyor,TR,sagt,4,1,diyor,5,2,DE,DE
9595,ne,TR,Was,3,1,ne,2,1,TR,TR/DE
9573,Gruppen,DE,Gruppen,7,2,gruplar,7,2,TR/DE,TR/DE
9466,Krefeld,DE,Krefeld,7,2,Krefeld,7,2,TR/DE,TR/DE
9618,yerinde,TR,an Ort und Stelle,17,2,yerinde,7,3,TR,DE
9619,o,TR,Er,2,1,o,1,1,TR,TR/DE
9482,Kerzen,TR,Kerzen,6,2,Kerzen,6,2,TR/DE,TR/DE
9485,kerzen,TR,Kerzen,6,2,kerzen,6,2,TR/DE,TR/DE
9620,o,TR,Er,2,1,o,1,1,TR,TR/DE
9464,antrag§larını,MIXED,Antrag§larını,13,2,düşmanlıklarını,15,6,DE,DE
9504,Altbau,DE,Altbau,6,2,Eski bina,9,3,DE,DE
9497,WG'de,MIXED,WG'de,5,1,WG'de,5,1,TR/DE,TR/DE
9504,bitişiğinde,TR,nebenan,7,3,bitişiğinde,11,5,DE,DE
9617,Kneipe§lere,MIXED,Kneipe§lere,11,3,Dizpeşlere,10,4,TR,DE
9634,O.k,TR,Pfeil,5,1,O.k,3,1,TR,TR/DE
9659,gibi,TR,wie,3,1,gibi,4,2,DE,DE
9662,yapıyor,TR,tun,3,1,yapıyor,7,3,DE,DE
9621,bulmuş,TR,gefunden,8,3,bulmuş,6,2,TR,TR
9671,olalım,TR,lass uns sein,13,1,olalım,6,3,TR,DE
9651,veriyorlar,TR,sie geben,9,2,veriyorlar,10,4,DE,DE
9695,ne,TR,Was,3,1,ne,2,1,TR,TR/DE
9677,1,TR,1,1,1,1,1,1,TR/DE,TR/DE
9491,WG'de,MIXED,WG'de,5,1,WG'de,5,1,TR/DE,TR/DE
9712,yok,TR,NEIN,4,1,yok,3,1,TR,TR/DE
9706,yiyorum,TR,Ich esse,8,2,yiyorum,7,3,TR,DE
9733,döner,TR,rotierend,9,3,döner,5,2,TR,TR
9740,güzel,TR,Schön,5,1,güzel,5,2,TR/DE,DE
9659,Vorspeise,DE,Vorspeise,9,3,meze,4,2,TR,TR
9707,yeme,TR,Essen,5,2,yeme,4,2,TR,TR/DE
9620,Kneipe§ye,MIXED,Kneipe§ja,9,2,Kneipe§ye,9,2,TR/DE,TR/DE
9770,şey,TR,Ding,4,1,şey,3,1,TR,TR/DE
9770,ich,DE,ich,3,1,BEN,3,1,TR/DE,TR/DE
9770,yani,TR,Also,4,2,yani,4,2,TR/DE,TR/DE
9620,Kneipe§den,MIXED,Kneipe§den,10,2,Kneipe§den,10,2,TR/DE,TR/DE
9619,Kneipe§den,MIXED,Kneipe§den,10,2,Kneipe§den,10,2,TR/DE,TR/DE
9803,unintelligible,DE,unintelligible,14,6,anlaşılmaz,10,4,TR,TR
9759,scheiße,DE,scheiße,7,2,bok,3,1,TR,TR
9804,da,TR,In,2,1,da,2,1,TR/DE,TR/DE
9803,göreceksin,TR,Du wirst sehen,14,1,göreceksin,10,4,TR,DE
9809,yapacak,TR,wird tun,8,1,yapacak,7,3,TR,DE
9810,weißt,DE,weißt,5,1,Bilmek,6,2,DE,DE
9812,bir,TR,Eins,4,1,bir,3,1,TR,TR/DE
9813,ich,DE,ich,3,1,BEN,3,1,TR/DE,TR/DE
9813,diyor,TR,sagt,4,1,diyor,5,2,DE,DE
9813,yaptığı,TR,was er getan hat,16,2,yaptığı,7,3,TR,DE
9814,sag,DE,sag,3,1,söylemek,8,3,DE,DE
9847,die,DE,die,3,1,the,3,1,TR/DE,TR/DE
9847,böyle,TR,so was,6,1,böyle,5,2,TR,DE
9848,bilmem,TR,Ich weiß nicht,14,1,bilmem,6,2,TR,DE
9809,anmachen,DE,anmachen,8,3,aç,2,1,TR,TR
9621,partner§ini,MIXED,Partner§ini,11,3,partnerini,10,4,TR,DE
9855,o,TR,Er,2,1,o,1,1,TR,TR/DE
9875,diye,TR,Sprichwort,10,2,diye,4,2,TR,TR/DE
9695,Kanne,DE,Kanne,5,2,saksı,5,2,TR/DE,TR/DE
9875,yapıyor,TR,tun,3,1,yapıyor,7,3,DE,DE
9759,yerine,TR,an seiner Stelle,16,3,yerine,6,3,TR,TR/DE
9852,yerine,TR,an seiner Stelle,16,3,yerine,6,3,TR,TR/DE
9855,traditionell,DE,traditionell,12,4,geleneksel,10,4,TR,TR/DE
9878,ist,DE,ist,3,1,öyle,4,2,DE,DE
9879,ist,DE,ist,3,1,öyle,4,2,DE,DE
9880,ey,TR,Artikel,7,3,ey,2,1,TR,TR
9884,das,DE,das,3,1,the,3,1,TR/DE,TR/DE
9619,Kneipe§ye,MIXED,Kneipe§ja,9,2,Kneipe§ye,9,2,TR/DE,TR/DE
9903,du,DE,du,2,1,Sen,3,1,DE,TR/DE
9908,ne,TR,Was,3,1,ne,2,1,TR,TR/DE
9924,yapıp,TR,Tun,3,1,yapıp,5,2,DE,DE
9927,ich,DE,ich,3,1,BEN,3,1,TR/DE,TR/DE
9927,şey,TR,Ding,4,1,şey,3,1,TR,TR/DE
9875,zaman,TR,Zeit,4,1,zaman,5,2,DE,DE
9935,so,DE,so,2,1,Bu yüzden,9,2,DE,DE
9937,yaptım,TR,Das habe ich getan,18,3,yaptım,6,2,TR,TR
9876,P.,TR,P.,2,1,P.,2,1,TR/DE,TR/DE
9937,so,DE,so,2,1,Bu yüzden,9,2,DE,DE
9877,şöyle,TR,So was,6,1,şöyle,5,2,TR,DE
9886,adam,TR,Mann,4,1,adam,4,2,TR/DE,DE
9946,yapıyorsun,TR,Du tust,7,1,yapıyorsun,10,4,DE,DE
9949,yapıyorsun,TR,Du tust,7,1,yapıyorsun,10,4,DE,DE
9966,ne,TR,Was,3,1,ne,2,1,TR,TR/DE
9937,ondan,TR,von ihm,7,1,ondan,5,2,TR,DE
9941,Psycho,DE,Psycho,6,2,Psiko,5,2,TR,TR/DE
9933,cool,DE,cool,4,1,Serin,5,2,DE,DE
9877,Karl,MIXED,Karl,4,1,Karl,4,1,TR/DE,TR/DE
9971,Augen,DE,Augen,5,2,Gözler,6,2,DE,TR/DE
9993,Jesus,DE,Jesus,5,2,İsa,3,1,TR,TR
9998,hat,DE,hat,3,1,sahip olmak,11,3,DE,DE
9990,doğuşu,TR,Geburt,6,2,doğuşu,6,3,TR/DE,DE
9991,zamanı,TR,Zeit,4,1,zamanı,6,3,DE,DE
10011,film,TR,Film,4,1,film,4,1,TR/DE,TR/DE
9795,gidiyorduk,TR,wir gingen,10,2,gidiyorduk,10,4,TR/DE,DE
10000,açsana,TR,öffne es,8,2,açsana,6,3,TR,DE
10030,ein,DE,ein,3,1,A,1,1,TR,TR/DE
9941,yapmıyorum,TR,Ich tu nicht,12,1,yapmıyorum,10,4,TR,DE
10039,geçiyor,TR,vorbeigehen,11,3,geçiyor,7,3,TR,TR/DE
9721,Imbiss§e,MIXED,Imbiss§e,8,2,Imbissé,7,2,TR,TR/DE
9770,Schublade§sine,MIXED,Schublade§sine,14,4,Schubladesine,13,5,TR,DE
10045,jetzt,DE,jetzt,5,1,Şimdi,5,2,TR/DE,DE
10044,yaşlı,TR,alt,3,1,yaşlı,5,2,DE,DE
10045,yapıyor,TR,tun,3,1,yapıyor,7,3,DE,DE
10005,seyrettik,DE,seyrettik,9,3,seyrettik,9,3,TR/DE,TR/DE
10051,ne,TR,Was,3,1,ne,2,1,TR,TR/DE
10051,Freundin,DE,Freundin,8,2,kız arkadaş,11,3,DE,DE
10039,seyrettik,DE,seyrettik,9,3,seyrettik,9,3,TR/DE,TR/DE
10060,da,TR,In,2,1,da,2,1,TR/DE,TR/DE
9993,doğdu,TR,wurde geboren,13,4,doğdu,5,2,TR,TR
10065,geliyor,TR,kommt,5,1,geliyor,7,3,DE,DE
10050,önce,TR,vor,3,1,önce,4,2,DE,DE
10069,geliyor,TR,kommt,5,1,geliyor,7,3,DE,DE
10085,mı,TR,Ist es,6,1,mı,2,1,TR,TR/DE
10065,Oma,DE,Oma,3,2,büyükanne,9,4,DE,DE
10024,getiriyor,TR,bringt,6,1,getiriyor,9,4,DE,DE
10055,çevirdiler,TR,sie drehten sich um,19,2,çevirdiler,10,4,TR,DE
10068,görüyor,TR,sieht,5,1,görüyor,7,3,DE,DE
9971,viereckige,TR,viereckig,9,3,viereckige,10,4,DE,DE
10024,seyrettiğimde,TR,wenn ich zusehe,15,2,seyrettiğimde,13,5,TR,DE
9795,Dershanesi’ne,MIXED,Zur privaten Lehranstalt,24,5,Dershanesi’ne,13,4,TR,TR
10102,mu,TR,Ist es,6,1,mu,2,1,TR,TR/DE
10105,mu,TR,Ist es,6,1,mu,2,1,TR,TR/DE
10091,gördünüz,TR,Du hast es gesehen,18,2,gördünüz,8,3,TR,DE
10045,Sprüche§ler,MIXED,Sprüche§ler,11,2,Sprüche§ler,11,2,TR/DE,TR/DE
10090,Münster'de,MIXED,Münster'de,10,2,Münster'de,10,2,TR/DE,TR/DE
10125,mı,TR,Ist es,6,1,mı,2,1,TR,TR/DE
10129,filmi,TR,Film,4,1,filmi,5,2,DE,DE
10093,Kanone,TR,Kanon,5,2,Kanone,6,3,DE,DE
10129,de,TR,Auch,4,1,de,2,1,TR,TR/DE
10142,ne,TR,Was,3,1,ne,2,1,TR,TR/DE
10044,U-Bahn§da,MIXED,U-Bahn§da,9,2,U-Bahn§da,9,2,TR/DE,TR/DE
10090,duyunca,TR,wenn du hörst,13,1,duyunca,7,3,TR,DE
10117,öyleydi,TR,es war,6,1,öyleydi,7,3,DE,DE
10156,J.,MIXED,J.,2,1,J.,2,1,TR/DE,TR/DE
10107,oynamıyor,TR,nicht spielen,13,2,oynamıyor,9,4,TR,DE
10170,da,TR,In,2,1,da,2,1,TR/DE,TR/DE
10156,beraber,TR,zusammen,8,3,beraber,7,3,TR,TR/DE
10192,gel,TR,kommen,6,2,gel,3,1,TR,TR
10154,Jurassic,LANG3,Jura,4,2,Jura dönemi,11,4,DE,DE
10091,Kanone'de,MIXED,Kanone'de,9,3,Kanone'de,9,3,TR/DE,TR/DE
10193,WG,DE,WG,2,1,ÇG,2,1,TR/DE,TR/DE
10198,gel,TR,kommen,6,2,gel,3,1,TR,TR
10091,Ausschnitt§lerini,MIXED,Ausschnitt§lerini,17,4,Avustralya'yı,13,4,TR,TR/DE
10090,Oma§yı,MIXED,Oma§yı,6,2,Omaşyı,6,3,TR/DE,DE
10207,buluşmuş,TR,traf,4,1,buluşmuş,8,3,DE,DE
10225,ey,TR,Artikel,7,3,ey,2,1,TR,TR
10229,yapmıştım,TR,ich hatte es getan,18,3,yapmıştım,9,3,TR,TR/DE
10237,yok,TR,NEIN,4,1,yok,3,1,TR,TR/DE
10242,yok,TR,NEIN,4,1,yok,3,1,TR,TR/DE
10248,ey,TR,Artikel,7,3,ey,2,1,TR,TR
10151,ooohoo,TR,Ooohoo,6,1,ooohoo,6,2,TR/DE,DE
10275,okumadım,TR,Ich habe nicht gelesen,22,4,okumadım,8,4,TR,TR/DE
10278,diyor,TR,sagt,4,1,diyor,5,2,DE,DE
10279,das,DE,das,3,1,the,3,1,TR/DE,TR/DE
10192,WG§ye,MIXED,WG§Ja,5,1,WG§ye,5,1,TR/DE,TR/DE
10279,şeyi,TR,Ding,4,1,şeyi,4,2,TR/DE,DE
10198,WG§de,MIXED,WG§de,5,1,WG§de,5,1,TR/DE,TR/DE
10286,ne,TR,Was,3,1,ne,2,1,TR,TR/DE
10197,Fabeline,MIXED,Fableline,9,4,Masal hattı,11,3,DE,TR
10310,o.k.,TR,Pfeil.,6,1,o.k.,4,1,TR,TR/DE
10310,und,DE,und,3,1,Ve,2,1,TR,TR/DE
10318,ne,TR,Was,3,1,ne,2,1,TR,TR/DE
10327,nicht,DE,nicht,5,1,Olumsuz,7,3,DE,DE
10331,dann,DE,dann,4,1,Daha sonra,10,3,DE,DE
10158,Fabeline,MIXED,Fableline,9,4,Masal hattı,11,3,DE,TR
10129,Malaysia’da,MIXED,Malaysia'da,11,3,Malezya'da,10,3,TR,TR/DE
10207,WG§de,MIXED,WG§de,5,1,WG§de,5,1,TR/DE,TR/DE
10117,Bielefeld’de,MIXED,Bielefeld’de,12,3,Bielefeld'de,12,3,TR/DE,TR/DE
10336,dong,DE,dong,4,1,dong,4,1,TR/DE,TR/DE
10347,so,DE,so,2,1,Bu yüzden,9,2,DE,DE
10347,de,TR,Auch,4,1,de,2,1,TR,TR/DE
10349,ne,TR,Was,3,1,ne,2,1,TR,TR/DE
10361,ne,TR,Was,3,1,ne,2,1,TR,TR/DE
10331,reparieren,DE,reparieren,10,4,tamirat,7,3,TR,TR
10371,ner,TR,Wo,2,1,ner,3,1,DE,TR/DE
10342,Uhr,DE,Uhr,3,1,Saat,4,1,DE,TR/DE
10375,Mc.,LANG3,Mc.,3,1,Mc.,3,1,TR/DE,TR/DE
10375,ne,TR,Was,3,1,ne,2,1,TR,TR/DE
10331,yapalım,TR,Lass es uns tun,15,1,yapalım,7,3,TR,DE
10375,Zeit,DE,Zeit,4,1,Zaman,5,2,DE,DE
10379,o.k.,TR,Pfeil.,6,1,o.k.,4,1,TR,TR/DE
10381,ey,TR,Artikel,7,3,ey,2,1,TR,TR
10383,wir,DE,wir,3,1,Biz,3,1,TR/DE,TR/DE
10198,kestiririz,TR,wir machen ein Nickerchen,25,4,kestiririz,10,4,TR,TR/DE
10407,yaptık,TR,wir haben es getan,18,3,yaptık,6,2,TR,TR
10415,ne,TR,Was,3,1,ne,2,1,TR,TR/DE
10415,Zeit,DE,Zeit,4,1,Zaman,5,2,DE,DE
10424,das,DE,das,3,1,the,3,1,TR/DE,TR/DE
10431,bırakayım,TR,lass mich gehen,15,1,bırakayım,9,4,TR,DE
10371,Autofabrik,DE,Autofabrik,10,4,Araba fabrikası,15,6,DE,DE
10363,Brecht,DE,Brecht,6,1,Brecht,6,1,TR/DE,TR/DE
10431,bırakır,TR,Blätter,7,2,bırakır,7,3,TR/DE,DE
10377,Mc.D,MIXED,Mc.D,4,1,Mc.D.,5,1,DE,TR/DE
10275,"Brot""u",MIXED,Brot u,6,1,Kardeşim sen,12,3,DE,DE
10443,da,TR,In,2,1,da,2,1,TR/DE,TR/DE
10449,bir,TR,Eins,4,1,bir,3,1,TR,TR/DE
10295,Wallraff,DE,Wallraff,8,2,Wallraff,8,2,TR/DE,TR/DE
10450,yani,TR,Also,4,2,yani,4,2,TR/DE,TR/DE
10455,çok,TR,Eine Menge,10,3,çok,3,1,TR,TR
10279,Boot§un,MIXED,Boot§un,7,1,Boot§un,7,1,TR/DE,TR/DE
10463,var,TR,Es gibt,7,1,var,3,1,TR,TR/DE
10283,oturuyorlar,TR,sie sitzen,10,2,oturuyorlar,11,5,DE,DE
10464,ama,TR,Aber,4,2,ama,3,2,TR,TR/DE
10394,atmen,TR,atmen,5,2,atmen,5,2,TR/DE,TR/DE
10464,besoffen,DE,besoffen,8,3,sarhoş,6,2,TR,TR
10459,besoffen,DE,besoffen,8,3,sarhoş,6,2,TR,TR
10443,eh,DE,eh,2,1,eh,2,1,TR/DE,TR/DE
10331,atmen,TR,atmen,5,2,atmen,5,2,TR/DE,TR/DE
10465,besoffen,DE,besoffen,8,3,sarhoş,6,2,TR,TR
10492,yapıp,TR,Tun,3,1,yapıp,5,2,DE,DE
10509,ne,TR,Was,3,1,ne,2,1,TR,TR/DE
10514,dört,TR,vier,4,1,dört,4,1,TR/DE,TR/DE
10466,besoffen,DE,besoffen,8,3,sarhoş,6,2,TR,TR
10466,olanı,TR,der Eine,8,2,olanı,5,3,TR,DE
10477,orda,TR,Dort,4,1,orda,4,2,TR/DE,DE
10517,guckt,DE,guckt,5,1,görünüyor,9,4,DE,DE
10537,und,DE,und,3,1,Ve,2,1,TR,TR/DE
10537,L.,TR,L.,2,1,L.,2,1,TR/DE,TR/DE
10539,değil,TR,nicht,5,1,değil,5,2,TR/DE,DE
10537,1/3,TR,1/3,3,1,1/3,3,1,TR/DE,TR/DE
10431,Bahnhof§a,MIXED,Bahnhof§a,9,2,Bahnhofsa,9,3,TR/DE,DE
10544,şey,TR,Ding,4,1,şey,3,1,TR,TR/DE
10540,1/3,TR,1/3,3,1,1/3,3,1,TR/DE,TR/DE
10540,L.,DE,L.,2,1,L.,2,1,TR/DE,TR/DE
10560,ne,TR,Was,3,1,ne,2,1,TR,TR/DE
10554,c,DE,c,1,1,C,1,1,TR/DE,TR/DE
10565,ne,TR,Was,3,1,ne,2,1,TR,TR/DE
10557,gözlük,TR,Gläser,6,2,gözlük,6,2,TR/DE,TR/DE
10560,Brille,DE,Brille,6,2,Gözlük,6,2,TR/DE,TR/DE
10592,ne,TR,Was,3,1,ne,2,1,TR,TR/DE
10517,Ingo,TR,Ingo,4,2,Ingo,4,2,TR/DE,TR/DE
10597,ama,TR,Aber,4,2,ama,3,2,TR,TR/DE
10443,başlayacaktık,TR,wir wollten anfangen,20,4,başlayacaktık,13,5,TR,DE
10477,çıktık,TR,wir gingen raus,15,2,çıktık,6,2,TR,TR/DE
10530,reingeblasen,TR,reingeblasen,12,4,reingeblasen,12,4,TR/DE,TR/DE
10592,gemütliche,DE,gemütliche,10,4,samimi,6,3,TR,TR
10450,Kütahya’da,MIXED,in Kütahya,10,2,Kütahya’da,10,3,TR/DE,DE
10597,ansonsten,DE,ansonsten,9,3,aksi takdirde,13,4,DE,DE
10610,o.k.,TR,Pfeil.,6,1,o.k.,4,1,TR,TR/DE
10616,ich,DE,ich,3,1,BEN,3,1,TR/DE,TR/DE
10616,yani,TR,Also,4,2,yani,4,2,TR/DE,TR/DE
10604,demiştin,TR,du sagtest,10,2,demiştin,8,3,TR,DE
10606,çalışıyor,TR,Arbeiten,8,3,çalışıyor,9,4,DE,DE
10622,eh,TR,äh,2,1,eh,2,1,TR/DE,TR/DE
10443,fahren§a,MIXED,fahren§a,8,2,fahrenşa,8,3,TR/DE,DE
10624,ner,TR,Wo,2,1,ner,3,1,DE,TR/DE
10492,Führerschein§i,MIXED,Führerschein§i,14,3,Führerschein§i,14,3,TR/DE,TR/DE
10620,çalışıyormuş,TR,hat funktioniert,16,3,çalışıyormuş,12,5,TR,DE
10639,o,TR,Er,2,1,o,1,1,TR,TR/DE
10647,ne,TR,Was,3,1,ne,2,1,TR,TR/DE
10647,von,DE,von,3,1,itibaren,8,4,DE,DE
10637,temizliği,TR,Reinigung,9,3,temizliği,9,4,TR/DE,DE
10622,Magnus,DE,Magnus,6,2,Magnus,6,2,TR/DE,TR/DE
10676,Kneipe§ye,MIXED,Kneipe§ja,9,2,Kneipe§ye,9,2,TR/DE,TR/DE
10676,gittik,TR,wir gingen,10,2,gittik,6,2,TR,TR/DE
10676,gibi,TR,wie,3,1,gibi,4,2,DE,DE
10603,Kolleg'de,MIXED,Kollegen,8,3,iş arkadaşları,14,5,DE,DE
10676,yapmışlar,TR,Das haben sie getan,19,3,yapmışlar,9,3,TR,TR/DE
10678,benziyor,TR,sieht aus wie,13,1,benziyor,8,3,TR,DE
10679,gidip,TR,geh und geh,11,1,gidip,5,2,TR,DE
10681,bu,TR,Das,3,1,bu,2,1,TR,TR/DE
10693,yani,TR,Also,4,2,yani,4,2,TR/DE,TR/DE
10695,ist,DE,ist,3,1,öyle,4,2,DE,DE
10603,tanıdıklarım,TR,meine Bekannten,15,4,tanıdıklarım,12,5,TR,DE
10704,von,DE,von,3,1,itibaren,8,4,DE,DE
10704,red',TR,Ablehnung',10,3,red',4,1,TR,TR
10577,Destile'deyim,MIXED,Ich bin in der Brennerei,24,3,Destile'deyim,13,4,TR,DE
10676,einrichten,DE,einrichten,10,3,döşemek,7,3,TR,TR/DE
10591,demiştin,TR,du sagtest,10,2,demiştin,8,3,TR,DE
10718,vardı,TR,es gab,6,1,vardı,5,2,TR,DE
10718,Frühstück,DE,Frühstück,9,2,Kahvaltı,8,3,TR,DE
10726,yani,TR,Also,4,2,yani,4,2,TR/DE,TR/DE
10672,kellne,TR,Kellne,6,2,kellne,6,2,TR/DE,TR/DE
10728,tam,TR,voll,4,1,tam,3,1,TR,TR/DE
10673,kellerine,TR,zu ihren Köpfen,15,3,kellerine,9,4,TR,DE
10732,das,DE,das,3,1,the,3,1,TR/DE,TR/DE
10726,üstünde,TR,über,4,2,üstünde,7,3,DE,DE
10735,vardı,TR,es gab,6,1,vardı,5,2,TR,DE
10620,Schwulenkneipe§de,MIXED,Schwulenkneipe§de,17,4,Schwulenkneipe§de,17,4,TR/DE,TR/DE
10741,yani,TR,Also,4,2,yani,4,2,TR/DE,TR/DE
10744,die,DE,die,3,1,the,3,1,TR/DE,TR/DE
10744,yani,TR,Also,4,2,yani,4,2,TR/DE,TR/DE
10713,Bahnhof,DE,Bahnhof,7,2,Demiryolu istasyonu,19,7,DE,DE
10756,de,TR,Auch,4,1,de,2,1,TR,TR/DE
10732,restoranı,TR,Restaurant,10,3,restoranı,9,4,TR,DE
10762,da,DE,da,2,1,Orası,5,3,DE,DE
10624,Schwulenkneipe,DE,Schwulenkneipe,14,4,Eşcinsel bar,12,3,TR,TR
10776,yok,TR,NEIN,4,1,yok,3,1,TR,TR/DE
10606,Lager§de,MIXED,Lager§de,8,2,Lager§de,8,2,TR/DE,TR/DE
10776,pers,DE,pers,4,1,kişisel,7,3,DE,DE
10795,şimdi,TR,Jetzt,5,1,şimdi,5,2,TR/DE,DE
10749,ganzes,DE,ganzes,6,2,tüm,3,1,TR,TR
10789,mal,DE,mal,3,1,Sadece,6,3,DE,DE
10730,içi,TR,intra-,6,3,içi,3,2,TR,TR
10808,diyor,TR,sagt,4,1,diyor,5,2,DE,DE
10779,Fars,LANG3,Fars,4,1,Uzak,4,2,TR/DE,DE
10803,mıydı,TR,war es,6,1,mıydı,5,2,TR,DE
10827,yaptım,TR,Das habe ich getan,18,3,yaptım,6,2,TR,TR
10804,mah,TR,mah,3,1,mah,3,1,TR/DE,TR/DE
10828,yaptın,TR,Du hast es geschafft,20,2,yaptın,6,2,TR,TR/DE
10815,Kamm,DE,Kamm,4,1,Tarak,5,2,DE,DE
10835,ich,DE,ich,3,1,BEN,3,1,TR/DE,TR/DE
10837,sofort,DE,sofort,6,2,hemen,5,2,TR,TR/DE
10837,yaptın,TR,Du hast es geschafft,20,2,yaptın,6,2,TR,TR/DE
10827,Kompliment,DE,Kompliment,10,3,iltifat,7,3,TR,TR/DE
10839,bin,DE,bin,3,1,ben,3,1,TR/DE,TR/DE
10842,diye,TR,Sprichwort,10,2,diye,4,2,TR,TR/DE
10828,Kompliment,DE,Kompliment,10,3,iltifat,7,3,TR,TR/DE
10845,falan,TR,wie,3,1,falan,5,2,DE,DE
10833,çık,TR,aussteigen,10,3,çık,3,1,TR,TR
10865,mußt,DE,mußt,4,1,mutlak,6,2,DE,DE
10880,Ingo,TR,Ingo,4,2,Ingo,4,2,TR/DE,TR/DE
10880,noch,DE,noch,4,1,Hala,4,2,TR/DE,DE
10845,dein,DE,dein,4,1,senin,5,2,DE,DE
10890,Pfand,DE,Pfand,5,1,mevduat,7,2,DE,DE
10901,Yelda,TR,Yelda,5,2,Yelda,5,2,TR/DE,TR/DE
10901,und,DE,und,3,1,Ve,2,1,TR,TR/DE
10902,Koray,TR,Koray,5,2,Koray,5,2,TR/DE,TR/DE
10902,geh,DE,geh,3,1,Gitmek,6,2,DE,DE
10890,veriyorsun,TR,du gibst,8,1,veriyorsun,10,4,DE,DE
10911,das,DE,das,3,1,the,3,1,TR/DE,TR/DE
10928,nicht,DE,nicht,5,1,Olumsuz,7,3,DE,DE
10928,okudum,TR,Ich habe gelesen,16,4,okudum,6,3,TR,TR
10714,Bahnhof§un,MIXED,Bahnhof§un,10,2,Bahnhofsun,10,3,TR/DE,DE
10735,Aufschnitt§di,MIXED,Aufschnitt§di,13,2,Aufschnitt§di,13,2,TR/DE,TR/DE
10712,Bahnhof§ta,MIXED,Bahnhof§ta,10,2,Bahnhof§ta,10,2,TR/DE,TR/DE
10726,Treffpunkt§uydu,MIXED,Treffpunkt§uydu,15,3,Treffpunktsuydu,15,4,TR/DE,DE
10942,diyorlar,TR,sagen sie,9,2,diyorlar,8,3,TR,DE
10953,oluyor,TR,es passiert,11,2,oluyor,6,3,TR,DE
10954,masterı,MIXED,Meister,7,2,usta,4,2,TR,TR/DE
10940,derler,TR,sagen sie,9,2,derler,6,2,TR,TR/DE
10940,Forschung,DE,Forschung,9,2,Araştırma,9,4,TR/DE,DE
10942,Studie,DE,Studie,6,2,çalışmak,8,3,DE,DE
10862,Nagihan,DE,Nagihan,7,2,Nagihan,7,3,TR/DE,DE
10762,Türkin,TR,Turkin,6,2,Türkin,6,2,TR/DE,TR/DE
10839,montag,TR,Montag,6,2,montag,6,2,TR/DE,TR/DE
11009,falan,TR,wie,3,1,falan,5,2,DE,DE
11013,gittim,TR,Ich ging,8,1,gittim,6,2,TR,DE
11013,da,TR,In,2,1,da,2,1,TR/DE,TR/DE
11015,şimdi,TR,Jetzt,5,1,şimdi,5,2,TR/DE,DE
11017,işin,TR,Strahl,6,1,işin,4,2,TR,DE
11019,olarak,TR,Aspekt,6,2,olarak,6,3,TR/DE,DE
11020,işin,TR,Strahl,6,1,işin,4,2,TR,DE
11027,kalıp,TR,Muster,6,2,kalıp,5,2,TR,TR/DE
10954,kazanmam,TR,Ich gewinne nicht,17,3,kazanmam,8,3,TR,TR/DE
11027,gidip,TR,geh und geh,11,1,gidip,5,2,TR,DE
10939,Stidie,TR,stidie,6,2,Stidie,6,2,TR/DE,TR/DE
11053,falan,TR,wie,3,1,falan,5,2,DE,DE
11039,tanıştık,TR,wir trafen uns,14,2,tanıştık,8,3,TR,DE
11054,yapacağım,TR,ich werde es tun,16,2,yapacağım,9,4,TR,DE
11056,Sprachkurs,DE,Sprachkurs,10,2,Dil kursu,9,2,TR,TR/DE
10907,Sedat,TR,Sadat,5,2,Sedat,5,2,TR/DE,TR/DE
11054,Sprachkurs,DE,Sprachkurs,10,2,Dil kursu,9,2,TR,TR/DE
10808,Volker’i,MIXED,Volker’i,8,2,Volker'i,8,2,TR/DE,TR/DE
10999,Germanistik§i,MIXED,Germanistik§i,13,4,Germanistik§i,13,4,TR/DE,TR/DE
11066,var,TR,Es gibt,7,1,var,3,1,TR,TR/DE
11067,Gökçeada,TR,Gokceada,8,3,Gökçeada,8,3,TR/DE,TR/DE
11067,und,DE,und,3,1,Ve,2,1,TR,TR/DE
11065,yapıyormuş,TR,tat,3,1,yapıyormuş,10,4,DE,DE
11068,schlafen,DE,schlafen,8,2,uyumak,6,3,TR,DE
11070,yapacağım,TR,ich werde es tun,16,2,yapacağım,9,4,TR,DE
11071,ich,DE,ich,3,1,BEN,3,1,TR/DE,TR/DE
11056,yapmadım,TR,Ich habe es nicht getan,23,3,yapmadım,8,3,TR,TR/DE
11072,am,DE,am,2,1,Açık,4,2,DE,DE
11002,kazandım,TR,Ich habe gewonnen,17,4,kazandım,8,3,TR,TR
11008,grade,TR,Grad,4,1,grade,5,2,DE,DE
11078,bu,TR,Das,3,1,bu,2,1,TR,TR/DE
11079,das,DE,das,3,1,the,3,1,TR/DE,TR/DE
11080,kasetçi,TR,Kassettenspieler,16,5,kasetçi,7,3,TR,TR
10984,kazandım,TR,Ich habe gewonnen,17,4,kazandım,8,3,TR,TR
11081,bel,TR,Taille,6,2,bel,3,1,TR,TR
11083,geç,TR,spät,4,1,geç,3,1,TR,TR/DE
10999,kazandıydın,TR,Du hast gewonnen,16,3,kazandıydın,11,4,TR,DE
11073,hacı,TR,Pilger,6,2,hacı,4,2,TR,TR/DE
11085,dann,DE,dann,4,1,Daha sonra,10,3,DE,DE
11085,yani,TR,Also,4,2,yani,4,2,TR/DE,TR/DE
11086,kann,DE,kann,4,1,olabilmek,9,4,DE,DE
11087,dann,DE,dann,4,1,Daha sonra,10,3,DE,DE
11088,ich,DE,ich,3,1,BEN,3,1,TR/DE,TR/DE
11080,gefunden,DE,gefunden,8,3,kurmak,6,2,TR,TR
11085,büyük,TR,groß,4,1,büyük,5,2,DE,DE
11090,sonra,TR,später,6,2,sonra,5,2,TR,TR/DE
11084,an,DE,an,2,1,ile,3,2,DE,DE
11089,Eylül,TR,September,9,3,Eylül,5,2,TR,TR
11091,Türk,TR,Türkisch,8,2,Türk,4,1,TR,TR
11093,komşu,TR,Nachbar,7,2,komşu,5,2,TR,TR/DE
11027,Erlangen’e,MIXED,Erlangen,8,3,Erlangen'e,10,3,DE,TR/DE
11094,lazım,TR,erforderlich,12,4,lazım,5,2,TR,TR
11066,Abschlussprüfungen,DE,Abschlussprüfungen,18,5,Final sınavları,15,5,TR,TR/DE
11096,Bakırköy,TR,Bakırköy,8,2,Bakırköy,8,3,TR/DE,DE
11096,unintelligible,DE,unintelligible,14,6,anlaşılmaz,10,4,TR,TR
11065,Abschlussprüfungen,DE,Abschlussprüfungen,18,5,Final sınavları,15,5,TR,TR/DE
11093,redest,DE,redest,6,2,konuşmak,8,3,DE,DE
11098,sabah,TR,Morgen,6,2,sabah,5,2,TR,TR/DE
11099,orada,TR,Dort,4,1,orada,5,3,DE,DE
11099,sein,DE,sein,4,1,olmak,5,2,DE,DE
11100,bizim,TR,unsere,6,3,bizim,5,2,TR,TR
11100,nein,DE,nein,4,1,HAYIR,5,2,DE,DE
11072,fotoǧraf,TR,Foto,4,2,fotoǧraf,8,3,DE,DE
11101,schon,DE,schon,5,1,çoktan,6,2,DE,DE
11098,aufstehen,DE,aufstehen,9,2,ayağa kalk,10,3,DE,DE
11102,gemacht,DE,gemacht,7,2,yapılmış,8,3,DE,DE
11103,bin,DE,bin,3,1,ben,3,1,TR/DE,TR/DE
11092,musste,DE,musste,6,2,zorundaydım,11,4,DE,DE
11104,ein,DE,ein,3,1,A,1,1,TR,TR/DE
11104,zayıf,TR,schwach,7,1,zayıf,5,2,TR,DE
11090,Semester§dan,MIXED,Semester§dan,12,3,Yarıyıl§dan,11,3,TR,TR/DE
11105,hab,DE,hab,3,1,sahip olmak,11,3,DE,DE
11102,inkılap,TR,Revolution,10,4,inkılap,7,3,TR,TR
11105,schon,DE,schon,5,1,çoktan,6,2,DE,DE
11104,inkılap,TR,Revolution,10,4,inkılap,7,3,TR,TR
11108,ich,DE,ich,3,1,BEN,3,1,TR/DE,TR/DE
11105,inkılap,TR,Revolution,10,4,inkılap,7,3,TR,TR
11104,gehabt,DE,gehabt,6,1,vardı,5,2,TR,DE
11109,das,DE,das,3,1,the,3,1,TR/DE,TR/DE
11109,tecrübe,TR,Erfahrung,9,3,tecrübe,7,3,TR,TR/DE
11110,öğretmen,TR,Lehrer,6,2,öğretmen,8,3,DE,DE
11112,voll,DE,voll,4,1,tam dolu,8,2,DE,DE
11112,işte,TR,bei der Arbeit,14,2,işte,4,2,TR,TR/DE
11108,Yasin,TR,Yasin,5,2,Yasin,5,2,TR/DE,TR/DE
11113,sagst,DE,sagst,5,1,söylemek,8,3,DE,DE
11114,mezun,TR,Absolvent,9,3,mezun,5,2,TR,TR
11114,halt,DE,halt,4,1,durmak,6,2,DE,DE
11114,benim,TR,Meins,5,1,benim,5,2,TR/DE,DE
11112,saçmalık,TR,Unsinn,6,2,saçmalık,8,3,DE,DE
11115,werden,DE,werden,6,2,haline gelmek,13,4,DE,DE
11116,mezun,TR,Absolvent,9,3,mezun,5,2,TR,TR
11117,und,DE,und,3,1,Ve,2,1,TR,TR/DE
11069,gezmedikten,TR,ohne zu reisen,14,3,gezmedikten,11,4,TR,DE
11118,İlkokul,TR,Grundschule,11,3,İlkokul,7,3,TR,TR/DE
11119,maaş,TR,Lohn,4,1,maaş,4,1,TR/DE,TR/DE
11120,maaş,TR,Lohn,4,1,maaş,4,1,TR/DE,TR/DE
11109,insanlar,TR,Menschen,8,2,insanlar,8,3,TR/DE,DE
11122,unintelligible,DE,unintelligible,14,6,anlaşılmaz,10,4,TR,TR
11122,yani,TR,Also,4,2,yani,4,2,TR/DE,TR/DE
11119,zufrieden,DE,zufrieden,9,3,memnun,6,2,TR,TR
11123,nicht,DE,nicht,5,1,Olumsuz,7,3,DE,DE
11123,yani,TR,Also,4,2,yani,4,2,TR/DE,TR/DE
11123,borç,TR,Schulden,8,2,borç,4,1,TR,TR
11076,gehacılejd,MIXED,gehacılejd,10,2,gehacılejd,10,4,TR/DE,DE
11123,unintelligible,DE,unintelligible,14,6,anlaşılmaz,10,4,TR,TR
11124,du,DE,du,2,1,Sen,3,1,DE,TR/DE
11125,habe,DE,habe,4,2,sahip olmak,11,3,DE,DE
11095,kural§s,MIXED,kural§s,7,2,kurallar,8,3,DE,DE
11127,hat,DE,hat,3,1,sahip olmak,11,3,DE,DE
11127,hat,DE,hat,3,1,sahip olmak,11,3,DE,DE
11094,Lebenslauf§u,MIXED,Lebenslauf§u,12,3,Lebenslauf§u,12,3,TR/DE,TR/DE
11128,mu,TR,Ist es,6,1,mu,2,1,TR,TR/DE
11129,unintelligible,DE,unintelligible,14,6,anlaşılmaz,10,4,TR,TR
11101,erkek§s,MIXED,erkek§s,7,2,erkekler,8,3,DE,DE
11130,so,DE,so,2,1,Bu yüzden,9,2,DE,DE
11097,kural§s,MIXED,kural§s,7,2,kurallar,8,3,DE,DE
11130,wie,DE,wie,3,1,Nasıl,5,2,DE,DE
11106,bütünleme§s,MIXED,bütünleme§s,11,4,bütünlemeler,12,5,DE,DE
11121,millionen,DE,millionen,9,3,milyon,6,2,TR,TR
11126,weil,DE,weil,4,1,Çünkü,5,2,DE,DE
11131,wenn,DE,wenn,4,1,eğer,4,2,TR/DE,DE
11132,kann,DE,kann,4,1,olabilmek,9,4,DE,DE
11130,cici,TR,hübsch,6,1,cici,4,2,TR,DE
11132,oder,DE,oder,4,2,veya,4,2,TR/DE,TR/DE
11132,çeviri,TR,Übersetzung,11,4,çeviri,6,3,TR,TR
11130,Lehrer,DE,Lehrer,6,2,Öğretmen,8,3,DE,DE
11132,falan,TR,wie,3,1,falan,5,2,DE,DE
11129,show,LANG3,zeigen,6,2,göstermek,9,3,DE,DE
11133,musst,DE,musst,5,1,mutlak,6,2,DE,DE
11133,vize,TR,Visum,5,2,vize,4,2,TR,TR/DE
11133,durch,DE,durch,5,1,başından sonuna kadar,21,6,DE,DE
11128,one,LANG3,eins,4,1,bir,3,1,TR,TR/DE
11133,musst,DE,musst,5,1,mutlak,6,2,DE,DE
11115,öǧretmen,TR,Lehrer,6,2,öǧretmen,8,3,DE,DE
11135,başka,TR,Ein anderer,11,3,başka,5,2,TR,TR
11135,başka,TR,Ein anderer,11,3,başka,5,2,TR,TR
11137,işte,TR,bei der Arbeit,14,2,işte,4,2,TR,TR/DE
11133,gramer,TR,Grammatik,9,3,gramer,6,2,TR,TR
11139,wo,DE,wo,2,1,Neresi,6,3,DE,DE
11133,gramer,TR,Grammatik,9,3,gramer,6,2,TR,TR
11139,göre,TR,entsprechend,12,3,göre,4,2,TR,TR
11139,hab,DE,hab,3,1,sahip olmak,11,3,DE,DE
11138,teklif,TR,Angebot,7,3,teklif,6,2,TR,TR
11130,Ayşe,TR,Ayse,4,2,Ayşe,4,2,TR/DE,TR/DE
11140,unintelligible,DE,unintelligible,14,6,anlaşılmaz,10,4,TR,TR
11140,ilerde,TR,voraus,6,2,ilerde,6,3,TR/DE,DE
11140,lernen,DE,lernen,6,2,öğrenmek,8,3,DE,DE
11140,auswendig,DE,auswendig,9,3,ezbere,6,3,TR,TR/DE
11141,Samsun,TR,Samsun,6,2,Samsun,6,2,TR/DE,TR/DE
11141,geben,DE,geben,5,2,vermek,6,2,DE,TR/DE
11142,Samsun,TR,Samsun,6,2,Samsun,6,2,TR/DE,TR/DE
11142,auch,DE,auch,4,1,Ayrıca,6,3,DE,DE
11142,özel,TR,besonders,9,3,özel,4,2,TR,TR
11142,mit,DE,mit,3,1,ile,3,2,TR/DE,DE
11143,Istanbul,TR,Istanbul,8,3,Istanbul,8,3,TR/DE,TR/DE
11132,şirket,TR,Unternehmen,11,4,şirket,6,2,TR,TR
11123,okuduǧum,TR,Ich habe gelesen,16,4,okuduǧum,8,3,TR,TR
11144,unintelligible,DE,unintelligible,14,6,anlaşılmaz,10,4,TR,TR
11145,er,DE,er,2,1,O,1,1,TR,TR/DE
11146,mit,DE,mit,3,1,ile,3,2,TR/DE,DE
11147,gibt,DE,gibt,4,1,verir,5,2,DE,DE
11134,Sertan,TR,sertan,6,2,Sertan,6,2,TR/DE,TR/DE
11148,göre,TR,entsprechend,12,3,göre,4,2,TR,TR
11148,Beşiktaş,TR,Besiktas,8,3,Beşiktaş,8,3,TR/DE,TR/DE
11148,gehabt,DE,gehabt,6,1,vardı,5,2,TR,DE
11149,kural§s,MIXED,kural§s,7,2,kurallar,8,3,DE,DE
11149,zu,DE,zu,2,1,ile,3,2,DE,DE
11150,o,TR,Er,2,1,o,1,1,TR,TR/DE
11140,sebile,TR,Spender,7,2,sebile,6,3,TR,DE
11151,dann,DE,dann,4,1,Daha sonra,10,3,DE,DE
11143,para,TR,Geld,4,1,para,4,2,TR/DE,DE
11152,bol,TR,eine Menge,10,3,bol,3,1,TR,TR
11151,dersimi,TR,meine Lektion,13,3,dersimi,7,3,TR,TR/DE
11154,şey,TR,Ding,4,1,şey,3,1,TR,TR/DE
11130,bırakıyorum,TR,Ich gehe,8,1,bırakıyorum,11,5,DE,DE
11154,oluyor,TR,es passiert,11,2,oluyor,6,3,TR,DE
11154,Zielsprache,DE,Zielsprache,11,3,Hedef dil,9,2,TR,TR
11156,böyle,TR,so was,6,1,böyle,5,2,TR,DE
11155,muss,DE,muss,4,1,mutlak,6,2,DE,DE
11154,Zielsprache,DE,Zielsprache,11,3,Hedef dil,9,2,TR,TR
11159,de,TR,Auch,4,1,de,2,1,TR,TR/DE
11159,musst,DE,musst,5,1,mutlak,6,2,DE,DE
11160,Salı,TR,Dienstag,8,2,Salı,4,2,TR,TR/DE
11123,okuduysam,TR,wenn ich lese,13,2,okuduysam,9,4,TR,DE
11162,dedim,TR,Ich sagte,9,2,dedim,5,2,TR,TR/DE
11163,zaten,TR,bereits,7,2,zaten,5,2,TR,TR/DE
11140,açıvereceksin,TR,Du wirst es öffnen,18,2,açıvereceksin,13,6,TR,DE
11165,hab,DE,hab,3,1,sahip olmak,11,3,DE,DE
11157,gekommen,DE,gekommen,8,3,gelmek,6,2,TR,TR
11161,eşofman,TR,Trainingsanzug,14,4,eşofman,7,3,TR,TR
11167,ne,TR,Was,3,1,ne,2,1,TR,TR/DE
11166,dişçi,TR,Zahnarzt,8,2,dişçi,5,2,TR,TR/DE
11169,çünkü,TR,Weil,4,1,çünkü,5,2,DE,DE
11139,woher§e,MIXED,woher§e,7,1,kim?,4,1,TR,TR/DE
11171,yapıyorsun,TR,Du tust,7,1,yapıyorsun,10,4,DE,DE
11172,yapıyorum,TR,Ich mache,9,2,yapıyorum,9,4,TR/DE,DE
11132,büro§s,MIXED,büro§s,6,2,bürolar,7,3,DE,DE
11173,unintelligible,DE,unintelligible,14,6,anlaşılmaz,10,4,TR,TR
11174,voll,DE,voll,4,1,tam dolu,8,2,DE,DE
11148,Regel§lere,MIXED,Regel§lere,10,3,Regllere,8,3,TR,TR/DE
11175,zayıf,TR,schwach,7,1,zayıf,5,2,TR,DE
11168,kanal,TR,Kanal,5,2,kanal,5,2,TR/DE,TR/DE
11170,lustig,DE,lustig,6,2,eğlenceli,9,4,DE,DE
11173,baba,TR,Vater,5,2,baba,4,2,TR,TR/DE
11181,yani,TR,Also,4,2,yani,4,2,TR/DE,TR/DE
11181,ohne,DE,ohne,4,2,olmadan,7,3,DE,DE
11181,şey,TR,Ding,4,1,şey,3,1,TR,TR/DE
11181,durch,DE,durch,5,1,başından sonuna kadar,21,6,DE,DE
11174,saçma,TR,Unsinn,6,2,saçma,5,2,TR,TR/DE
11185,Koray,TR,Koray,5,2,Koray,5,2,TR/DE,TR/DE
11185,das,DE,das,3,1,the,3,1,TR/DE,TR/DE
11186,orada,TR,Dort,4,1,orada,5,3,DE,DE
11180,farketmez,TR,Es spielt keine Rolle,21,3,farketmez,9,3,TR,TR/DE
11187,nee,TR,nee,3,1,nee,3,1,TR/DE,TR/DE
11177,saçma,TR,Unsinn,6,2,saçma,5,2,TR,TR/DE
11197,der,DE,der,3,1,the,3,1,TR/DE,TR/DE
11200,ist,DE,ist,3,1,öyle,4,2,DE,DE
11182,trotzdem,DE,trotzdem,8,2,buna rağmen,11,3,DE,DE
11211,da,DE,da,2,1,Orası,5,3,DE,DE
11219,ne,TR,Was,3,1,ne,2,1,TR,TR/DE
11223,ne,TR,Was,3,1,ne,2,1,TR,TR/DE
11186,Aber,DE,Aber,4,2,Ancak,5,2,DE,TR/DE
11224,eh,TR,äh,2,1,eh,2,1,TR/DE,TR/DE
11223,Feier,DE,Feier,5,1,Kutlama,7,3,DE,DE
11247,nikah,TR,Hochzeit,8,2,nikah,5,2,TR,TR/DE
11247,zu,DE,zu,2,1,ile,3,2,DE,DE
11228,Boşnak,TR,bosnisch,8,2,Boşnak,6,2,TR,TR/DE
11250,he,TR,Er,2,1,he,2,1,TR/DE,TR/DE
11254,Alanya,TR,Alanya,6,3,Alanya,6,3,TR/DE,TR/DE
11254,in,DE,in,2,1,içinde,6,3,DE,DE
11258,oder,DE,oder,4,2,veya,4,2,TR/DE,TR/DE
11261,alma,TR,nehmen,6,2,alma,4,2,TR,TR/DE
11144,citti,TR,citti,5,2,citti,5,2,TR/DE,TR/DE
11262,bisschen,DE,bisschen,8,2,biraz,5,2,TR,TR/DE
11157,toplantı,TR,treffen,7,2,toplantı,8,3,DE,DE
11211,Gülay,TR,Gulay,5,2,Gülay,5,2,TR/DE,TR/DE
11272,bir,TR,Eins,4,1,bir,3,1,TR,TR/DE
11272,eh,DE,eh,2,1,eh,2,1,TR/DE,TR/DE
11272,Albert,DE,Albert,6,2,Albert,6,2,TR/DE,TR/DE
11275,Mehmet,TR,Mehmet,6,2,Mehmet,6,2,TR/DE,TR/DE
11275,geht,DE,geht,4,1,gitmek,6,2,DE,DE
11283,frech,DE,frech,5,1,yüzsüz,6,2,DE,DE
11289,frech,DE,frech,5,1,yüzsüz,6,2,DE,DE
11289,oluyor,TR,es passiert,11,2,oluyor,6,3,TR,DE
11291,was,DE,was,3,1,Ne,2,1,TR,TR/DE
11274,kuru,TR,trocken,7,2,kuru,4,2,TR,TR/DE
11306,bak,TR,sehen,5,1,bak,3,1,TR,TR/DE
11306,gibt,DE,gibt,4,1,verir,5,2,DE,DE
11291,yapsın,TR,lass ihn es tun,15,1,yapsın,6,2,TR,DE
11307,ist,DE,ist,3,1,öyle,4,2,DE,DE
11249,Kaçmak,TR,Zu entkommen,12,3,Kaçmak,6,2,TR,TR
11307,ist,DE,ist,3,1,öyle,4,2,DE,DE
11189,netter,TR,netter,6,2,netter,6,2,TR/DE,TR/DE
11311,sagen,DE,sagen,5,2,söylemek,8,3,DE,DE
11176,zayıf§s,MIXED,zayıf§s,7,1,zayıflar,8,3,DE,DE
11164,einkaufen§a,MIXED,einkaufen§a,11,3,einkaufen§a,11,3,TR/DE,TR/DE
11151,Regel§lerle,MIXED,Regel§lerle,11,3,Regel§lerle,11,3,TR/DE,TR/DE
11307,don,TR,Frost,5,1,don,3,1,TR,TR/DE
11321,ne,TR,Was,3,1,ne,2,1,TR,TR/DE
11329,ist,DE,ist,3,1,öyle,4,2,DE,DE
11311,don,TR,Frost,5,1,don,3,1,TR,TR/DE
11332,biraz,TR,Ein wenig,9,2,biraz,5,2,TR,TR/DE
11334,Türk,TR,Türkisch,8,2,Türk,4,1,TR,TR
11336,Jeanine,DE,Jeanine,7,3,Jeanine,7,3,TR/DE,TR/DE
11338,benim,TR,Meins,5,1,benim,5,2,TR/DE,DE
11321,Geschäft,DE,Geschäft,8,2,İşletme,7,2,TR,TR/DE
11315,sagt,DE,sagt,4,1,diyor,5,2,DE,DE
11315,bakar,TR,Aussehen,8,2,bakar,5,2,TR,TR/DE
11343,besser,DE,besser,6,2,daha iyi,8,3,DE,DE
11353,ne,TR,Was,3,1,ne,2,1,TR,TR/DE
11313,C.,DE,C.,2,1,C,1,1,TR,TR/DE
11364,für,DE,für,3,1,için,4,2,DE,DE
11329,dışarıda,TR,draußen,7,2,dışarıda,8,4,DE,DE
11371,mehr,DE,mehr,4,1,Daha,4,2,TR/DE,DE
11371,yapıyorsun,TR,Du tust,7,1,yapıyorsun,10,4,DE,DE
11340,damals,DE,damals,6,2,o zaman,7,2,DE,TR/DE
11340,söylemiştim,TR,ich habe es dir gesagt,22,3,söylemiştim,11,4,TR,DE
11378,machen,DE,machen,6,2,yapmak,6,2,TR/DE,TR/DE
11365,işi,TR,Hitze,5,2,işi,3,2,TR,TR/DE
11382,Albert,DE,Albert,6,2,Albert,6,2,TR/DE,TR/DE
11338,eve,TR,heim,4,1,eve,3,2,TR,DE
11383,Türkçe,TR,Türkisch,8,2,Türkçe,6,2,TR,TR/DE
11375,al,TR,Nimm es,7,1,al,2,1,TR,TR/DE
11378,davet,TR,Einladung,9,3,davet,5,2,TR,TR
11382,Türkler,TR,Türken,6,2,Türkler,7,2,DE,TR/DE
11396,oluyor,TR,es passiert,11,2,oluyor,6,3,TR,DE
11403,oluyor,TR,es passiert,11,2,oluyor,6,3,TR,DE
11384,entschuldige,DE,entschuldige,12,4,Üzgünüm,7,3,TR,TR
11405,oluyor,TR,es passiert,11,2,oluyor,6,3,TR,DE
11267,tanıyor,TR,weiß,4,1,tanıyor,7,3,DE,DE
11407,oluyor,TR,es passiert,11,2,oluyor,6,3,TR,DE
11392,Türkçesi,TR,Türkisch,8,2,Türkçesi,8,3,TR/DE,DE
11409,bir,TR,Eins,4,1,bir,3,1,TR,TR/DE
11379,ortaya,TR,auftauchen,10,3,ortaya,6,3,TR,TR/DE
11396,Sprache,DE,Sprache,7,2,Dil,3,1,TR,TR
11357,bana,TR,Mir,3,1,bana,4,2,DE,DE
11418,Albert,DE,Albert,6,2,Albert,6,2,TR/DE,TR/DE
11167,çürük§s,MIXED,çürük§s,7,2,çürük§s,7,2,TR/DE,TR/DE
11422,heißt,DE,heißt,5,1,denir,5,2,TR/DE,DE
11429,Jeanine,DE,Jeanine,7,3,Jeanine,7,3,TR/DE,TR/DE
11411,muydu,TR,war es,6,1,muydu,5,2,TR,DE
11414,zenci,TR,Schwarz,7,1,zenci,5,2,TR,DE
11413,Blanco,LANG3,Blanco,6,2,Blanco,6,2,TR/DE,TR/DE
11433,mußt,DE,mußt,4,1,mutlak,6,2,DE,DE
11434,kuru,TR,trocken,7,2,kuru,4,2,TR,TR/DE
11436,ohne,DE,ohne,4,2,olmadan,7,3,DE,DE
11432,ateş,TR,Feuer,5,1,ateş,4,2,TR,DE
11307,don,TR,Frost,5,1,don,3,1,TR,TR/DE
11441,hast,DE,hast,4,1,sahip olmak,11,3,DE,DE
11442,ateş,TR,Feuer,5,1,ateş,4,2,TR,DE
11445,ist,DE,ist,3,1,öyle,4,2,DE,DE
11447,aynı,TR,Dasselbe,8,3,aynı,4,2,TR,TR
11449,bir,TR,Eins,4,1,bir,3,1,TR,TR/DE
11450,gibt,DE,gibt,4,1,verir,5,2,DE,DE
11262,kartmış,TR,es ist eine Karte,17,3,kartmış,7,2,TR,TR
11441,çilek,TR,Erdbeere,8,3,çilek,5,2,TR,TR
11450,piyango,TR,Lotterie,8,3,piyango,7,3,TR,TR/DE
11453,sparen,DE,sparen,6,2,kaydetmek,9,3,DE,DE
11454,dann,DE,dann,4,1,Daha sonra,10,3,DE,DE
11454,emlak,TR,Immobilie,9,4,emlak,5,2,TR,TR
11454,kaufen,DE,kaufen,6,2,satın almak,11,3,DE,DE
11429,Saft§ı,MIXED,Saft§ı,6,1,Saftı,5,2,TR,DE
11421,H.K.,DE,H.K.,4,1,H.K.,4,1,TR/DE,TR/DE
11458,gibt,DE,gibt,4,1,verir,5,2,DE,DE
11407,Kinder§filmler,MIXED,Kinder§filmer,13,3,Kinder§filmler,14,3,DE,TR/DE
11461,ki,TR,Das,3,1,ki,2,1,TR,TR/DE
11461,Ich,DE,Ich,3,1,BEN,3,1,TR/DE,TR/DE
11463,biraz,TR,Ein wenig,9,2,biraz,5,2,TR,TR/DE
11405,Hochtürkisch,DE,Hochtürkisch,12,3,Yüksek Türkçe,13,3,DE,TR/DE
11464,yok,TR,NEIN,4,1,yok,3,1,TR,TR/DE
11409,Kinderfilm,DE,Kinderfilm,10,3,Çocuk filmi,11,3,DE,TR/DE
11467,nicht,DE,nicht,5,1,Olumsuz,7,3,DE,DE
11452,beten,TR,beten,5,2,beten,5,2,TR/DE,TR/DE
11431,vermişler,TR,sie gaben,9,2,vermişler,9,3,TR/DE,DE
11469,var,TR,Es gibt,7,1,var,3,1,TR,TR/DE
11472,ganz,DE,ganz,4,1,epeyce,6,3,DE,DE
11473,biraz,TR,Ein wenig,9,2,biraz,5,2,TR,TR/DE
11454,Türkiye'de,TR,In der Türkei,13,2,Türkiye'de,10,3,TR,DE
11473,yaptılar,TR,Das haben sie getan,19,3,yaptılar,8,3,TR,TR/DE
11461,lecker,DE,lecker,6,2,lezzetli,8,3,DE,DE
11455,kapıcı,TR,Türsteher,9,2,kapıcı,6,3,TR,DE
11469,Tomaten,DE,Tomaten,7,3,Domates,7,3,TR/DE,TR/DE
11476,kaufen,DE,kaufen,6,2,satın almak,11,3,DE,DE
11476,yap,TR,Tun,3,1,yap,3,1,TR/DE,TR/DE
11478,diyorum,TR,Ich sage,8,2,diyorum,7,3,TR,DE
11478,erste,DE,erste,5,2,Birinci,7,3,DE,DE
11437,zeytinyağlı,TR,mit Olivenöl,12,4,zeytinyağlı,11,4,TR,TR/DE
11478,die,DE,die,3,1,the,3,1,TR/DE,TR/DE
11479,Ayşe,TR,Ayse,4,2,Ayşe,4,2,TR/DE,TR/DE
11479,aber,DE,aber,4,2,Ancak,5,2,DE,TR/DE
11480,alma,TR,nehmen,6,2,alma,4,2,TR,TR/DE
11481,kartmış,TR,es ist eine Karte,17,3,kartmış,7,2,TR,TR
11481,bisschen,DE,bisschen,8,2,biraz,5,2,TR,TR/DE
11482,biraz,TR,Ein wenig,9,2,biraz,5,2,TR,TR/DE
11482,aber,DE,aber,4,2,Ancak,5,2,DE,TR/DE
11483,eve,TR,heim,4,1,eve,3,2,TR,DE
11484,eh,DE,eh,2,1,eh,2,1,TR/DE,TR/DE
11484,benim,TR,Meins,5,1,benim,5,2,TR/DE,DE
11485,besser,DE,besser,6,2,daha iyi,8,3,DE,DE
11487,bana,TR,Mir,3,1,bana,4,2,DE,DE
11488,davet,TR,Einladung,9,3,davet,5,2,TR,TR
11488,machen,DE,machen,6,2,yapmak,6,2,TR/DE,TR/DE
11491,Sprache,DE,Sprache,7,2,Dil,3,1,TR,TR
11491,oluyor,TR,es passiert,11,2,oluyor,6,3,TR,DE
11492,Hochtürkisch,DE,Hochtürkisch,12,3,Yüksek Türkçe,13,3,DE,TR/DE
11492,oluyor,TR,es passiert,11,2,oluyor,6,3,TR,DE
11494,Saft§ı,MIXED,Saft§ı,6,1,Saftı,5,2,TR,DE
11495,ateş,TR,Feuer,5,1,ateş,4,2,TR,DE
11495,musst,DE,musst,5,1,mutlak,6,2,DE,DE
11496,ohne,DE,ohne,4,2,olmadan,7,3,DE,DE
11473,Kartoffel,DE,Kartoffel,9,3,Patates,7,3,TR,TR/DE
11474,drüber,DE,drüber,6,2,üzerinde,8,4,DE,DE
11499,vardı,TR,es gab,6,1,vardı,5,2,TR,DE
11501,ohne,DE,ohne,4,2,olmadan,7,3,DE,DE
11503,machen,DE,machen,6,2,yapmak,6,2,TR/DE,TR/DE
11497,zeytin,TR,Olive,5,3,zeytin,6,2,DE,TR
11504,yapıyorum,TR,Ich mache,9,2,yapıyorum,9,4,TR/DE,DE
11464,Auto,DE,Auto,4,2,araba,5,3,DE,DE
11505,yapıyorum,TR,Ich mache,9,2,yapıyorum,9,4,TR/DE,DE
11506,oluyor,TR,es passiert,11,2,oluyor,6,3,TR,DE
11499,Saft,DE,Saft,4,1,meyve suyu,10,3,DE,DE
11509,frech,DE,frech,5,1,yüzsüz,6,2,DE,DE
11509,olacak,TR,wird sein,9,1,olacak,6,3,TR,DE
11511,yapacak,TR,wird tun,8,1,yapacak,7,3,TR,DE
11512,mit,DE,mit,3,1,ile,3,2,TR/DE,DE
11466,İznik,TR,Iznik,5,2,İznik,5,2,TR/DE,TR/DE
11514,yap,TR,Tun,3,1,yap,3,1,TR/DE,TR/DE
11516,Arbeit,DE,Arbeit,6,2,İş,2,1,TR,TR
11516,yapmıyor,TR,geht nicht,10,1,yapmıyor,8,3,TR,DE
11467,İznik,TR,Iznik,5,2,İznik,5,2,TR/DE,TR/DE
11505,anbraten,DE,anbraten,8,3,yağda kızartmak,15,4,DE,DE
11520,yapıyordu,TR,tat,3,1,yapıyordu,9,4,DE,DE
11507,würde,DE,würde,5,2,istemek,7,3,DE,DE
11520,böyle,TR,so was,6,1,böyle,5,2,TR,DE
11512,pirinç,TR,Reis,4,1,pirinç,6,2,DE,DE
11520,abschließen,DE,abschließen,11,3,tamamlamak,10,4,TR,DE
11453,yapsaydın,TR,wenn ja,7,1,yapsaydın,9,3,DE,DE
11520,alıp,TR,wegbringen,10,3,alıp,4,2,TR,TR
11520,çıkarıp,TR,nimm es raus,12,1,çıkarıp,7,3,TR,DE
11524,yani,TR,Also,4,2,yani,4,2,TR/DE,TR/DE
11526,yapıp,TR,Tun,3,1,yapıp,5,2,DE,DE
11474,çatal,TR,Gabel,5,2,çatal,5,2,TR/DE,TR/DE
11504,Topf§ta,MIXED,Topf§ta,7,1,Topf§ta,7,1,TR/DE,TR/DE
11476,Mann§dan,MIXED,Mann§dan,8,1,Mann§dan,8,1,TR/DE,TR/DE
11540,var,TR,Es gibt,7,1,var,3,1,TR,TR/DE
11520,Schlüssel§i,MIXED,Schlüssel§i,11,2,Schlüssel§i,11,2,TR/DE,TR/DE
11549,Dings,DE,Dings,5,1,Dingler,7,2,DE,DE
11520,Schlüsselbund§u,MIXED,Schlüsselbund§u,15,3,Schlüsselbund§u,15,3,TR/DE,TR/DE
11549,so,DE,so,2,1,Bu yüzden,9,2,DE,DE
11478,Mann§sın,MIXED,Mann§sın,8,1,Mannşsın,8,2,TR/DE,DE
11554,hat,DE,hat,3,1,sahip olmak,11,3,DE,DE
11520,Arbeit§ları,MIXED,Arbeit§ları,11,2,Arbeit§ları,11,3,TR/DE,DE
11568,yapıyordu,TR,tat,3,1,yapıyordu,9,4,DE,DE
11568,bewerten,DE,bewerten,8,3,değerlendirmek,14,5,DE,DE
11542,vereceksin,TR,Du wirst geben,14,2,vereceksin,10,4,TR,DE
11574,ab,DE,ab,2,1,uzak,4,2,DE,DE
11577,in,DE,in,2,1,içinde,6,3,DE,DE
11551,yazdım,TR,Ich habe geschrieben,20,4,yazdım,6,2,TR,TR
11574,schreibt,DE,schreibt,8,1,yazıyor,7,3,TR,DE
11578,yapıyordu,TR,tat,3,1,yapıyordu,9,4,DE,DE
11594,zaten,TR,bereits,7,2,zaten,5,2,TR,TR/DE
11549,Alman,TR,Deutsch,7,1,Alman,5,2,TR,DE
11578,aufhören,DE,aufhören,8,3,durmak,6,2,TR,TR
11610,kaufen,DE,kaufen,6,2,satın almak,11,3,DE,DE
11612,için,TR,für,3,1,için,4,2,DE,DE
11520,yapıyorduk,TR,wir machten,11,2,yapıyorduk,10,4,TR,DE
11614,mı,TR,Ist es,6,1,mı,2,1,TR,TR/DE
11607,peki,TR,In Ordnung,10,2,peki,4,2,TR,TR/DE
11577,yanımdaki,TR,neben mir,9,2,yanımdaki,9,4,TR/DE,DE
11626,vardı,TR,es gab,6,1,vardı,5,2,TR,DE
11540,Taugenichts,DE,Taugenichts,11,3,Hiçbir işe yaramaz,18,5,DE,DE
11517,Siemens'te,MIXED,Siemens'te,10,2,Siemens'te,10,2,TR/DE,TR/DE
11526,Arbeit§ını,MIXED,Arbeit§ını,10,2,Arbeit§ını,10,3,TR/DE,DE
11633,önce,TR,vor,3,1,önce,4,2,DE,DE
11614,on,LANG3,An,2,1,Açık,4,2,DE,DE
11631,fotokopieren,DE,fotokopieren,12,5,fotokopi,8,4,TR,TR
11644,olarak,TR,Aspekt,6,2,olarak,6,3,TR/DE,DE
11631,yapın,TR,Mach es,7,1,yapın,5,2,TR,DE
11574,Vahit,TR,Vahid,5,1,Vahit,5,2,TR/DE,DE
11526,alıyorduk,TR,wir nahmen,10,2,alıyorduk,9,4,TR,DE
11647,beschreiben,DE,beschreiben,11,3,betimlemek,10,4,TR,DE
11647,arasındaki,TR,zwischen,8,2,arasındaki,10,5,DE,DE
11644,schreiben,DE,schreiben,9,2,yazmak,6,2,TR,TR/DE
11650,bilmiyorsunuz,TR,Du weißt es nicht,17,1,bilmiyorsunuz,13,5,TR,DE
11610,Copycard,LANG3,Kopierkarte,11,4,Kopya kartı,11,3,TR/DE,TR
11652,olacak,TR,wird sein,9,1,olacak,6,3,TR,DE
11649,karıştırılması,TR,mischen,7,2,karıştırılması,14,6,DE,DE
11654,gramer,TR,Grammatik,9,3,gramer,6,2,TR,TR
11644,beschreiben§ı,MIXED,beschreiben§ı,13,3,beschreiben§ı,13,3,TR/DE,TR/DE
11617,Copycard’ı,MIXED,Copycard’ı,10,3,Copycard’ı,10,2,TR/DE,TR
11647,schreiben§la,MIXED,schreiben§la,12,2,schreiben§la,12,2,TR/DE,TR/DE
11626,Fotokopiedienst,DE,Fotokopiedienst,15,5,Fotokopi hizmeti,16,6,DE,DE
11652,Vorwort,DE,Vorwort,7,2,Önsöz,5,2,TR,TR/DE
11668,yaptık,TR,wir haben es getan,18,3,yaptık,6,2,TR,TR
11650,beschreiben§ı,MIXED,beschreiben§ı,13,3,beschreiben§ı,13,3,TR/DE,TR/DE
11668,Vorwort,DE,Vorwort,7,2,Önsöz,5,2,TR,TR/DE
11655,vermeyi,TR,geben,5,2,vermeyi,7,3,DE,DE
11633,testten,MIXED,aus der Prüfung,15,2,testten,7,2,TR,TR/DE
11670,distanziert,DE,distanziert,11,3,mesafe,6,3,TR,TR/DE
11664,karşılaştırın,TR,vergleichen,11,3,karşılaştırın,13,5,DE,DE
11664,Vorwort§ları,MIXED,Vorwort§ları,12,2,Vorwort§ları,12,3,TR/DE,DE
11673,daha,TR,mehr,4,1,daha,4,2,TR/DE,DE
11649,beschreiben§la,MIXED,beschreiben§la,14,3,beschreiben§la,14,3,TR/DE,TR/DE
11671,hemen,TR,sofort,6,2,hemen,5,2,TR,TR/DE
11674,var,TR,Es gibt,7,1,var,3,1,TR,TR/DE
11675,bir,TR,Eins,4,1,bir,3,1,TR,TR/DE
11668,Vorwort§ları,MIXED,Vorwort§ları,12,2,Vorwort§ları,12,3,TR/DE,DE
11671,Personalpronomen,DE,Personalpronomen,16,6,Şahıs zamirleri,15,5,TR,TR
11670,yaratma,TR,Schaffung,9,2,yaratma,7,3,TR,DE
11680,wenn,DE,wenn,4,1,eğer,4,2,TR/DE,DE
11684,ne,TR,Was,3,1,ne,2,1,TR,TR/DE
11685,şu,TR,Das,3,1,şu,2,1,TR,TR/DE
11697,nem,TR,Feuchtigkeit,12,3,nem,3,1,TR,TR
11668,Vorwort§ları,MIXED,Vorwort§ları,12,2,Vorwort§ları,12,3,TR/DE,DE
11698,falan,TR,wie,3,1,falan,5,2,DE,DE
11679,yaratma,TR,Schaffung,9,2,yaratma,7,3,TR,DE
11705,falan,TR,wie,3,1,falan,5,2,DE,DE
11709,falan,TR,wie,3,1,falan,5,2,DE,DE
11676,temsil,TR,Darstellung,11,3,temsil,6,2,TR,TR
11674,spezifisch,DE,spezifisch,10,3,özel,4,2,TR,TR
11709,eğlence,TR,Unterhaltung,12,4,eğlence,7,3,TR,TR
11711,var,TR,Es gibt,7,1,var,3,1,TR,TR/DE
11710,olacaktı,TR,wäre,4,2,olacaktı,8,4,DE,DE
11719,bir,TR,Eins,4,1,bir,3,1,TR,TR/DE
11723,Mark,DE,Mark,4,1,işaret,6,3,DE,DE
11711,Uni,DE,Uni,3,2,Üniversite,10,5,DE,DE
11729,burada,TR,Hier,4,1,burada,6,3,DE,DE
11731,yazıyor,TR,schreibt,8,1,yazıyor,7,3,TR,DE
11733,ben,TR,ICH,3,1,ben,3,1,TR/DE,TR/DE
11717,wollte,DE,wollte,6,2,aranan,6,3,TR/DE,DE
11733,var,TR,Es gibt,7,1,var,3,1,TR,TR/DE
11724,120,DE,120,3,1,120,3,1,TR/DE,TR/DE
11654,Distanz§ı,MIXED,Distanz§ı,9,2,Uzakşı,6,3,TR,DE
11733,göre,TR,entsprechend,12,3,göre,4,2,TR,TR
11744,var,TR,Es gibt,7,1,var,3,1,TR,TR/DE
11748,bir,TR,Eins,4,1,bir,3,1,TR,TR/DE
11758,120,DE,120,3,1,120,3,1,TR/DE,TR/DE
11760,Mark,DE,Mark,4,1,işaret,6,3,DE,DE
11806,hatten,DE,hatten,6,2,vardı,5,2,TR,TR/DE
11697,Känguru,DE,Känguru,7,3,kanguru,7,3,TR/DE,TR/DE
11812,und,DE,und,3,1,Ve,2,1,TR,TR/DE
11813,o.k,TR,Pfeil,5,1,o.k,3,1,TR,TR/DE
11815,lira,TR,Lira,4,2,lira,4,2,TR/DE,TR/DE
11705,Student§ler,MIXED,Student§ler,11,2,Öğrenciler,10,4,TR,DE
11673,Passiv§ler,MIXED,Passiv§ler,10,2,Pasifler,8,3,TR,DE
11657,Distanz§ı,MIXED,Distanz§ı,9,2,Uzakşı,6,3,TR,DE
11733,aldık,TR,wir haben,9,2,aldık,5,2,TR,TR/DE
11843,var,TR,Es gibt,7,1,var,3,1,TR,TR/DE
11823,Chips,DE,Chips,5,1,Cips,4,1,TR,TR/DE
11843,ab,DE,ab,2,1,uzak,4,2,DE,DE
11851,yani,TR,Also,4,2,yani,4,2,TR/DE,TR/DE
11830,oynadık,TR,wir haben gespielt,18,3,oynadık,7,3,TR,TR/DE
11843,Geologisches,DE,Geologisches,12,4,Jeolojik,8,3,TR,TR
11853,şekerler,TR,Süßigkeiten,11,4,şekerler,8,3,TR,TR
11868,ist,DE,ist,3,1,öyle,4,2,DE,DE
11677,yapmayın,TR,Tu es nicht,11,1,yapmayın,8,3,TR,DE
11871,die,DE,die,3,1,the,3,1,TR/DE,TR/DE
11868,biliyor,TR,weiß,4,1,biliyor,7,3,DE,DE
11868,erleben,DE,erleben,7,3,deneyim,7,3,TR/DE,TR/DE
11873,halt,DE,halt,4,1,durmak,6,2,DE,DE
11874,gittin,TR,Du bist gegangen,16,3,gittin,6,2,TR,TR
11875,o,TR,Er,2,1,o,1,1,TR,TR/DE
11876,gibi,TR,wie,3,1,gibi,4,2,DE,DE
11876,ist,DE,ist,3,1,öyle,4,2,DE,DE
11812,Obsthof,DE,Obsthof,7,2,Meyve çiftliği,14,4,DE,DE
11843,Opa's,LANG3,Großväter,9,3,Büyükbabalar,12,5,DE,DE
11900,gidiyoruz,TR,wir gehen,9,1,gidiyoruz,9,4,TR/DE,DE
11733,Schnitt§leri,MIXED,Schnitt§leri,12,2,Schnitt§leri,12,2,TR/DE,TR/DE
11902,bütün,TR,alle,4,2,bütün,5,2,DE,TR/DE
11822,Chipsne,MIXED,Chipsne,7,2,Chipsne,7,2,TR/DE,TR/DE
11868,eğlence§s,MIXED,eğlence§s,9,3,eğlence§s,9,3,TR/DE,TR/DE
11904,gibi,TR,wie,3,1,gibi,4,2,DE,DE
11733,Muster§e,MIXED,Muster§e,8,2,Toplanma,8,3,TR/DE,DE
11904,disko,TR,Disko,5,2,disko,5,2,TR/DE,TR/DE
11906,biz,TR,Wir,3,1,biz,3,1,TR/DE,TR/DE
11882,find,DE,find,4,1,bulmak,6,2,DE,DE
11906,varmış,TR,es gab,6,1,varmış,6,2,TR/DE,DE
11905,vor,DE,vor,3,1,önce,4,2,DE,DE
11908,falan,TR,wie,3,1,falan,5,2,DE,DE
11873,hörer,TR,Hörer,5,2,hörer,5,2,TR/DE,TR/DE
11911,ist,DE,ist,3,1,öyle,4,2,DE,DE
11673,Konzept§te,MIXED,Konzept§te,10,2,Konzept§te,10,2,TR/DE,TR/DE
11922,ne,TR,Was,3,1,ne,2,1,TR,TR/DE
11906,Swimming,DE,Swimming,8,2,Yüzme,5,2,TR,TR/DE
11925,ein,DE,ein,3,1,A,1,1,TR,TR/DE
11935,Ich,DE,Ich,3,1,BEN,3,1,TR/DE,TR/DE
11936,ben,TR,ICH,3,1,ben,3,1,TR/DE,TR/DE
11904,son,LANG3,Sohn,4,1,oğul,4,2,TR/DE,DE
11900,Austauschpartner,DE,Austauschpartner,16,4,Değişim ortağı,14,5,TR,DE
11936,an,DE,an,2,1,ile,3,2,DE,DE
11873,Glori's,LANG3,Glory's,7,2,Glory'nin,9,1,DE,TR
11937,aldık,TR,wir haben,9,2,aldık,5,2,TR,TR/DE
11944,ne,TR,Was,3,1,ne,2,1,TR,TR/DE
11947,böyle,TR,so was,6,1,böyle,5,2,TR,DE
11911,olmak,TR,zu sein,7,1,olmak,5,2,TR,DE
11882,Glori's,LANG3,Glory's,7,2,Glory'nin,9,1,DE,TR
11922,Fahne,DE,Fahne,5,2,afiş,4,2,TR,TR/DE
11962,ne,TR,Was,3,1,ne,2,1,TR,TR/DE
11936,yapamadım,TR,Ich konnte es nicht tun,23,2,yapamadım,9,4,TR,DE
11967,und,DE,und,3,1,Ve,2,1,TR,TR/DE
11969,ben,TR,ICH,3,1,ben,3,1,TR/DE,TR/DE
11971,das,DE,das,3,1,the,3,1,TR/DE,TR/DE
11936,feiern,DE,feiern,6,1,kutlamak,8,3,DE,DE
11950,bla,TR,bla bla,7,1,bla,3,1,TR,TR/DE
11974,weißt,DE,weißt,5,1,Bilmek,6,2,DE,DE
11914,Abend,DE,Abend,5,2,Akşam,5,2,TR/DE,TR/DE
11985,böyle,TR,so was,6,1,böyle,5,2,TR,DE
11987,her,TR,jede,4,2,her,3,1,TR,TR
11959,Haare,DE,Haare,5,2,Saç,3,1,TR,TR
11995,mag,DE,mag,3,1,beğeniler,9,4,DE,DE
11905,şeydi,TR,war etwas,9,2,şeydi,5,2,TR,TR/DE
11965,abiyle,TR,mit Bruder,10,2,abiyle,6,3,TR,DE
11995,Mutti,TR,Mutti,5,2,Mutti,5,2,TR/DE,TR/DE
12009,değil,TR,nicht,5,1,değil,5,2,TR/DE,DE
12014,ist,DE,ist,3,1,öyle,4,2,DE,DE
12017,weißt,DE,weißt,5,1,Bilmek,6,2,DE,DE
12017,falan,TR,wie,3,1,falan,5,2,DE,DE
12025,doch,DE,doch,4,1,Ancak,5,2,DE,DE
11977,rastık,TR,zufällig,8,3,rastık,6,2,TR,TR
12027,haben,DE,haben,5,2,sahip olmak,11,3,DE,DE
12028,so,DE,so,2,1,Bu yüzden,9,2,DE,DE
12028,böyle,TR,so was,6,1,böyle,5,2,TR,DE
12032,das,DE,das,3,1,the,3,1,TR/DE,TR/DE
12039,da,TR,In,2,1,da,2,1,TR/DE,TR/DE
12039,böyle,TR,so was,6,1,böyle,5,2,TR,DE
12046,o.k,TR,Pfeil,5,1,o.k,3,1,TR,TR/DE
12055,Türkçesi,TR,Türkisch,8,2,Türkçesi,8,3,TR/DE,DE
11936,gidecektim,TR,Ich wollte gehen,16,2,gidecektim,10,4,TR,DE
12069,die,DE,die,3,1,the,3,1,TR/DE,TR/DE
11959,rote,TR,rot,3,1,rote,4,2,DE,DE
12005,Binnur,DE,Binnur,6,2,Binnur,6,2,TR/DE,TR/DE
12073,ist,DE,ist,3,1,öyle,4,2,DE,DE
12080,und,DE,und,3,1,Ve,2,1,TR,TR/DE
12081,benim,TR,Meins,5,1,benim,5,2,TR/DE,DE
11974,abiyle,TR,mit Bruder,10,2,abiyle,6,3,TR,DE
11908,diyoruz,TR,wir sagen,9,2,diyoruz,7,3,TR,DE
12082,was,DE,was,3,1,Ne,2,1,TR,TR/DE
12084,das,DE,das,3,1,the,3,1,TR/DE,TR/DE
12084,hab,DE,hab,3,1,sahip olmak,11,3,DE,DE
12087,Oma,DE,Oma,3,2,büyükanne,9,4,DE,DE
12088,das,DE,das,3,1,the,3,1,TR/DE,TR/DE
11974,Mansur,DE,Mansur,6,2,Mansur,6,2,TR/DE,TR/DE
12096,yani,TR,Also,4,2,yani,4,2,TR/DE,TR/DE
12100,weißt,DE,weißt,5,1,Bilmek,6,2,DE,DE
12062,Bağcılar,TR,Bagcilar,8,3,Bağcılar,8,3,TR/DE,TR/DE
12111,schon,DE,schon,5,1,çoktan,6,2,DE,DE
12115,yani,TR,Also,4,2,yani,4,2,TR/DE,TR/DE
12115,wenn,DE,wenn,4,1,eğer,4,2,TR/DE,DE
12005,değilim,TR,Das bin ich nicht,17,1,değilim,7,3,TR,DE
12119,ja,DE,ja,2,1,Evet,4,2,DE,DE
12095,Nevşehir,TR,Nevşehir,8,2,Nevşehir,8,3,TR/DE,DE
12123,oder,DE,oder,4,2,veya,4,2,TR/DE,TR/DE
12111,22,TR,22,2,1,22,2,1,TR/DE,TR/DE
12069,Bağcılar,TR,Bagcilar,8,3,Bağcılar,8,3,TR/DE,TR/DE
12073,fırsat,TR,Gelegenheit,11,4,fırsat,6,2,TR,TR
12082,kına,TR,Henna,5,2,kına,4,2,TR,TR/DE
12129,gitti,TR,gegangen,8,3,gitti,5,2,TR,TR
12132,benim,TR,Meins,5,1,benim,5,2,TR/DE,DE
12133,ne,TR,Was,3,1,ne,2,1,TR,TR/DE
12133,weißt,DE,weißt,5,1,Bilmek,6,2,DE,DE
12138,işte,TR,bei der Arbeit,14,2,işte,4,2,TR,TR/DE
12138,wir,DE,wir,3,1,Biz,3,1,TR/DE,TR/DE
12138,sanki,TR,als ob,6,1,sanki,5,2,TR,DE
12141,gittik,TR,wir gingen,10,2,gittik,6,2,TR,TR/DE
12120,belki,TR,Vielleicht,10,2,belki,5,2,TR,TR/DE
12116,sonat,TR,Sonate,6,3,sonat,5,2,TR,TR
12004,Mutti,TR,Mutti,5,2,Mutti,5,2,TR/DE,TR/DE
12159,Woche,DE,Woche,5,2,Hafta,5,2,TR/DE,TR/DE
12164,bitirdim,TR,Ich bin fertig,14,2,bitirdim,8,3,TR,DE
12169,n,TR,N,1,1,n,1,1,TR/DE,TR/DE
12141,gezdik,TR,wir sind gereist,16,2,gezdik,6,2,TR,TR/DE
12169,ne,TR,Was,3,1,ne,2,1,TR,TR/DE
12169,unterschied,DE,unterschied,11,3,fark,4,1,TR,TR
12174,ist,DE,ist,3,1,öyle,4,2,DE,DE
12175,Türkiye'ye,TR,nach Türkiye,12,2,Türkiye'ye,10,3,TR,DE
12175,hab,DE,hab,3,1,sahip olmak,11,3,DE,DE
12175,bitmiş,TR,fertig,6,2,bitmiş,6,2,TR/DE,TR/DE
12182,was,DE,was,3,1,Ne,2,1,TR,TR/DE
12169,Pause,DE,Pause,5,2,duraklatma,10,4,DE,DE
12186,bit,TR,bisschen,8,2,bit,3,1,TR,TR
12129,Schule§ye,MIXED,Schule§ye,9,2,Schule§ye,9,2,TR/DE,TR/DE
12186,bist,DE,bist,4,1,öyle,4,2,TR/DE,DE
12186,üniversite,TR,Universität,11,5,üniversite,10,5,TR,TR/DE
12196,Mutti,TR,Mutti,5,2,Mutti,5,2,TR/DE,TR/DE
12129,Benedikt,DE,Benedikt,8,3,Benedict,8,3,TR/DE,TR/DE
12186,bitirdiğinde,TR,wenn du fertig bist,19,2,bitirdiğinde,12,5,TR,DE
12152,bitireyim,TR,Lass mich ausreden,18,3,bitireyim,9,4,TR,DE
12202,yani,TR,Also,4,2,yani,4,2,TR/DE,TR/DE
12126,yapıyordur,TR,tut,3,1,yapıyordur,10,4,DE,DE
12127,yapıyordur,TR,tut,3,1,yapıyordur,10,4,DE,DE
12027,Hababam,TR,Mein Schatz,11,1,Hababam,7,3,TR,DE
12208,und,DE,und,3,1,Ve,2,1,TR,TR/DE
12210,yani,TR,Also,4,2,yani,4,2,TR/DE,TR/DE
12210,das,DE,das,3,1,the,3,1,TR/DE,TR/DE
12204,weiß,DE,weiß,4,1,beyaz,5,2,DE,DE
12231,ne,TR,Was,3,1,ne,2,1,TR,TR/DE
12231,Aufnahme,DE,Aufnahme,8,3,Kayıt,5,2,TR,TR
12236,ne,TR,Was,3,1,ne,2,1,TR,TR/DE
12081,başörtülü,TR,Kopftuch,8,2,başörtülü,9,4,DE,DE
12237,und,DE,und,3,1,Ve,2,1,TR,TR/DE
12237,hast,DE,hast,4,1,sahip olmak,11,3,DE,DE
12245,ne,TR,Was,3,1,ne,2,1,TR,TR/DE
12245,Ausbildung,DE,Ausbildung,10,3,Eğitim,6,3,TR,TR/DE
12200,müßte,DE,müßte,5,2,zorunda kalacaktım,18,6,DE,DE
12257,29,TR,29,2,1,29,2,1,TR/DE,TR/DE
12257,hab',DE,hab',4,1,sahip olmak',12,3,DE,DE
12265,ne,TR,Was,3,1,ne,2,1,TR,TR/DE
12266,ne,TR,Was,3,1,ne,2,1,TR,TR/DE
12208,Edirne,TR,Edirne,6,3,Edirne,6,3,TR/DE,TR/DE
12253,1/2,DE,1/2,3,1,1/2,3,1,TR/DE,TR/DE
12275,yardımcı,TR,Helfer,6,2,yardımcı,8,3,DE,DE
12277,yardımcı,TR,Helfer,6,2,yardımcı,8,3,DE,DE
12277,oder,DE,oder,4,2,veya,4,2,TR/DE,TR/DE
12277,yardımcı,TR,Helfer,6,2,yardımcı,8,3,DE,DE
12286,ne,TR,Was,3,1,ne,2,1,TR,TR/DE
12297,çocuk,TR,Kind,4,1,çocuk,5,2,DE,DE
12309,ne,TR,Was,3,1,ne,2,1,TR,TR/DE
12312,Computer,DE,Computer,8,3,bilgisayar,10,4,DE,DE
12276,doktor,TR,Arzt,4,1,doktor,6,2,DE,DE
12312,Funken,DE,Funken,6,2,Kıvılcım,8,3,DE,DE
12312,ich,DE,ich,3,1,BEN,3,1,TR/DE,TR/DE
12220,neun,TR,neun,4,1,neun,4,1,TR/DE,TR/DE
12321,ben,TR,ICH,3,1,ben,3,1,TR/DE,TR/DE
12200,jubelt,DE,jubelt,6,2,şerefe,6,3,TR/DE,DE
12335,gibi,TR,wie,3,1,gibi,4,2,DE,DE
12339,Cafe§ye,MIXED,Cafe§ye,7,2,CafeŞye,7,3,TR/DE,DE
12339,baktım,TR,Ich habe nachgeschaut,21,4,baktım,6,2,TR,TR
12343,yalnız,TR,nur,3,1,yalnız,6,2,DE,DE
12346,falan,TR,wie,3,1,falan,5,2,DE,DE
12346,und,DE,und,3,1,Ve,2,1,TR,TR/DE
12346,vardı,TR,es gab,6,1,vardı,5,2,TR,DE
12351,O.k.,TR,Pfeil.,6,1,O.k.,4,1,TR,TR/DE
12357,var,TR,Es gibt,7,1,var,3,1,TR,TR/DE
12357,ama,TR,Aber,4,2,ama,3,2,TR,TR/DE
12357,auf,DE,auf,3,1,Açık,4,2,DE,DE
12360,işte,TR,bei der Arbeit,14,2,işte,4,2,TR,TR/DE
12368,ich,DE,ich,3,1,BEN,3,1,TR/DE,TR/DE
12152,Abitur§umu,MIXED,Abitur§umu,10,4,Abiturşumu,10,5,TR/DE,DE
12382,Distanz,DE,Distanz,7,2,mesafe,6,3,TR,DE
12186,Abitur§u,MIXED,Abitur§u,8,3,Abitur§u,8,3,TR/DE,TR/DE
12392,Farben,DE,Farben,6,2,Renkler,7,2,DE,TR/DE
12398,O,TR,ER,2,1,O,1,1,TR,TR/DE
12400,Farbe,DE,Farbe,5,2,Renk,4,1,TR,TR
12403,Whisky-Cola,LANG3,Whisky-Cola,11,4,Viski-Cola,10,4,TR,TR/DE
12403,wollt',DE,wollt',6,1,aranan',7,3,DE,DE
12203,redet,DE,redet,5,2,görüşmeler,10,4,DE,DE
12236,Wartezeit,DE,Wartezeit,9,3,Bekleme süresi,14,5,DE,DE
12419,indik,TR,wir sind gelandet,17,3,indik,5,2,TR,TR
12424,ne,TR,Was,3,1,ne,2,1,TR,TR/DE
12424,Stunde,DE,Stunde,6,2,Saat,4,1,TR,TR
12428,und,DE,und,3,1,Ve,2,1,TR,TR/DE
12429,war,DE,war,3,1,öyleydi,7,3,DE,DE
12434,böyle,TR,so was,6,1,böyle,5,2,TR,DE
12434,böyle,TR,so was,6,1,böyle,5,2,TR,DE
12434,Hütchen,DE,Hütchen,7,2,koni,4,2,TR,TR/DE
12437,faszinieren,DE,faszinieren,11,4,büyülemek,9,4,TR,TR/DE
12437,etti,TR,tat,3,1,etti,4,2,DE,DE
12439,hatte,DE,hatte,5,2,vardı,5,2,TR/DE,TR/DE
12441,uçaktan,TR,aus dem Flugzeug,16,2,uçaktan,7,3,TR,DE
12442,acht,DE,acht,4,1,sekiz,5,2,DE,DE
12447,böyle,TR,so was,6,1,böyle,5,2,TR,DE
12452,gittim,TR,Ich ging,8,1,gittim,6,2,TR,DE
12456,görüyorsun,TR,Du siehst,9,1,görüyorsun,10,4,DE,DE
12458,total,DE,total,5,2,toplam,6,2,DE,TR/DE
12458,yanına,TR,nächste,7,2,yanına,6,3,TR,DE
12458,mi,TR,Ist es,6,1,mi,2,1,TR,TR/DE
12463,Sydney'e,MIXED,Sydney,6,2,Sidney,6,2,TR/DE,TR/DE
12463,gittim,TR,Ich ging,8,1,gittim,6,2,TR,DE
12463,gittim,TR,Ich ging,8,1,gittim,6,2,TR,DE
12463,geliyor,TR,kommt,5,1,geliyor,7,3,DE,DE
12463,sordum,TR,Ich fragte,10,2,sordum,6,2,TR,TR/DE
12464,dedi,TR,sagte er,8,2,dedi,4,2,TR,TR/DE
12466,aldım,TR,Ich habe gekauft,16,3,aldım,5,2,TR,TR
12470,es,DE,es,2,1,BT,2,1,TR/DE,TR/DE
12472,Zollbeamter§dan,MIXED,Zollbeamter§dan,15,3,Zollbeamter§dan,15,3,TR/DE,TR/DE
12478,falan,TR,wie,3,1,falan,5,2,DE,DE
12479,ich,DE,ich,3,1,BEN,3,1,TR/DE,TR/DE
12479,weißt,DE,weißt,5,1,Bilmek,6,2,DE,DE
12482,falan,TR,wie,3,1,falan,5,2,DE,DE
12483,yaptım,TR,Das habe ich getan,18,3,yaptım,6,2,TR,TR
12484,kenn',DE,kenn',5,1,Bilmek,6,2,DE,DE
12484,kenn',DE,kenn',5,1,Bilmek,6,2,DE,DE
12485,Gepäck,DE,Gepäck,6,2,bagaj,5,2,TR,TR/DE
12485,de,TR,Auch,4,1,de,2,1,TR,TR/DE
12501,ne,TR,Was,3,1,ne,2,1,TR,TR/DE
12511,Aufregung,DE,Aufregung,9,3,heyecanlanmak,13,5,DE,DE
12512,böyle,TR,so was,6,1,böyle,5,2,TR,DE
12513,tipi,TR,Typ,3,1,tipi,4,2,DE,DE
12518,meint,DE,meint,5,1,araç,4,2,TR,DE
12518,ne,DE,ne,2,1,HAYIR,5,2,DE,DE
12518,de,TR,Auch,4,1,de,2,1,TR,TR/DE
12200,Papi,TR,Papi,4,2,Papi,4,2,TR/DE,TR/DE
12518,Anhänger,DE,Anhänger,8,3,Römork,6,2,TR,TR
12518,var,TR,Es gibt,7,1,var,3,1,TR,TR/DE
12518,den,DE,den,3,1,the,3,1,TR/DE,TR/DE
12520,de,TR,Auch,4,1,de,2,1,TR,TR/DE
12409,Stunden,DE,Stunden,7,2,Saat,4,1,TR,TR
12531,dieses,DE,dieses,6,2,Bu,2,1,TR,TR
12531,noch,DE,noch,4,1,Hala,4,2,TR/DE,DE
12410,30,TR,30,2,1,30,2,1,TR/DE,TR/DE
12537,yaparken,TR,dabei,5,2,yaparken,8,3,DE,DE
12552,böyle,TR,so was,6,1,böyle,5,2,TR,DE
12562,ich,DE,ich,3,1,BEN,3,1,TR/DE,TR/DE
12569,ne,TR,Was,3,1,ne,2,1,TR,TR/DE
12571,hemen,TR,sofort,6,2,hemen,5,2,TR,TR/DE
12573,falan,TR,wie,3,1,falan,5,2,DE,DE
12580,ne,TR,Was,3,1,ne,2,1,TR,TR/DE
12580,jeder,DE,jeder,5,2,herkes,6,2,DE,TR/DE
12312,curt,LANG3,kurz,4,1,kısa,4,2,TR/DE,DE
12274,sınavı,TR,Prüfung,7,2,sınavı,6,3,TR,DE
12590,und,DE,und,3,1,Ve,2,1,TR,TR/DE
12590,Mutter,DE,Mutter,6,2,Anne,4,2,TR,TR/DE
12525,eis,TR,eis,3,1,eis,3,1,TR/DE,TR/DE
12589,bize,TR,uns,3,1,bize,4,2,DE,DE
12600,hat,DE,hat,3,1,sahip olmak,11,3,DE,DE
12597,kulübesi,TR,Hütte,5,2,kulübesi,8,4,DE,DE
12602,yani,TR,Also,4,2,yani,4,2,TR/DE,TR/DE
12321,Darmstadt’tayım,MIXED,Darmstadt’tayım,15,2,Darmstadt'tayım,15,3,TR/DE,DE
12335,Einkaufstraß,DE,Einkaufstraß,12,3,alışveriş caddesi,17,6,DE,DE
12609,falan,TR,wie,3,1,falan,5,2,DE,DE
12613,balo,TR,Abschlussball,13,3,balo,4,2,TR,TR
12615,meint,DE,meint,5,1,araç,4,2,TR,DE
12615,und,DE,und,3,1,Ve,2,1,TR,TR/DE
12537,Einpacken,DE,Einpacken,9,3,Özetle,6,3,TR,TR/DE
12590,aramış,TR,angerufen,9,4,aramış,6,3,TR,TR
12623,tamam,TR,OK,2,1,tamam,5,2,DE,DE
12629,yani,TR,Also,4,2,yani,4,2,TR/DE,TR/DE
12639,yani,TR,Also,4,2,yani,4,2,TR/DE,TR/DE
12602,gibt's,DE,gibt's,6,1,orada,5,3,TR,DE
12609,würdet,DE,würdet,6,2,istemek,7,3,DE,DE
12642,die,DE,die,3,1,the,3,1,TR/DE,TR/DE
12617,taksi,TR,Taxi,4,2,taksi,5,2,DE,TR/DE
12641,geldik,TR,wir sind gekommen,17,3,geldik,6,2,TR,TR
12645,hat,DE,hat,3,1,sahip olmak,11,3,DE,DE
12645,yani,TR,Also,4,2,yani,4,2,TR/DE,TR/DE
12605,daß,DE,daß,3,1,O,1,1,TR,TR/DE
12647,yani,TR,Also,4,2,yani,4,2,TR/DE,TR/DE
12644,Bewerbung,DE,Bewerbung,9,3,Başvuru,7,3,TR,TR/DE
12648,yaptık,TR,wir haben es getan,18,3,yaptık,6,2,TR,TR
12371,sitzen,TR,sitzen,6,2,sitzen,6,2,TR/DE,TR/DE
12649,yapmadık,TR,wir haben es nicht getan,24,3,yapmadık,8,3,TR,TR/DE
12584,yemiyor,TR,isst nicht,10,1,yemiyor,7,3,TR,DE
12650,yapmadık,TR,wir haben es nicht getan,24,3,yapmadık,8,3,TR,TR/DE
12653,falan,TR,wie,3,1,falan,5,2,DE,DE
12655,Koray,TR,Koray,5,2,Koray,5,2,TR/DE,TR/DE
12655,auch,DE,auch,4,1,Ayrıca,6,3,DE,DE
12518,güm-güm-güm,TR,Bumm-bumm-bumm,14,3,güm-güm-güm,11,3,TR,TR/DE
12646,seins,DE,seins,5,1,onun,4,2,TR,DE
12649,Aufsatz,DE,Aufsatz,7,2,Makale,6,3,TR,DE
12660,falan,TR,wie,3,1,falan,5,2,DE,DE
12676,Lebenslauf,DE,Lebenslauf,10,3,Özgeçmiş,8,3,TR,TR/DE
12650,Aufsatz,DE,Aufsatz,7,2,Makale,6,3,TR,DE
12677,für,DE,für,3,1,için,4,2,DE,DE
12655,halinde,TR,In,2,1,halinde,7,3,DE,DE
12678,bilmem,TR,Ich weiß nicht,14,1,bilmem,6,2,TR,DE
12657,yazacağım,TR,Ich werde schreiben,19,3,yazacağım,9,4,TR,DE
12681,hat,DE,hat,3,1,sahip olmak,11,3,DE,DE
12689,nen,TR,nen,3,1,nen,3,1,TR/DE,TR/DE
12689,Lebenslauf,DE,Lebenslauf,10,3,Özgeçmiş,8,3,TR,TR/DE
12676,olayını,TR,der Vorfall,11,2,olayını,7,4,TR,DE
12690,onlar,TR,ihnen,5,2,onlar,5,2,TR/DE,TR/DE
12691,da,TR,In,2,1,da,2,1,TR/DE,TR/DE
12644,içinmiş,TR,es war für,10,1,içinmiş,7,3,TR,DE
12716,master,LANG3,Master,6,2,usta,4,2,TR,TR/DE
12716,sınavı,TR,Prüfung,7,2,sınavı,6,3,TR,DE
12680,ı,TR,ich,3,1,ı,1,1,TR,TR/DE
12718,so,DE,so,2,1,Bu yüzden,9,2,DE,DE
12721,falan,TR,wie,3,1,falan,5,2,DE,DE
12714,denen,TR,angerufen,9,4,denen,5,2,TR,TR
12725,auch,DE,auch,4,1,Ayrıca,6,3,DE,DE
12725,yaptı,TR,tat,3,1,yaptı,5,2,DE,DE
12725,falan,TR,wie,3,1,falan,5,2,DE,DE
12725,zu,DE,zu,2,1,ile,3,2,DE,DE
12729,voll,DE,voll,4,1,tam dolu,8,2,DE,DE
12617,hundertfünfzig,DE,hundertfünfzig,14,4,yüz elli,8,2,TR,TR
12721,ähm,DE,ähm,3,1,hım,3,1,TR/DE,TR/DE
12733,yapmak,TR,zu tun,6,1,yapmak,6,2,TR/DE,DE
12733,eh,TR,äh,2,1,eh,2,1,TR/DE,TR/DE
12733,Karriere,DE,Karriere,8,3,kariyer,7,3,TR,TR/DE
12385,gıcıklığına,TR,Zu deinem Ärger,15,3,gıcıklığına,11,5,TR,DE
12745,niye,TR,Warum,5,2,niye,4,2,TR,TR/DE
12655,Aufsatz,DE,Aufsatz,7,2,Makale,6,3,TR,DE
12758,tam,TR,voll,4,1,tam,3,1,TR,TR/DE
12758,nein,DE,nein,4,1,HAYIR,5,2,DE,DE
12746,macht,DE,macht,5,1,belki,5,2,TR/DE,DE
12762,im,DE,im,2,1,içinde,6,3,DE,DE
12767,tam,TR,voll,4,1,tam,3,1,TR,TR/DE
12774,balo,TR,Abschlussball,13,3,balo,4,2,TR,TR
12762,yetmiş,TR,siebzig,7,2,yetmiş,6,2,TR,TR/DE
12776,oraya,TR,Dort,4,1,oraya,5,3,DE,DE
12777,so,DE,so,2,1,Bu yüzden,9,2,DE,DE
12777,falan,TR,wie,3,1,falan,5,2,DE,DE
12774,meinten,DE,meinten,7,2,anlamına gelen,14,5,DE,DE
12777,yapıyor,TR,tun,3,1,yapıyor,7,3,DE,DE
12729,methettiler,TR,sie lobten,10,2,methettiler,11,4,DE,DE
12779,yaptı,TR,tat,3,1,yaptı,5,2,DE,DE
12677,asistanlık,TR,Assistententätigkeit,20,7,asistanlık,10,4,TR,TR
12787,yapmıyor,TR,geht nicht,10,1,yapmıyor,8,3,TR,DE
12718,Yaşar,TR,Yasar,5,2,Yaşar,5,2,TR/DE,TR/DE
12779,zustimmen,DE,zustimmen,9,3,kabul etmek,11,3,DE,TR/DE
12800,ya,TR,entweder,8,3,ya,2,1,TR,TR
12800,nicht,DE,nicht,5,1,Olumsuz,7,3,DE,DE
12800,yani,TR,Also,4,2,yani,4,2,TR/DE,TR/DE
12810,yani,TR,Also,4,2,yani,4,2,TR/DE,TR/DE
12811,ayrı,TR,separate,8,4,ayrı,4,2,TR,TR
12815,der,DE,der,3,1,the,3,1,TR/DE,TR/DE
12815,yani,TR,Also,4,2,yani,4,2,TR/DE,TR/DE
12817,ayrı,TR,separate,8,4,ayrı,4,2,TR,TR
12796,T.,DE,T.,2,1,T,1,1,TR,TR/DE
12822,bilmem,TR,Ich weiß nicht,14,1,bilmem,6,2,TR,DE
12830,hani,TR,Wo,2,1,hani,4,2,DE,DE
12800,S.,DE,S.,2,1,S.,2,1,TR/DE,TR/DE
12831,ey,DE,ey,2,1,Hey,3,1,DE,TR/DE
12820,nichts,DE,nichts,6,1,Hiçbir şey,10,2,DE,DE
12833,gemacht,DE,gemacht,7,2,yapılmış,8,3,DE,DE
12836,das,DE,das,3,1,the,3,1,TR/DE,TR/DE
12648,Sieben§da,MIXED,Sieben§da,9,2,Sieben§da,9,2,TR/DE,TR/DE
12831,yarış,TR,Wettrennen,10,3,yarış,5,2,TR,TR
12849,hab,DE,hab,3,1,sahip olmak,11,3,DE,DE
12833,hız,TR,Geschwindigkeit,15,4,hız,3,1,TR,TR
12849,gegangen,DE,gegangen,8,3,gitmiş,6,2,TR,TR
12865,ey,TR,Artikel,7,3,ey,2,1,TR,TR
12866,ist,DE,ist,3,1,öyle,4,2,DE,DE
12874,yani,TR,Also,4,2,yani,4,2,TR/DE,TR/DE
12884,Alman,TR,Deutsch,7,1,Alman,5,2,TR,DE
12885,lise,TR,Gymnasium,9,3,lise,4,2,TR,TR
12780,sandviççi,TR,Sandwichladen,13,4,sandviççi,9,3,TR,TR
12886,die,DE,die,3,1,the,3,1,TR/DE,TR/DE
12888,S.,DE,S.,2,1,S.,2,1,TR/DE,TR/DE
12837,sallıyor,TR,zittern,7,2,sallıyor,8,3,DE,DE
12889,das,DE,das,3,1,the,3,1,TR/DE,TR/DE
12893,ist,DE,ist,3,1,öyle,4,2,DE,DE
12895,ist,DE,ist,3,1,öyle,4,2,DE,DE
12896,deutsch,DE,deutsch,7,1,Almanca,7,3,TR/DE,DE
12736,hayır§s,MIXED,hayır§s,7,1,hayırlar,8,3,DE,DE
12896,türkisch,DE,türkisch,8,2,Türkçe,6,2,TR,TR/DE
12641,C'lerle,MIXED,mit C's,7,1,C'lerle,7,2,TR/DE,DE
12897,biraz,TR,Ein wenig,9,2,biraz,5,2,TR,TR/DE
12900,und,DE,und,3,1,Ve,2,1,TR,TR/DE
12902,so,DE,so,2,1,Bu yüzden,9,2,DE,DE
12690,Bewerbung§du,MIXED,Bewerbung§du,12,3,Bewerbung§du,12,2,TR/DE,TR
12919,yani,TR,Also,4,2,yani,4,2,TR/DE,TR/DE
12917,Das,DE,Das,3,1,,0,0,TR,TR
12922,ist,DE,ist,3,1,öyle,4,2,DE,DE
12924,yani,TR,Also,4,2,yani,4,2,TR/DE,TR/DE
12921,ediyorum,TR,Ich tue,7,1,ediyorum,8,4,DE,DE
12926,ne,TR,Was,3,1,ne,2,1,TR,TR/DE
12928,andere,DE,andere,6,3,diğer,5,2,TR,TR
12839,sallıyor,TR,zittern,7,2,sallıyor,8,3,DE,DE
12928,falan,TR,wie,3,1,falan,5,2,DE,DE
12929,ich,DE,ich,3,1,BEN,3,1,TR/DE,TR/DE
12929,tam,TR,voll,4,1,tam,3,1,TR,TR/DE
12929,türkisch,DE,türkisch,8,2,Türkçe,6,2,TR,TR/DE
12929,türkisch,DE,türkisch,8,2,Türkçe,6,2,TR,TR/DE
12929,değil,TR,nicht,5,1,değil,5,2,TR/DE,DE
12745,Şafak’ı,MIXED,Dämmerung,9,3,Şafak’ı,7,2,TR,TR
12924,typisch,DE,typisch,7,2,tipik,5,2,TR,TR/DE
12932,das,DE,das,3,1,the,3,1,TR/DE,TR/DE
12932,was,DE,was,3,1,Ne,2,1,TR,TR/DE
12936,sag',DE,sag',4,1,söylemek,8,3,DE,DE
12936,wenn,DE,wenn,4,1,eğer,4,2,TR/DE,DE
12930,Was,DE,Was,3,1,Ne,2,1,TR,TR/DE
12946,yani,TR,Also,4,2,yani,4,2,TR/DE,TR/DE
12930,typisch,DE,typisch,7,2,tipik,5,2,TR,TR/DE
12954,mit,DE,mit,3,1,ile,3,2,TR/DE,DE
12777,rumschreien,DE,rumschreien,11,2,bağırmak,8,3,TR,DE
12959,ich,DE,ich,3,1,BEN,3,1,TR/DE,TR/DE
12961,Hanım,TR,Frau,4,1,Hanım,5,2,DE,DE
12961,an,DE,an,2,1,ile,3,2,DE,DE
12885,drauf,DE,drauf,5,1,üzerinde,8,4,DE,DE
12946,soll,DE,soll,4,1,yapmalı,7,3,DE,DE
12957,Nein,DE,Nein,4,1,HAYIR,5,2,DE,DE
12962,Asya,TR,Asien,5,2,Asya,4,2,TR,TR/DE
12961,Asya,TR,Asien,5,2,Asya,4,2,TR,TR/DE
12962,bezogen,DE,bezogen,7,3,ilgili,6,3,TR,TR/DE
12962,Zopf,DE,Zopf,4,1,örgü,4,2,TR/DE,DE
12964,Zopf,DE,Zopf,4,1,örgü,4,2,TR/DE,DE
12963,Zopf,DE,Zopf,4,1,örgü,4,2,TR/DE,DE
12964,sandım,TR,Dachte ich,10,2,sandım,6,2,TR,TR/DE
12968,yani,TR,Also,4,2,yani,4,2,TR/DE,TR/DE
12969,böyle,TR,so was,6,1,böyle,5,2,TR,DE
12971,und,DE,und,3,1,Ve,2,1,TR,TR/DE
12971,yaptılar,TR,Das haben sie getan,19,3,yaptılar,8,3,TR,TR/DE
12962,aklıma,TR,meiner Meinung nach,19,3,aklıma,6,3,TR,TR/DE
12974,nicht,DE,nicht,5,1,Olumsuz,7,3,DE,DE
12975,çok,TR,Eine Menge,10,3,çok,3,1,TR,TR
12976,Dings,DE,Dings,5,1,Dingler,7,2,DE,DE
12976,lise,TR,Gymnasium,9,3,lise,4,2,TR,TR
12979,B.,DE,B.,2,1,B.,2,1,TR/DE,TR/DE
12979,için,TR,für,3,1,için,4,2,DE,DE
12980,zaten,TR,bereits,7,2,zaten,5,2,TR,TR/DE
12981,ey,DE,ey,2,1,Hey,3,1,DE,TR/DE
12984,yani,TR,Also,4,2,yani,4,2,TR/DE,TR/DE
12987,B.,DE,B.,2,1,B.,2,1,TR/DE,TR/DE
12974,A.,TR,A.,2,1,A.,2,1,TR/DE,TR/DE
12990,sie,DE,sie,3,1,o,1,1,TR,TR/DE
12987,etkili,TR,wirksam,7,2,etkili,6,3,TR,DE
12993,biraz,TR,Ein wenig,9,2,biraz,5,2,TR,TR/DE
12928,Denkweise§n,MIXED,Denkweise§n,11,3,Denkweise§n,11,3,TR/DE,TR/DE
12993,yaptı,TR,tat,3,1,yaptı,5,2,DE,DE
12997,Dings§de,MIXED,Dings§de,8,1,Dings§de,8,1,TR/DE,TR/DE
12952,Soracak,TR,werde fragen,12,3,Soracak,7,3,TR,TR/DE
12998,damit,DE,damit,5,2,onunla,6,3,DE,DE
12889,diskotanzen,TR,Discotanzen,11,4,diskotanzen,11,4,TR/DE,TR/DE
12896,yapanlar,TR,"diejenigen, die es tun",22,4,yapanlar,8,3,TR,TR
13002,sitzen,DE,sitzen,6,2,oturmak,7,3,DE,DE
13003,benim,TR,Meins,5,1,benim,5,2,TR/DE,DE
13011,biraz,TR,Ein wenig,9,2,biraz,5,2,TR,TR/DE
12849,İşkembeci,TR,Kuttelmacher,12,4,İşkembeci,9,3,TR,TR
13016,gibi,TR,wie,3,1,gibi,4,2,DE,DE
13020,dedim,TR,Ich sagte,9,2,dedim,5,2,TR,TR/DE
13021,im,DE,im,2,1,içinde,6,3,DE,DE
12993,ausnutzen,DE,ausnutzen,9,3,faydalanmak,11,4,DE,DE
13021,dedim,TR,Ich sagte,9,2,dedim,5,2,TR,TR/DE
13022,es,DE,es,2,1,BT,2,1,TR/DE,TR/DE
13012,evin,TR,Dein Haus,9,1,evin,4,2,TR,DE
13023,da,TR,In,2,1,da,2,1,TR/DE,TR/DE
13021,außerhalb,DE,außerhalb,9,3,dıştan,6,2,TR,TR
12963,sandım,TR,Dachte ich,10,2,sandım,6,2,TR,TR/DE
13022,güvenilir,TR,Vertrauenswürdig,16,4,güvenilir,9,4,TR,TR/DE
13025,yapmış,TR,tat,3,1,yapmış,6,2,DE,DE
13033,yani,TR,Also,4,2,yani,4,2,TR/DE,TR/DE
13036,finde,DE,finde,5,2,bulmak,6,2,DE,TR/DE
13029,sah,DE,sah,3,1,testere,7,3,DE,DE
13039,oder,DE,oder,4,2,veya,4,2,TR/DE,TR/DE
13039,wenn,DE,wenn,4,1,eğer,4,2,TR/DE,DE
13040,n,TR,N,1,1,n,1,1,TR/DE,TR/DE
13039,kişilik,TR,Persönlichkeit,14,4,kişilik,7,3,TR,TR
13043,çünkü,TR,Weil,4,1,çünkü,5,2,DE,DE
13041,ilişki,TR,Beziehung,9,3,ilişki,6,3,TR,TR/DE
13045,gesagt,DE,gesagt,6,2,söz konusu,10,3,DE,DE
13002,angetanzt,DE,angetanzt,9,3,dans etti,9,2,TR/DE,TR
13046,ist,DE,ist,3,1,öyle,4,2,DE,DE
13002,veli§s,MIXED,veli§s,6,2,veliler,7,3,DE,DE
12993,B’yi,MIXED,B’yi,4,1,B'yi,4,1,TR/DE,TR/DE
13046,o,TR,Er,2,1,o,1,1,TR,TR/DE
13046,yani,TR,Also,4,2,yani,4,2,TR/DE,TR/DE
13046,ciddi,TR,ernst,5,1,ciddi,5,2,TR/DE,DE
12896,yapanlar,TR,"diejenigen, die es tun",22,4,yapanlar,8,3,TR,TR
13046,dir,DE,dir,3,1,Sen,3,1,TR/DE,TR/DE
13062,meint,DE,meint,5,1,araç,4,2,TR,DE
13062,yani,TR,Also,4,2,yani,4,2,TR/DE,TR/DE
13056,spinnt,DE,spinnt,6,1,deli,4,2,TR,DE
13057,atış,TR,Schuss,6,1,atış,4,2,TR,DE
13063,und,DE,und,3,1,Ve,2,1,TR,TR/DE
13068,hat,DE,hat,3,1,sahip olmak,11,3,DE,DE
13046,usw.,DE,usw.,4,1,vesaire.,8,3,DE,DE
13068,so,DE,so,2,1,Bu yüzden,9,2,DE,DE
13030,Düşünmek,TR,Zum Nachdenken,14,3,Düşünmek,8,3,TR,TR/DE
13063,atış,TR,Schuss,6,1,atış,4,2,TR,DE
13075,oder,DE,oder,4,2,veya,4,2,TR/DE,TR/DE
13075,kötü,TR,schlecht,8,1,kötü,4,2,TR,DE
13076,ob,DE,ob,2,1,ikisinden biri,14,5,DE,DE
13078,nicht,DE,nicht,5,1,Olumsuz,7,3,DE,DE
13045,çıkmak,TR,gehen,5,1,çıkmak,6,2,DE,DE
13002,veli§s,MIXED,veli§s,6,2,veliler,7,3,DE,DE
13068,at,TR,Pferd,5,1,at,2,1,TR,TR/DE
13068,Hayır,TR,NEIN,4,1,Hayır,5,2,DE,DE
13025,Rettungskurs,DE,Rettungskurs,12,3,Kurtarma kursu,14,4,DE,DE
13090,voll,DE,voll,4,1,tam dolu,8,2,DE,DE
12965,Zopf§muş,MIXED,Zopf§muş,8,1,Zopf§muş,8,1,TR/DE,TR/DE
13090,ich,DE,ich,3,1,BEN,3,1,TR/DE,TR/DE
13091,yani,TR,Also,4,2,yani,4,2,TR/DE,TR/DE
13075,iyi,TR,Gut,3,1,iyi,3,2,TR/DE,DE
13079,Fünf,DE,Fünf,4,1,Beş,3,1,TR,TR/DE
13097,iyi,TR,Gut,3,1,iyi,3,2,TR/DE,DE
13100,ne,TR,Was,3,1,ne,2,1,TR,TR/DE
13063,mide,TR,Magen,5,2,mide,4,2,TR,TR/DE
13110,die,DE,die,3,1,the,3,1,TR/DE,TR/DE
13112,yani,TR,Also,4,2,yani,4,2,TR/DE,TR/DE
13113,ist,DE,ist,3,1,öyle,4,2,DE,DE
13122,das,DE,das,3,1,the,3,1,TR/DE,TR/DE
13123,hab,DE,hab,3,1,sahip olmak,11,3,DE,DE
13085,atın,TR,wegwerfen,9,3,atın,4,2,TR,TR
13131,yani,TR,Also,4,2,yani,4,2,TR/DE,TR/DE
13087,E.,TR,ZU.,3,1,E.,2,1,TR,TR/DE
13135,yap,TR,Tun,3,1,yap,3,1,TR/DE,TR/DE
13135,sagen,DE,sagen,5,2,söylemek,8,3,DE,DE
13141,değil,TR,nicht,5,1,değil,5,2,TR/DE,DE
13150,Lebenslauf§u,MIXED,Lebenslauf§u,12,3,Lebenslauf§u,12,3,TR/DE,TR/DE
13090,insan,TR,Person,6,2,insan,5,2,TR,TR/DE
13153,das,DE,das,3,1,the,3,1,TR/DE,TR/DE
13154,Lebenslauf,DE,Lebenslauf,10,3,Özgeçmiş,8,3,TR,TR/DE
13154,değil,TR,nicht,5,1,değil,5,2,TR/DE,DE
13081,angerufen,DE,angerufen,9,4,isminde,7,3,TR,TR
13094,fiş,TR,Quittung,8,2,fiş,3,1,TR,TR
13165,irgendwo,DE,irgendwo,8,3,bir yerde,9,2,DE,TR
13062,iletin,TR,leiten Sie es weiter,20,3,iletin,6,3,TR,TR/DE
13081,E.,TR,ZU.,3,1,E.,2,1,TR,TR/DE
13171,falan,TR,wie,3,1,falan,5,2,DE,DE
13172,işte,TR,bei der Arbeit,14,2,işte,4,2,TR,TR/DE
13174,heißt,DE,heißt,5,1,denir,5,2,TR/DE,DE
13174,yani,TR,Also,4,2,yani,4,2,TR/DE,TR/DE
13127,arayın,TR,Anruf,5,2,arayın,6,3,DE,DE
13165,daktilo,TR,Schreibmaschine,15,4,daktilo,7,3,TR,TR
13189,und,DE,und,3,1,Ve,2,1,TR,TR/DE
13190,yazdın,TR,du hast geschrieben,19,3,yazdın,6,2,TR,TR
13197,yani,TR,Also,4,2,yani,4,2,TR/DE,TR/DE
13135,anrufen,DE,anrufen,7,3,Arama,5,3,TR,TR/DE
13197,gemacht,DE,gemacht,7,2,yapılmış,8,3,DE,DE
13198,hat,DE,hat,3,1,sahip olmak,11,3,DE,DE
13165,daktilo,TR,Schreibmaschine,15,4,daktilo,7,3,TR,TR
13169,daktilo,TR,Schreibmaschine,15,4,daktilo,7,3,TR,TR
13199,Lebenslauf,DE,Lebenslauf,10,3,Özgeçmiş,8,3,TR,TR/DE
13200,Lebenslauf,DE,Lebenslauf,10,3,Özgeçmiş,8,3,TR,TR/DE
13096,bakkal,TR,Gemischtwarenladen,18,6,bakkal,6,2,TR,TR
13200,ich,DE,ich,3,1,BEN,3,1,TR/DE,TR/DE
13202,ve,TR,Und,3,1,ve,2,1,TR,TR/DE
13150,bulup,TR,finden und finden,17,3,bulup,5,2,TR,TR
13197,şaka,TR,Witz,4,1,şaka,4,2,TR/DE,DE
13175,okul,TR,Schule,6,2,okul,4,2,TR,TR/DE
13203,falan,TR,wie,3,1,falan,5,2,DE,DE
13198,dosyalama,TR,Einreichung,11,3,dosyalama,9,4,TR,DE
13108,masa,TR,Tisch,5,1,masa,4,2,TR,DE
13174,bei,DE,bei,3,1,en,2,1,TR,TR/DE
13198,istedi,TR,gesucht,7,2,istedi,6,3,TR,DE
13214,ich,DE,ich,3,1,BEN,3,1,TR/DE,TR/DE
13200,yazmaya,TR,schreiben,9,2,yazmaya,7,3,TR,DE
13218,yani,TR,Also,4,2,yani,4,2,TR/DE,TR/DE
13161,olduǧu,TR,Ist,3,1,olduǧu,6,2,DE,DE
13217,edecek,TR,Wille,5,2,edecek,6,3,DE,DE
13203,Sieben,DE,Sieben,6,2,Yedi,4,2,TR,TR/DE
13225,weißt,DE,weißt,5,1,Bilmek,6,2,DE,DE
13226,veli§s,MIXED,veli§s,6,2,veliler,7,3,DE,DE
13226,falan,TR,wie,3,1,falan,5,2,DE,DE
13226,u.s.w.,DE,u.s.w.,6,1,vesaire.,8,3,DE,DE
13226,1000,DE,1000,4,1,1000,4,1,TR/DE,TR/DE
13227,auch,DE,auch,4,1,Ayrıca,6,3,DE,DE
13202,Sieben§ın,MIXED,Sieben§ın,9,2,Siebenşın,9,3,TR/DE,DE
13227,görme,TR,visuell,7,2,görme,5,2,TR,TR/DE
13229,ist,DE,ist,3,1,öyle,4,2,DE,DE
13202,notları,TR,Notizen,7,3,notları,7,3,TR/DE,TR/DE
13229,yani,TR,Also,4,2,yani,4,2,TR/DE,TR/DE
13229,yani,TR,Also,4,2,yani,4,2,TR/DE,TR/DE
13230,ich,DE,ich,3,1,BEN,3,1,TR/DE,TR/DE
13230,ya,TR,entweder,8,3,ya,2,1,TR,TR
13230,vor,DE,vor,3,1,önce,4,2,DE,DE
13231,yani,TR,Also,4,2,yani,4,2,TR/DE,TR/DE
13231,yani,TR,Also,4,2,yani,4,2,TR/DE,TR/DE
13221,caddesine,TR,zur Straße,10,2,caddesine,9,4,TR,DE
13236,falan,TR,wie,3,1,falan,5,2,DE,DE
13204,notları,TR,Notizen,7,3,notları,7,3,TR/DE,TR/DE
13236,kannst,DE,kannst,6,1,olabilmek,9,4,DE,DE
13238,ich,DE,ich,3,1,BEN,3,1,TR/DE,TR/DE
13238,dedi,TR,sagte er,8,2,dedi,4,2,TR,TR/DE
13239,tamam,TR,OK,2,1,tamam,5,2,DE,DE
13239,Lebenslauf,DE,Lebenslauf,10,3,Özgeçmiş,8,3,TR,TR/DE
13204,Sieben§ın,MIXED,Sieben§ın,9,2,Siebenşın,9,3,TR/DE,DE
13221,Mumcu,MIXED,Chandler,8,2,Mumcu,5,2,TR,TR/DE
13242,hat,DE,hat,3,1,sahip olmak,11,3,DE,DE
13243,ondan,TR,von ihm,7,1,ondan,5,2,TR,DE
13211,yapacaǧız,TR,wir werden es tun,17,2,yapacaǧız,9,3,TR,DE
13218,taa,TR,den ganzen Weg,14,2,taa,3,1,TR,TR
13211,uğrarsın,TR,Du kannst vorbeikommen,22,4,uğrarsın,8,3,TR,TR
13252,weiter,DE,weiter,6,2,daha öte,8,3,DE,DE
13252,yapıyoruz,TR,wir tun,7,1,yapıyoruz,9,4,DE,DE
13253,Hanım,TR,Frau,4,1,Hanım,5,2,DE,DE
13235,istersen,TR,falls Sie es wollen,19,2,istersen,8,3,TR,DE
13255,gel,TR,kommen,6,2,gel,3,1,TR,TR
13255,kommen,DE,kommen,6,2,Gelmek,6,2,TR/DE,TR/DE
13255,yap,TR,Tun,3,1,yap,3,1,TR/DE,TR/DE
13229,yoğun,TR,beschäftigt,11,3,yoğun,5,2,TR,TR
13248,amma,TR,Aber,4,2,amma,4,2,TR/DE,TR/DE
13255,Dings,DE,Dings,5,1,Dingler,7,2,DE,DE
13250,veli,TR,Wächter,7,2,veli,4,2,TR,TR/DE
13236,Antakya,TR,Antakya,7,3,Antakya,7,3,TR/DE,TR/DE
13255,benim,TR,Meins,5,1,benim,5,2,TR/DE,DE
13255,yani,TR,Also,4,2,yani,4,2,TR/DE,TR/DE
13255,wohin,DE,wohin,5,1,Neresi,6,3,DE,DE
13255,morgen,DE,morgen,6,2,Sabah,5,2,TR,TR/DE
13255,Dienst,DE,Dienst,6,1,hizmet,6,2,TR/DE,DE
13257,zaten,TR,bereits,7,2,zaten,5,2,TR,TR/DE
13257,weiß,DE,weiß,4,1,beyaz,5,2,DE,DE
13257,Golf,DE,Golf,4,1,golf,4,1,TR/DE,TR/DE
13256,önüne,TR,vor,3,1,önüne,5,3,DE,DE
13265,Zehra,TR,Zehra,5,2,Zehra,5,2,TR/DE,TR/DE
13265,mal,DE,mal,3,1,Sadece,6,3,DE,DE
13259,sabahtan,TR,vom Morgen an,13,2,sabahtan,8,3,TR,DE
13259,zur,DE,zur,3,1,ile,3,2,TR/DE,DE
13272,das,DE,das,3,1,the,3,1,TR/DE,TR/DE
13272,dann,DE,dann,4,1,Daha sonra,10,3,DE,DE
13227,ararsan,TR,wenn du anrufst,15,2,ararsan,7,3,TR,DE
13272,das,DE,das,3,1,the,3,1,TR/DE,TR/DE
13272,Koray,TR,Koray,5,2,Koray,5,2,TR/DE,TR/DE
13268,gucken,DE,gucken,6,2,Bakmak,6,2,TR/DE,TR/DE
13272,diyecektim,TR,Ich wollte gerade sagen,23,5,diyecektim,10,4,TR,TR
13272,hier,DE,hier,4,1,Burada,6,3,DE,DE
13272,her,TR,jede,4,2,her,3,1,TR,TR
13272,Küchendienst,DE,Küchendienst,12,3,Mutfak servisi,14,4,DE,DE
13276,kann,DE,kann,4,1,olabilmek,9,4,DE,DE
13248,Lebenslauf§la,MIXED,Lebenslauf§la,13,3,Lebenslauf§la,13,3,TR/DE,TR/DE
13241,Anmeldung§lara,MIXED,Anmeldung§lara,14,4,Anmeldung§lara,14,4,TR/DE,TR/DE
13278,veli§s,MIXED,veli§s,6,2,veliler,7,3,DE,DE
13278,und,DE,und,3,1,Ve,2,1,TR,TR/DE
13281,dann,DE,dann,4,1,Daha sonra,10,3,DE,DE
13281,Dings,DE,Dings,5,1,Dingler,7,2,DE,DE
13281,yaparım,TR,Ich tue,7,1,yaparım,7,3,TR/DE,DE
13281,o.k.,TR,Pfeil.,6,1,o.k.,4,1,TR,TR/DE
13255,Ataköy,TR,Atakoy,6,3,Ataköy,6,3,TR/DE,TR/DE
13239,olayının,TR,des Vorfalls,12,2,olayının,8,4,TR,DE
13276,bringen,DE,bringen,7,2,getirmek,8,3,DE,DE
13284,günü,TR,Tag,3,1,günü,4,2,DE,DE
13284,doğru,TR,WAHR,4,1,doğru,5,2,DE,DE
13285,da,TR,In,2,1,da,2,1,TR/DE,TR/DE
13284,alltag,DE,alltag,6,2,Her gün,7,1,DE,TR
13276,H.,LANG3,H.,2,1,H.,2,1,TR/DE,TR/DE
13255,İspirtohane,TR,Geisterhaus,11,3,İspirtohane,11,4,TR/DE,DE
13285,Großmutter,MIXED,Großmutter,10,3,büyükanne,9,4,TR,DE
13268,metot,TR,Verfahren,9,3,metot,5,2,TR,TR
13276,Not’s,LANG3,Nicht,5,1,Değil,5,2,TR/DE,DE
13288,nedir,TR,Warum,5,2,nedir,5,2,TR/DE,TR/DE
13256,İspirtohanenin,MIXED,İspirtohanenin,14,5,İspirtohanenin,14,6,TR/DE,DE
13289,Tschüß,DE,Tschüß,6,1,Güle güle,9,3,DE,DE
13286,wiedergeben,DE,wiedergeben,11,4,yeniden üretmek,15,5,DE,DE
13290,groß,DE,groß,4,1,büyük,5,2,DE,DE
13290,yaz,TR,Sommer,6,2,yaz,3,1,TR,TR
13287,teslim,TR,Lieferung,9,3,teslim,6,2,TR,TR
13290,yazma,TR,schreibe nicht,14,2,yazma,5,2,TR,TR/DE
13298,was,DE,was,3,1,Ne,2,1,TR,TR/DE
13286,yapabilir,TR,kann tun,8,1,yapabilir,9,4,DE,DE
13302,oder,DE,oder,4,2,veya,4,2,TR/DE,TR/DE
13297,Panço,TR,Poncho,6,2,Panço,5,2,TR,TR/DE
13297,rausgekommen,DE,rausgekommen,12,4,çıktı,5,2,TR,TR
13302,Panço,TR,Poncho,6,2,Panço,5,2,TR,TR/DE
13307,kır,TR,Schmutz,7,1,kır,3,1,TR,TR/DE
13286,yapmadan,TR,ohne es zu tun,14,2,yapmadan,8,3,TR,DE
13330,Panço,TR,Poncho,6,2,Panço,5,2,TR,TR/DE
13308,kır,TR,Schmutz,7,1,kır,3,1,TR,TR/DE
13355,vor,DE,vor,3,1,önce,4,2,DE,DE
13286,Wirklichkeit§ı,MIXED,Wirklichkeit§ı,14,3,Wirklichkeit§ı,14,3,TR/DE,TR/DE
13360,yaptılar,TR,Das haben sie getan,19,3,yaptılar,8,3,TR,TR/DE
13284,Verständigung§u,MIXED,Verständigung§u,15,4,Verständigung§u,15,3,TR/DE,TR
13387,yaz,TR,Sommer,6,2,yaz,3,1,TR,TR
13387,yaz,TR,Sommer,6,2,yaz,3,1,TR,TR
13388,Aufsatz,DE,Aufsatz,7,2,Makale,6,3,TR,DE
13399,ich,DE,ich,3,1,BEN,3,1,TR/DE,TR/DE
13314,regelt,DE,regelt,6,2,düzenler,8,3,DE,DE
13400,onlar,TR,ihnen,5,2,onlar,5,2,TR/DE,TR/DE
13413,ey,TR,Artikel,7,3,ey,2,1,TR,TR
13421,falan,TR,wie,3,1,falan,5,2,DE,DE
13429,yani,TR,Also,4,2,yani,4,2,TR/DE,TR/DE
13444,ey,TR,Artikel,7,3,ey,2,1,TR,TR
13446,lise,TR,Gymnasium,9,3,lise,4,2,TR,TR
13272,İspirtohane,MIXED,İspirtohane,11,3,İspirtohane,11,4,TR/DE,DE
13477,macht,DE,macht,5,1,belki,5,2,TR/DE,DE
13287,Referat§ları,MIXED,Referat§ları,12,3,Referansları,12,5,TR/DE,DE
13494,valla,TR,Also,4,2,valla,5,2,DE,TR/DE
13494,ey,DE,ey,2,1,Hey,3,1,DE,TR/DE
13507,falan,TR,wie,3,1,falan,5,2,DE,DE
13362,sene,TR,Jahr,4,1,sene,4,2,TR/DE,DE
13446,konnte,DE,konnte,6,2,olabilir,8,4,DE,DE
13508,Plombe,DE,Plombe,6,2,fok,3,1,TR,TR
13330,dafür,DE,dafür,5,2,bunun için,10,3,DE,DE
13521,ihmal,TR,Vernachlässigung,16,5,ihmal,5,2,TR,TR
13527,yaptılar,TR,Das haben sie getan,19,3,yaptılar,8,3,TR,TR/DE
13531,oder,DE,oder,4,2,veya,4,2,TR/DE,TR/DE
13360,früher,DE,früher,6,1,daha erken,10,3,DE,DE
13557,var,TR,Es gibt,7,1,var,3,1,TR,TR/DE
13508,düşmüştü,TR,war gefallen,12,3,düşmüştü,8,3,TR,TR/DE
13613,başak,TR,Jungfrau,8,2,başak,5,2,TR,TR/DE
13614,başak,TR,Jungfrau,8,2,başak,5,2,TR,TR/DE
13614,ich,DE,ich,3,1,BEN,3,1,TR/DE,TR/DE
13486,sprachlichne,MIXED,sprachlichne,12,3,dilsel,6,2,TR,TR
13618,yani,TR,Also,4,2,yani,4,2,TR/DE,TR/DE
13622,sind,DE,sind,4,1,öyle,4,2,TR/DE,DE
13622,mi,TR,Ist es,6,1,mi,2,1,TR,TR/DE
13526,takma,TR,Spitzname,9,3,takma,5,2,TR,TR
13624,die,DE,die,3,1,the,3,1,TR/DE,TR/DE
13623,pingelig,DE,pingelig,8,3,telaşlı,7,3,TR,TR/DE
13626,aus,DE,aus,3,1,dışında,7,3,DE,DE
13654,yay,TR,Frühling,8,2,yay,3,1,TR,TR
13654,sein,DE,sein,4,1,olmak,5,2,DE,DE
13660,falan,TR,wie,3,1,falan,5,2,DE,DE
13661,falan,TR,wie,3,1,falan,5,2,DE,DE
13667,yani,TR,Also,4,2,yani,4,2,TR/DE,TR/DE
13626,titiz,TR,streng,6,1,titiz,5,2,TR,DE
13614,içimden,TR,aus meinem Inneren,18,4,içimden,7,3,TR,TR
13676,onun,TR,sein,4,1,onun,4,2,TR/DE,DE
13288,Artikel§i,MIXED,Artikel§i,9,3,Artikel§i,9,3,TR/DE,TR/DE
13681,çıkıyorum,TR,Ich gehe raus,13,1,çıkıyorum,9,4,TR,DE
13683,ey,TR,Artikel,7,3,ey,2,1,TR,TR
13542,olmuştur,TR,war,3,1,olmuştur,8,3,DE,DE
13681,soruyorum,TR,Ich frage,9,2,soruyorum,9,4,TR/DE,DE
13699,auch,DE,auch,4,1,Ayrıca,6,3,DE,DE
13710,wa,TR,wa,2,1,wa,2,1,TR/DE,TR/DE
13711,Istanbul,TR,Istanbul,8,3,Istanbul,8,3,TR/DE,TR/DE
13713,ile,TR,mit,3,1,ile,3,2,TR/DE,DE
13715,yani,TR,Also,4,2,yani,4,2,TR/DE,TR/DE
13717,valla,TR,Also,4,2,valla,5,2,DE,TR/DE
13719,ne,TR,Was,3,1,ne,2,1,TR,TR/DE
13723,Istanbul,TR,Istanbul,8,3,Istanbul,8,3,TR/DE,TR/DE
13674,bleibe,TR,bleibe,6,2,bleibe,6,2,TR/DE,TR/DE
13577,gözümün,TR,mein Auge,9,2,gözümün,7,3,TR,DE
13723,wär,DE,wär,3,1,muhtemel,8,3,DE,DE
13731,Şahıgül,TR,Shahigul,8,2,Şahıgül,7,3,TR,DE
13736,demek,TR,bedeutet,8,3,demek,5,2,TR,TR
13737,so,DE,so,2,1,Bu yüzden,9,2,DE,DE
13729,heykel,TR,Statue,6,2,heykel,6,2,TR/DE,TR/DE
13739,Taksim,TR,Taksim,6,2,Taksim,6,2,TR/DE,TR/DE
13739,Sancaktepe,TR,Sancaktepe,10,4,Sancaktepe,10,4,TR/DE,TR/DE
13739,gibts,DE,gibts,5,1,orada,5,3,TR/DE,DE
13741,Tufanbeyli,TR,tufanbeyli,10,4,Tufanbeyli,10,4,TR/DE,TR/DE
13741,nur,DE,nur,3,1,sadece,6,3,DE,DE
13526,gelişmesini,TR,Entwicklung,11,3,gelişmesini,11,5,TR/DE,DE
13743,Beyoğlu,TR,Beyoglu,7,2,Beyoğlu,7,3,TR/DE,DE
13743,Taksim,TR,Taksim,6,2,Taksim,6,2,TR/DE,TR/DE
13743,Mc,LANG3,Mc,2,1,Mc,2,1,TR/DE,TR/DE
13743,und,DE,und,3,1,Ve,2,1,TR,TR/DE
13743,sind,DE,sind,4,1,öyle,4,2,TR/DE,DE
13743,ist,DE,ist,3,1,öyle,4,2,DE,DE
13744,ist,DE,ist,3,1,öyle,4,2,DE,DE
13314,Sibel§s,MIXED,Sibel§s,7,2,Sibel'ler,9,2,DE,TR/DE
13400,Müller§i,MIXED,Müller§i,8,2,Müllerşi,8,3,TR/DE,DE
13741,Heykel,TR,Statue,6,2,Heykel,6,2,TR/DE,TR/DE
13744,hee,TR,Hey,3,1,hee,3,1,TR/DE,TR/DE
13749,genelde,TR,im Allgemeinen,14,4,genelde,7,3,TR,TR
13746,Parkı,MIXED,Park,4,1,Parkı,5,2,DE,DE
13751,şey,TR,Ding,4,1,şey,3,1,TR,TR/DE
13737,yerlere,TR,zu Orten,8,2,yerlere,7,3,TR,DE
13681,Hotel§den,MIXED,Hotel§den,9,2,Otelden,7,3,TR,DE
13730,heykel§s,MIXED,heykel§s,8,2,heykeller,9,3,DE,DE
13764,yani,TR,Also,4,2,yani,4,2,TR/DE,TR/DE
13777,ne,TR,Was,3,1,ne,2,1,TR,TR/DE
13758,sana,TR,zu dir,6,1,sana,4,2,TR,DE
13316,Kassette,TR,auf Band,8,1,Kassette,8,3,TR/DE,DE
13778,Rüzgarı,MIXED,Wind,4,1,Rüzgarı,7,3,DE,DE
13780,Rüzgarı,MIXED,Wind,4,1,Rüzgarı,7,3,DE,DE
13780,ist,DE,ist,3,1,öyle,4,2,DE,DE
13784,Rüzgarı,MIXED,Wind,4,1,Rüzgarı,7,3,DE,DE
13777,Komödie,DE,Komödie,7,3,komedi,6,3,TR,TR/DE
13785,was,DE,was,3,1,Ne,2,1,TR,TR/DE
13787,yani,TR,Also,4,2,yani,4,2,TR/DE,TR/DE
13792,şey,TR,Ding,4,1,şey,3,1,TR,TR/DE
13784,seyrediyorum,TR,Ich schaue zu,13,1,seyrediyorum,12,5,TR,DE
13805,önce,TR,vor,3,1,önce,4,2,DE,DE
13778,Yalan,TR,Lüge,4,2,Yalan,5,2,DE,TR/DE
13807,Rüzgarı,MIXED,Wind,4,1,Rüzgarı,7,3,DE,DE
13807,Rüzgarı,MIXED,Wind,4,1,Rüzgarı,7,3,DE,DE
13807,hat,DE,hat,3,1,sahip olmak,11,3,DE,DE
13809,Yalan,TR,Lüge,4,2,Yalan,5,2,DE,TR/DE
13809,Rüzgarı,MIXED,Wind,4,1,Rüzgarı,7,3,DE,DE
13809,ist,DE,ist,3,1,öyle,4,2,DE,DE
13749,Parkı’na,MIXED,zum Park,8,1,Parkı’na,8,2,TR/DE,DE
13807,Yalan,TR,Lüge,4,2,Yalan,5,2,DE,TR/DE
13821,işte,TR,bei der Arbeit,14,2,işte,4,2,TR,TR/DE
13832,das,DE,das,3,1,the,3,1,TR/DE,TR/DE
13748,Parkı’na,MIXED,zum Park,8,1,Parkı’na,8,2,TR/DE,DE
13844,yani,TR,Also,4,2,yani,4,2,TR/DE,TR/DE
13809,Sevgi,TR,Liebe,5,2,Sevgi,5,2,TR/DE,TR/DE
13857,blöde,DE,blöde,5,2,aptal,5,2,TR/DE,TR/DE
13847,ATV,TR,ATV,3,1,ATV,3,1,TR/DE,TR/DE
13692,gittikten,TR,nach dem Verlassen,18,3,gittikten,9,3,TR,TR/DE
13878,ne,TR,Was,3,1,ne,2,1,TR,TR/DE
13696,ärmster,TR,ärmster,7,2,ärmster,7,1,TR/DE,TR
13875,super,DE,super,5,2,süper,5,2,TR/DE,TR/DE
13902,al,TR,Nimm es,7,1,al,2,1,TR,TR/DE
13911,ne,TR,Was,3,1,ne,2,1,TR,TR/DE
13877,arkadaşlarla,TR,mit Freunden,12,2,arkadaşlarla,12,5,TR/DE,DE
13917,ah,DE,ah,2,1,ah,2,1,TR/DE,TR/DE
13924,mit,DE,mit,3,1,ile,3,2,TR/DE,DE
13930,Tufanbeyli,TR,tufanbeyli,10,4,Tufanbeyli,10,4,TR/DE,TR/DE
13941,Gökçeada,TR,Gokceada,8,3,Gökçeada,8,3,TR/DE,TR/DE
13941,Istanbul,TR,Istanbul,8,3,Istanbul,8,3,TR/DE,TR/DE
13944,ist,DE,ist,3,1,öyle,4,2,DE,DE
13948,ne,TR,Was,3,1,ne,2,1,TR,TR/DE
13881,anormal,LANG3,abnormal,8,3,anormal,7,3,TR,TR/DE
13950,Giresun,TR,Giresun,7,3,Giresun,7,3,TR/DE,TR/DE
13924,tüte,TR,tut,3,1,tüte,4,2,DE,DE
13957,muß,DE,muß,3,1,mutlak,6,2,DE,DE
13836,Rutherfort,DE,Rutherfort,10,3,Rutherfort,10,3,TR/DE,TR/DE
13960,hat,DE,hat,3,1,sahip olmak,11,3,DE,DE
13965,öğretmen,TR,Lehrer,6,2,öğretmen,8,3,DE,DE
13969,falan,TR,wie,3,1,falan,5,2,DE,DE
13758,Vater§ı,MIXED,Vater§ı,7,2,VaterŞı,7,3,TR/DE,DE
13983,Adana,TR,Adana,5,3,Adana,5,3,TR/DE,TR/DE
13984,Istanbul,TR,Istanbul,8,3,Istanbul,8,3,TR/DE,TR/DE
13994,Tufanbeyli,TR,tufanbeyli,10,4,Tufanbeyli,10,4,TR/DE,TR/DE
13994,ist,DE,ist,3,1,öyle,4,2,DE,DE
14008,yani,TR,Also,4,2,yani,4,2,TR/DE,TR/DE
14014,önce,TR,vor,3,1,önce,4,2,DE,DE
14020,yani,TR,Also,4,2,yani,4,2,TR/DE,TR/DE
13753,Vater§ı,MIXED,Vater§ı,7,2,VaterŞı,7,3,TR/DE,DE
13751,Vater§ı,MIXED,Vater§ı,7,2,VaterŞı,7,3,TR/DE,DE
13881,akzeptiert,DE,akzeptiert,10,3,kabul edildi,12,4,DE,DE
14034,irade,TR,Wille,5,2,irade,5,3,TR/DE,DE
14025,Ahmet,TR,Ahmet,5,2,Ahmet,5,2,TR/DE,TR/DE
14050,yani,TR,Also,4,2,yani,4,2,TR/DE,TR/DE
14050,yapmayın,TR,Tu es nicht,11,1,yapmayın,8,3,TR,DE
14066,bu,TR,Das,3,1,bu,2,1,TR,TR/DE
14066,so,DE,so,2,1,Bu yüzden,9,2,DE,DE
13973,sigara,TR,Zigarette,9,4,sigara,6,3,TR,TR
14076,möchte,DE,möchte,6,2,istek,5,2,TR,TR/DE
14068,çekirdek,TR,Sonnenblumenkerne,17,6,çekirdek,8,3,TR,TR
14047,altına,TR,unter,5,2,altına,6,3,DE,DE
14091,ne,TR,Was,3,1,ne,2,1,TR,TR/DE
14083,çekirdek,TR,Sonnenblumenkerne,17,6,çekirdek,8,3,TR,TR
14094,ne,TR,Was,3,1,ne,2,1,TR,TR/DE
14033,Kaugummis,MIXED,Kaugummis,9,3,Sakız,5,2,TR,TR
14103,mi,TR,Ist es,6,1,mi,2,1,TR,TR/DE
14113,O.k.,TR,Pfeil.,6,1,O.k.,4,1,TR,TR/DE
14113,gesagt,DE,gesagt,6,2,söz konusu,10,3,DE,DE
14094,Haut,DE,Haut,4,1,deri,4,2,TR/DE,DE
14159,ailece,TR,Familie,7,3,ailece,6,3,TR,TR/DE
14086,Pickel,DE,Pickel,6,2,Sivilce,7,3,DE,DE
13811,Australierin,MIXED,australisch,11,3,Avustralya,10,4,TR,DE
14168,natürlich,DE,natürlich,9,3,doğal olarak,12,4,DE,DE
13805,Rüzgarı’ndan,MIXED,vom Wind,8,1,Rüzgarı’ndan,12,3,DE,DE
14168,gidiyoruz,TR,wir gehen,9,1,gidiyoruz,9,4,TR/DE,DE
14174,Ahmet,TR,Ahmet,5,2,Ahmet,5,2,TR/DE,TR/DE
14174,işte,TR,bei der Arbeit,14,2,işte,4,2,TR,TR/DE
14174,Lehrer,DE,Lehrer,6,2,Öğretmen,8,3,DE,DE
14166,lağım,TR,Kanal,5,2,lağım,5,2,TR/DE,TR/DE
14174,der,DE,der,3,1,the,3,1,TR/DE,TR/DE
14175,meint,DE,meint,5,1,araç,4,2,TR,DE
14167,lağım,TR,Kanal,5,2,lağım,5,2,TR/DE,TR/DE
14175,da,DE,da,2,1,Orası,5,3,DE,DE
14179,hab',DE,hab',4,1,sahip olmak',12,3,DE,DE
14179,No,LANG3,NEIN,4,1,HAYIR,5,2,DE,DE
14091,fettige,DE,fettige,7,3,yağlı olanlar,13,4,DE,DE
14186,vallahi,TR,Ich schwöre,11,2,vallahi,7,3,TR,DE
14188,so,DE,so,2,1,Bu yüzden,9,2,DE,DE
14174,nereye,TR,Wohin,5,1,nereye,6,3,DE,DE
14159,geweint,DE,geweint,7,2,ağladı,6,3,TR,DE
14190,kann,DE,kann,4,1,olabilmek,9,4,DE,DE
14195,hazırlık,TR,Vorbereitung,12,4,hazırlık,8,3,TR,TR
14189,Nummer,DE,Nummer,6,2,sayı,4,2,TR,TR/DE
14197,Orta,TR,Mitte,5,2,Orta,4,2,TR,TR/DE
14197,eins,DE,eins,4,1,bir,3,1,TR,TR/DE
14197,also,DE,also,4,2,Bu yüzden,9,2,DE,TR/DE
14199,hatte,DE,hatte,5,2,vardı,5,2,TR/DE,TR/DE
14199,also,DE,also,4,2,Bu yüzden,9,2,DE,TR/DE
14199,Türkçe,TR,Türkisch,8,2,Türkçe,6,2,TR,TR/DE
13953,Sevtap,TR,Sevtap,6,2,Sevtap,6,2,TR/DE,TR/DE
14201,orta,TR,Mitte,5,2,orta,4,2,TR,TR/DE
14201,eins,DE,eins,4,1,bir,3,1,TR,TR/DE
14205,lise,TR,Gymnasium,9,3,lise,4,2,TR,TR
14205,auch,DE,auch,4,1,Ayrıca,6,3,DE,DE
13957,Sevtap,TR,Sevtap,6,2,Sevtap,6,2,TR/DE,TR/DE
14214,der,TR,sagt,4,1,der,3,1,TR,TR/DE
14175,denk,TR,Äquivalent,10,4,denk,4,1,TR,TR
14185,Engin,TR,Engin,5,2,Engin,5,2,TR/DE,TR/DE
14232,ich,DE,ich,3,1,BEN,3,1,TR/DE,TR/DE
13960,Sevtap,TR,Sevtap,6,2,Sevtap,6,2,TR/DE,TR/DE
14233,weißt,DE,weißt,5,1,Bilmek,6,2,DE,DE
14233,sınavı,TR,Prüfung,7,2,sınavı,6,3,TR,DE
14233,sınavı,TR,Prüfung,7,2,sınavı,6,3,TR,DE
14242,Türkçe,TR,Türkisch,8,2,Türkçe,6,2,TR,TR/DE
14246,hat,DE,hat,3,1,sahip olmak,11,3,DE,DE
14264,mı,TR,Ist es,6,1,mı,2,1,TR,TR/DE
14265,mußt,DE,mußt,4,1,mutlak,6,2,DE,DE
14285,rahat,TR,komfortabel,11,4,rahat,5,2,TR,TR
14200,teşekkür,TR,Danke,5,2,teşekkür,8,3,DE,DE
14294,das,DE,das,3,1,the,3,1,TR/DE,TR/DE
14294,yani,TR,Also,4,2,yani,4,2,TR/DE,TR/DE
14295,ne,TR,Was,3,1,ne,2,1,TR,TR/DE
14047,Flügel§lerinin,MIXED,Flügel§lerin,12,3,Flügel§lerinin,14,4,DE,DE
14303,bei,DE,bei,3,1,en,2,1,TR,TR/DE
14291,polis,TR,Polizei,7,3,polis,5,2,TR,TR
14305,aus,DE,aus,3,1,dışında,7,3,DE,DE
14312,ist,DE,ist,3,1,öyle,4,2,DE,DE
14313,yani,TR,Also,4,2,yani,4,2,TR/DE,TR/DE
14224,hocası,TR,Lehrer,6,2,hocası,6,3,TR/DE,DE
14228,bölümü,TR,Abteilung,9,3,bölümü,6,3,TR,TR/DE
14305,otoriter,TR,autoritär,9,4,otoriter,8,4,TR,TR/DE
14328,yani,TR,Also,4,2,yani,4,2,TR/DE,TR/DE
14319,garantie,DE,garantie,8,3,garanti,7,3,TR,TR/DE
14336,ey,DE,ey,2,1,Hey,3,1,DE,TR/DE
14339,falan,TR,wie,3,1,falan,5,2,DE,DE
14342,işte,TR,bei der Arbeit,14,2,işte,4,2,TR,TR/DE
14352,also,DE,also,4,2,Bu yüzden,9,2,DE,TR/DE
14359,du,DE,du,2,1,Sen,3,1,DE,TR/DE
14360,Şahıgül,TR,Shahigul,8,2,Şahıgül,7,3,TR,DE
14378,ärmster,TR,ärmster,7,2,ärmster,7,1,TR/DE,TR
14381,also,DE,also,4,2,Bu yüzden,9,2,DE,TR/DE
14334,senede,TR,pro Jahr,8,1,senede,6,3,TR,DE
14195,Vorbereitungsstufe,DE,Vorbereitungsstufe,18,6,Hazırlık aşaması,16,6,TR,TR/DE
14168,Strand§a,MIXED,Strand§a,8,1,Strandşa,8,2,TR/DE,DE
14398,hani,TR,Wo,2,1,hani,4,2,DE,DE
14402,war,DE,war,3,1,öyleydi,7,3,DE,DE
14405,işte,TR,bei der Arbeit,14,2,işte,4,2,TR,TR/DE
14302,çekinerek,TR,schüchtern,10,2,çekinerek,9,4,TR,DE
14233,Türkiye’ye,TR,in die Türkei,13,2,Türkiye’ye,10,3,TR,DE
14189,mirne,TR,Myrna,5,2,mirne,5,2,TR/DE,TR/DE
14419,22,TR,22,2,1,22,2,1,TR/DE,TR/DE
14406,fangen,DE,fangen,6,2,yakalamak,9,4,DE,DE
14408,87,TR,87,2,1,87,2,1,TR/DE,TR/DE
14420,21,TR,21,2,1,21,2,1,TR/DE,TR/DE
14426,ich,DE,ich,3,1,BEN,3,1,TR/DE,TR/DE
14427,du,DE,du,2,1,Sen,3,1,DE,TR/DE
14446,Onur,TR,Ehre,4,2,Onur,4,2,TR/DE,TR/DE
14424,70,TR,70,2,1,70,2,1,TR/DE,TR/DE
14453,yani,TR,Also,4,2,yani,4,2,TR/DE,TR/DE
14462,ya,TR,entweder,8,3,ya,2,1,TR,TR
14469,ne,TR,Was,3,1,ne,2,1,TR,TR/DE
14469,Karte,DE,Karte,5,2,Harita,6,3,DE,DE
14473,üç,TR,fliegen,7,2,üç,2,1,TR,TR
14452,Sinnlos,DE,Sinnlos,7,2,Anlamsız,8,3,DE,DE
14395,yakışmaz,TR,passt nicht,11,1,yakışmaz,8,3,TR,DE
14495,auf,DE,auf,3,1,Açık,4,2,DE,DE
14484,M.,DE,M.,2,1,M.,2,1,TR/DE,TR/DE
14500,çeviri,TR,Übersetzung,11,4,çeviri,6,3,TR,TR
14419,fertig,DE,fertig,6,2,tamamlamak,10,4,DE,DE
14497,gegenwärtige,DE,gegenwärtige,12,5,akım,4,2,TR,TR
14504,ne,TR,Was,3,1,ne,2,1,TR,TR/DE
14503,çalışmak,TR,arbeiten,8,3,çalışmak,8,3,TR/DE,TR/DE
14512,ist,DE,ist,3,1,öyle,4,2,DE,DE
14208,mathe,TR,Mathe,5,2,mathe,5,2,TR/DE,TR/DE
14538,geliyor,TR,kommt,5,1,geliyor,7,3,DE,DE
14321,ağustosu,TR,August,6,2,ağustosu,8,4,DE,DE
14540,hier,DE,hier,4,1,Burada,6,3,DE,DE
14534,Okan,TR,Okan,4,2,Okan,4,2,TR/DE,TR/DE
14316,71'liyim,MIXED,71' bin ich,11,1,71' benim,9,2,TR,DE
14559,oder,DE,oder,4,2,veya,4,2,TR/DE,TR/DE
14406,yapıyordunuz,TR,Du hast es getan,16,2,yapıyordunuz,12,5,TR,DE
14574,gibts,DE,gibts,5,1,orada,5,3,TR/DE,DE
14576,olarak,TR,Aspekt,6,2,olarak,6,3,TR/DE,DE
14578,Salı,TR,Dienstag,8,2,Salı,4,2,TR,TR/DE
14504,Matrikelnummer,DE,Matrikelnummer,14,5,Öğrenci numarası,16,6,DE,DE
14583,Damla,TR,Fallen,6,2,Damla,5,2,TR,TR/DE
14381,Akçal,TR,Akçal,5,2,Akçal,5,2,TR/DE,TR/DE
14395,Kindisch§lik,MIXED,Kindisch§lik,12,2,Kindischlik,11,3,TR,DE
14556,kosten,DE,kosten,6,2,maliyet,7,3,DE,DE
14582,pazar,TR,Sonntag,7,2,pazar,5,2,TR,TR/DE
14583,dahin,DE,dahin,5,1,Orası,5,3,TR/DE,DE
14545,şarkılı,TR,mit Lied,8,1,şarkılı,7,3,TR,DE
14592,Salı,TR,Dienstag,8,2,Salı,4,2,TR,TR/DE
14492,adrese,TR,zur Adresse,11,3,adrese,6,3,TR,TR/DE
14592,ich,DE,ich,3,1,BEN,3,1,TR/DE,TR/DE
14585,Pullover,LANG3,Zur Seite fahren,16,3,Kazak,5,2,TR,TR
14592,gehe,DE,gehe,4,1,Gitmek,6,2,DE,DE
14613,bir,TR,Eins,4,1,bir,3,1,TR,TR/DE
14588,Pullover,LANG3,Zur Seite fahren,16,3,Kazak,5,2,TR,TR
14614,ve,TR,Und,3,1,ve,2,1,TR,TR/DE
14600,Pazar,TR,Sonntag,7,2,Pazar,5,2,TR,TR/DE
14614,de,TR,Auch,4,1,de,2,1,TR,TR/DE
14588,çekmişti,TR,hatte genommen,14,4,çekmişti,8,3,TR,TR
14503,bürosunda,MIXED,in seinem Büro,14,3,bürosunda,9,4,TR,DE
14615,göre,TR,entsprechend,12,3,göre,4,2,TR,TR
14613,Abneigung§u,MIXED,Abneigung§u,11,3,Abneigung§u,11,3,TR/DE,TR/DE
14615,göre,TR,entsprechend,12,3,göre,4,2,TR,TR
14616,da,TR,In,2,1,da,2,1,TR/DE,TR/DE
14617,Phonem§den,MIXED,Phonem§den,10,2,Telefondan,10,4,TR/DE,DE
14615,Dependenzgramer§e,MIXED,Abhängigkeitsgrammatik,22,7,Bağımlılıkgramer§e,18,6,TR,TR
14615,grammati§ğe,MIXED,Grammatik,9,3,gramati§ğe,10,3,DE,TR/DE
14540,Musikkassette,MIXED,Musikkassette,13,5,Müzik kaseti,12,4,TR,TR
14614,Dependenzgrammati§ği,MIXED,Dependenzgrammati§ği,20,6,Dependenzgrammati§ği,20,6,TR/DE,TR/DE
14618,olarak,TR,Aspekt,6,2,olarak,6,3,TR/DE,DE
14619,şey,TR,Ding,4,1,şey,3,1,TR,TR/DE
14618,aşağı,TR,runter,6,2,aşağı,5,3,TR,DE
14618,Wort,DE,Wort,4,1,Kelime,6,3,DE,DE
14620,de,TR,Auch,4,1,de,2,1,TR,TR/DE
14620,adı,TR,normal,6,2,adı,3,2,TR,TR/DE
14617,sayısız,TR,zahlreich,9,2,sayısız,7,3,TR,DE
14620,altında,TR,unter,5,2,altında,7,3,DE,DE
14621,de,TR,Auch,4,1,de,2,1,TR,TR/DE
14614,Konstituentenstrukturgrammatik,MIXED,Konstituentenstrukturgrammatik,30,9,Kurucu yapı grameri,19,6,TR,TR
14621,Absatz,DE,Absatz,6,2,Paragraf,8,3,DE,DE
14622,onun,TR,sein,4,1,onun,4,2,TR/DE,DE
14618,identisch,DE,identisch,9,3,birebir aynı,12,4,DE,DE
14622,için,TR,für,3,1,için,4,2,DE,DE
14622,Satz,DE,Satz,4,1,Cümle,5,2,DE,DE
14623,ediyorlar,TR,das tun sie,11,1,ediyorlar,9,4,TR,DE
14622,Sprachwissenschaftler,MIXED,Sprachwissenschaftler,21,5,Dilbilimci,10,4,TR,TR
14585,angedreht,DE,angedreht,9,3,açık,4,2,TR,TR
14623,wiedersprechen,DE,wiedersprechen,14,4,yalanlamak,10,4,TR,TR/DE
14624,Ergänz,DE,Ergänz,6,2,Ek,2,1,TR,TR
14624,arasında,TR,zwischen,8,2,arasında,8,4,TR/DE,DE
14624,şeyleri,TR,Dinge,5,2,şeyleri,7,3,DE,DE
14589,Lambswool,DE,Lambswool,9,2,Kuzu yünü,9,3,TR/DE,DE
14625,altında,TR,unter,5,2,altında,7,3,DE,DE
14624,olanları,TR,die,3,1,olanları,8,4,DE,DE
14615,Konstituentenstruktur,DE,Konstituentenstruktur,21,6,kurucu yapı,11,4,TR,TR
14627,bir,TR,Eins,4,1,bir,3,1,TR,TR/DE
14620,Kapitel,DE,Kapitel,7,3,Bölüm,5,2,TR,TR
14628,bir,TR,Eins,4,1,bir,3,1,TR,TR/DE
14620,Kapitel,DE,Kapitel,7,3,Bölüm,5,2,TR,TR
14570,Chevignon,DE,Chevignon,9,3,Chevignon,9,3,TR/DE,TR/DE
14629,olarak,TR,Aspekt,6,2,olarak,6,3,TR/DE,DE
14627,üblich,DE,üblich,6,2,olağan,6,3,TR/DE,DE
14629,söylediğini,TR,was du gesagt hast,18,2,söylediğini,11,5,TR,DE
14624,olmayanları,TR,"diejenigen, die es nicht sind",29,4,olmayanları,11,5,TR,DE
14630,Täter,DE,Täter,5,2,Fail,4,1,TR,TR
14628,Indikativ,DE,Indikativ,9,4,gösterge niteliğinde,20,7,DE,DE
14632,Täter,DE,Täter,5,2,Fail,4,1,TR,TR
14632,olduğu,TR,Ist,3,1,olduğu,6,3,DE,DE
14633,Abstand,DE,Abstand,7,2,Mesafe,6,3,TR,DE
14620,Kapitel§ler,MIXED,Kapitel§ler,11,3,Kapiteller,10,4,TR,DE
14633,Distanz,DE,Distanz,7,2,mesafe,6,3,TR,DE
14633,vardır,TR,Es gibt,7,1,vardır,6,2,TR,DE
14634,de,TR,Auch,4,1,de,2,1,TR,TR/DE
14635,ile,TR,mit,3,1,ile,3,2,TR/DE,DE
14624,Objekt§lerin,MIXED,Objekt§lerin,12,3,Nesnelerin,10,4,TR,DE
14631,Täter,DE,Täter,5,2,Fail,4,1,TR,TR
14631,belli,TR,klar,4,1,belli,5,2,DE,DE
14636,ile,TR,mit,3,1,ile,3,2,TR/DE,DE
14636,Prädikat,DE,Prädikat,8,3,yüklem,6,2,TR,TR
14636,Subjekt,DE,Subjekt,7,2,ders,4,1,TR,TR
14635,Prädikat,MIXED,Prädikat,8,3,yüklem,6,2,TR,TR
14637,nedir,TR,Warum,5,2,nedir,5,2,TR/DE,TR/DE
14630,kaldığı,TR,bleiben,7,2,kaldığı,7,3,TR/DE,DE
14637,Prädikat,MIXED,Prädikat,8,3,yüklem,6,2,TR,TR
14635,olan,TR,"derjenige, der...",17,4,olan,4,2,TR,TR
14630,cümlede,TR,im Satz,7,1,cümlede,7,3,TR/DE,DE
14640,wechselseitig,DE,wechselseitig,13,4,karşılıklı,10,4,TR,TR/DE
14640,gelme,TR,Kommen,6,2,gelme,5,2,TR,TR/DE
14641,bu,TR,Das,3,1,bu,2,1,TR,TR/DE
14641,neue,DE,neue,4,1,yeni,4,2,TR/DE,DE
14642,bekannt,DE,bekannt,7,2,bilinen,7,3,TR/DE,DE
14643,olan,TR,"derjenige, der...",17,4,olan,4,2,TR,TR
14643,bekannt,DE,bekannt,7,2,bilinen,7,3,TR/DE,DE
14645,bağlı,TR,verbunden,9,3,bağlı,5,2,TR,TR
14636,kavramlarını,TR,Konzepte,8,3,kavramlarını,12,5,DE,DE
14646,bu,TR,Das,3,1,bu,2,1,TR,TR/DE
14647,o,TR,Er,2,1,o,1,1,TR,TR/DE
14633,bırakıyorsun,TR,Du gehst,8,1,bırakıyorsun,12,5,DE,DE
14647,kommunikative,DE,kommunikative,13,6,iletişimsel,11,5,TR,TR
14639,ilişkisine,TR,zur Beziehung,13,3,ilişkisine,10,5,TR,DE
14648,diyoruz,TR,wir sagen,9,2,diyoruz,7,3,TR,DE
14647,dedik,TR,sagten wir,10,2,dedik,5,2,TR,TR/DE
14646,kontextabhängig,DE,kontextabhängig,15,5,bağlama bağlı,13,4,TR,TR
14648,Prädikat,DE,Prädikat,8,3,yüklem,6,2,TR,TR
14648,olması,TR,zu sein,7,1,olması,6,3,TR,DE
14649,Subjekt,DE,Subjekt,7,2,ders,4,1,TR,TR
14649,ve,TR,Und,3,1,ve,2,1,TR,TR/DE
14649,Prädikat,DE,Prädikat,8,3,yüklem,6,2,TR,TR
14649,değil,TR,nicht,5,1,değil,5,2,TR/DE,DE
14638,Prädikat§ıdır,MIXED,Prädikat§ıdır,13,3,Prädikatşidir,13,4,TR/DE,DE
14629,Rede§sini,MIXED,Rede§sini,9,3,Redeşsini,9,4,TR/DE,DE
14651,aktualisiert,DE,aktualisiert,12,4,güncellendi,11,4,TR,TR/DE
14626,Absatz§da,MIXED,Absatz§da,9,2,Absatz§da,9,2,TR/DE,TR/DE
14625,Aspekt§ler,MIXED,Aspekt§ler,10,2,Aspektşler,10,3,TR/DE,DE
14652,mental,DE,mental,6,2,zihinsel olarak,15,5,DE,DE
14652,olan,TR,"derjenige, der...",17,4,olan,4,2,TR,TR
14655,hat,DE,hat,3,1,sahip olmak,11,3,DE,DE
14651,verwirklichen,DE,verwirklichen,13,4,fark etmek,10,2,TR,TR
14657,scheiße,DE,scheiße,7,2,bok,3,1,TR,TR
14656,yapabilen,TR,fähig,5,1,yapabilen,9,4,DE,DE
14657,sıkıldım,TR,ich bin gelangweilt,19,3,sıkıldım,8,3,TR,TR/DE
14658,gerek,TR,notwendig,9,3,gerek,5,2,TR,TR
14660,scheiße,DE,scheiße,7,2,bok,3,1,TR,TR
14639,Thema-Rhema,MIXED,Thema-Rhema,11,4,Tema-Rhema,10,4,TR,TR/DE
14660,arkadaş,TR,Freund,6,1,arkadaş,7,3,DE,DE
14645,Kontext§e,MIXED,Kontext§e,9,2,Bağlam§e,8,2,TR,TR/DE
14658,energie,DE,energie,7,3,enerji,6,3,TR,TR/DE
14662,energie,DE,energie,7,3,enerji,6,3,TR,TR/DE
14662,süper,TR,Super,5,2,süper,5,2,TR/DE,TR/DE
14661,scheiß,DE,scheiß,6,1,bok,3,1,TR,TR/DE
14663,beispiel,DE,beispiel,8,2,örnek,5,2,TR,TR/DE
14663,dünyda,TR,in der Welt,11,1,dünyda,6,2,TR,DE
14662,wild,LANG3,wild,4,1,vahşi,5,2,DE,DE
14663,gs,TR,gs,2,1,gs,2,1,TR/DE,TR/DE
14647,Sitüasyon,MIXED,Situation,9,3,Sitüasyon,9,3,TR/DE,TR/DE
14665,Stammtisch,DE,Stammtisch,10,2,Müdavimlerin masası,19,7,DE,DE
14663,ausgerechnet,DE,ausgerechnet,12,4,her şeyin,9,2,TR,TR
14648,gramerde,TR,in der Grammatik,16,3,gramerde,8,3,TR,TR/DE
14648,Subjekt§in,MIXED,Subjekt§in,10,2,Konunun,7,3,TR,DE
14668,Haus,DE,Haus,4,1,Ev,2,1,TR,TR/DE
14669,ve,TR,Und,3,1,ve,2,1,TR,TR/DE
14667,top,TR,Ball,4,1,top,3,1,TR,TR/DE
14668,harikulade,TR,wunderbar,9,3,harikulade,10,5,DE,DE
14650,Gedanke§yi,MIXED,Gedanke§yi,10,3,Gedankeşyi,10,4,TR/DE,DE
14669,Fachlich,DE,Fachlich,8,2,Teknik olarak,13,4,DE,DE
14671,kollektiv,DE,kollektiv,9,3,kolektif,8,3,TR,TR/DE
14672,für,DE,für,3,1,için,4,2,DE,DE
14673,volksfest,DE,volksfest,9,2,halk festivali,14,4,DE,DE
14673,var,TR,Es gibt,7,1,var,3,1,TR,TR/DE
14671,vay,TR,Wow,3,1,vay,3,1,TR/DE,TR/DE
14670,saprachdiplom,DE,saprachdiplom,13,4,fidan diploması,15,5,DE,DE
14675,ich,DE,ich,3,1,BEN,3,1,TR/DE,TR/DE
14674,gelsin,TR,Komm schon,10,1,gelsin,6,2,TR,DE
14676,ostern,DE,ostern,6,2,Paskalya,8,3,DE,DE
14676,dini,TR,religiös,8,3,dini,4,2,TR,TR
14674,verfassungsschutz,DE,verfassungsschutz,17,4,anayasanın korunması,20,8,DE,DE
14676,daha,TR,mehr,4,1,daha,4,2,TR/DE,DE
14668,ECM'in,LANG3,ECM'in,6,1,ECM'in,6,1,TR/DE,TR/DE
14678,Mütter,DE,Mütter,6,2,anneler,7,3,DE,DE
14651,edilmiştir,TR,war,3,1,edilmiştir,10,4,DE,DE
14651,edilmiştir,TR,war,3,1,edilmiştir,10,4,DE,DE
14661,napıyorum,TR,Was mache ich?,14,2,napıyorum,9,4,TR,DE
14665,etkinliğinde,TR,bei der Veranstaltung,21,4,etkinliğinde,12,5,TR,DE
14670,vardi,TR,es gab,6,1,vardi,5,2,TR,DE
14676,weihnachtendan,MIXED,weihnachtendan,14,4,Noel günü,9,2,TR,TR
14678,siddetle,TR,stark,5,1,siddetle,8,3,DE,DE
14680,o,TR,Er,2,1,o,1,1,TR,TR/DE
14679,gerçekleştirilen,TR,durchgeführt,12,3,gerçekleştirilen,16,6,DE,DE
14679,#Berlin,DE,#Berlin,7,2,#Berlin,7,2,TR/DE,TR/DE
14679,Akyol,TR,Akyol,5,2,Akyol,5,2,TR/DE,TR/DE
14682,yani,TR,Also,4,2,yani,4,2,TR/DE,TR/DE
14666,tayyib,TR,tayyib,6,1,tayyib,6,2,TR/DE,DE
14681,Internat,DE,Internat,8,3,yatılı okul,11,4,DE,DE
14678,Museum'u,MIXED,Museum'u,8,2,Müze'u,6,2,TR,TR/DE
14683,Stralsund,DE,Stralsund,9,2,Stralsund,9,2,TR/DE,TR/DE
14677,scheiß€,DE,scheiß€,7,1,bok€,4,1,TR,TR/DE
14684,artikel,DE,artikel,7,3,madde,5,2,TR,TR
14685,nin,TR,von,3,1,nin,3,1,TR/DE,TR/DE
14686,da,TR,In,2,1,da,2,1,TR/DE,TR/DE
14681,açılışını,TR,Amtseinführung,14,4,açılışını,9,5,TR,DE
14675,şefff,TR,chefff,6,1,şefff,5,1,TR,TR/DE
14685,anfrage,DE,anfrage,7,3,sorgu,5,2,TR,TR
14686,kompass,DE,kompass,7,2,pusula,6,3,TR,DE
14687,obdachlos,DE,obdachlos,9,3,evsiz,5,2,TR,TR
14679,Oper'de,MIXED,Betrieben,9,3,Çalıştırıldı,12,5,DE,DE
14690,scheiße,DE,scheiße,7,2,bok,3,1,TR,TR
14688,negativ,DE,negativ,7,3,negatif,7,3,TR/DE,TR/DE
14691,yaparken,TR,dabei,5,2,yaparken,8,3,DE,DE
14691,lesen,DE,lesen,5,2,Okumak,6,3,DE,DE
14683,konuşmada,TR,im Gespräch,11,2,konuşmada,9,4,TR,DE
14691,oldum,TR,Ich wurde,9,2,oldum,5,2,TR,TR/DE
14681,Kinderfest'in,MIXED,Kinderfest'in,13,3,Çocuk partisi,13,4,TR/DE,DE
14691,abgerissen,DE,abgerissen,10,4,yıkılmış,8,3,TR,TR
14679,Faranturi-Taner,MIXED,Faranturi-Taner,15,6,Faranturi-Taner,15,6,TR/DE,TR/DE
14692,partei,DE,partei,6,2,parti,5,2,TR,TR/DE
14694,kan,TR,Blut,4,1,kan,3,1,TR,TR/DE
14692,gelir,TR,Einkommen,9,3,gelir,5,2,TR,TR
14698,olarak,TR,Aspekt,6,2,olarak,6,3,TR/DE,DE
14696,olmuş,TR,tot,3,1,olmuş,5,2,DE,DE
14689,defterimize,TR,zu unserem Notizbuch,20,5,defterimize,11,5,TR,TR/DE
14701,Stammtisch,DE,Stammtisch,10,2,Müdavimlerin masası,19,7,DE,DE
14684,bilmedigi,TR,was er nicht weiß,17,1,bilmedigi,9,4,TR,DE
14698,weihnachtsmann,DE,weihnachtsmann,14,3,Noel Baba,9,2,TR,TR
14688,mansetlerle,TR,mit Schlagzeilen,16,3,mansetlerle,11,4,TR,DE
14687,amcaya,TR,zum Onkel,9,2,amcaya,6,3,TR,DE
14687,şiirini,TR,Dein Gedicht,12,2,şiirini,7,3,TR,DE
14692,big,LANG3,groß,4,1,büyük,5,2,DE,DE
14699,hadi,TR,Aufleuchten,11,3,hadi,4,2,TR,TR
14703,yüzünden,TR,Weil,4,1,yüzünden,8,3,DE,DE
14704,zum,DE,zum,3,1,için,4,2,DE,DE
14701,NDR,DE,NDR,3,1,NDR,3,1,TR/DE,TR/DE
14701,katılacak,TR,werde teilnehmen,16,4,katılacak,9,4,TR,TR/DE
14704,olduğunu,TR,Ist,3,1,olduğunu,8,4,DE,DE
14703,ausbildung,DE,ausbildung,10,3,eğitim,6,3,TR,TR/DE
14701,Petra,DE,Petra,5,2,Petra,5,2,TR/DE,TR/DE
14707,opfer,DE,opfer,5,2,kurban,6,2,DE,TR/DE
14710,Gruppe,DE,Gruppe,6,2,grup,4,1,TR,TR
14707,ettin,TR,Das hast du getan,17,2,ettin,5,2,TR,TR/DE
14708,kurulmuş,TR,gegründet,9,3,kurulmuş,8,3,TR,TR/DE
14711,ohne,DE,ohne,4,2,olmadan,7,3,DE,DE
14699,fucker,LANG3,Ficker,6,2,Pezevenk,8,3,DE,DE
14711,basak,TR,Jungfrau,8,2,basak,5,2,TR,TR/DE
14711,kesin,TR,definitiv,9,4,kesin,5,2,TR,TR
14706,planın,TR,Dein Plan,9,1,planın,6,2,TR,DE
14693,kalb,TR,Herz,4,1,kalb,4,1,TR/DE,TR/DE
14712,Evi,TR,Haus,4,1,Evi,3,2,TR,DE
14701,organizasyonunda,TR,in der Organisation,19,5,organizasyonunda,16,7,TR,DE
14701,kanalından,TR,vom Kanal,9,2,kanalından,10,4,DE,DE
14720,şirketinden,TR,von der Firma,13,2,şirketinden,11,4,TR,DE
14720,alkohol,DE,alkohol,7,2,alkol,5,2,TR,TR/DE
14715,Konjuktiv,DE,Konjuktiv,9,3,dilek kipi,10,3,DE,TR/DE
14721,paralel,DE,paralel,7,3,paralel,7,3,TR/DE,TR/DE
14721,var,TR,Es gibt,7,1,var,3,1,TR,TR/DE
14722,için,TR,für,3,1,için,4,2,DE,DE
14723,der,DE,der,3,1,the,3,1,TR/DE,TR/DE
14701,Volquardsen'de,MIXED,Volquardsen'de,14,3,Volquardsen'de,14,3,TR/DE,TR/DE
14710,seviniyor,TR,freut sich,10,1,seviniyor,9,4,TR,DE
14708,weihnachtsmarkt,DE,weihnachtsmarkt,15,3,Noel pazarı,11,3,TR,TR/DE
14724,Aufbruch,DE,Aufbruch,8,2,Kalkış,6,2,TR,TR/DE
14726,da,TR,In,2,1,da,2,1,TR/DE,TR/DE
14726,alexanderplatz,DE,alexanderplatz,14,5,Alexanderplatz,14,4,TR/DE,TR
14726,u,DE,u,1,1,sen,3,1,DE,TR/DE
14726,a,TR,A,1,1,a,1,1,TR/DE,TR/DE
14728,negativ,DE,negativ,7,3,negatif,7,3,TR/DE,TR/DE
14727,fotoğrafları,TR,Fotos,5,2,fotoğrafları,12,5,DE,DE
14721,tartisanlar,TR,"diejenigen, die argumentieren",29,8,tartisanlar,11,4,TR,TR
14723,oluyoruz,TR,wir werden,10,2,oluyoruz,8,4,TR,DE
14720,satışını,TR,der Verkauf von,15,2,satışını,8,4,TR,DE
14715,bilmedikleri,TR,was sie nicht wissen,20,2,bilmedikleri,12,5,TR,DE
14718,caiz,TR,zulässig,8,3,caiz,4,1,TR,TR
14730,grüß,DE,grüß,4,1,selamlar,8,3,DE,DE
14721,Gesellschaft'i,MIXED,Gesellschaft'i,14,3,Toplum'i,8,2,TR,TR
14713,Memleket(Heimat,MIXED,Memleket(Heimat,15,4,Memleket(vatan,14,4,TR,TR/DE
14731,ignorieren,DE,ignorieren,10,4,görmezden gelmek,16,4,DE,TR/DE
14730,iyidi,TR,es war gut,10,1,iyidi,5,3,TR,DE
14730,gott,MIXED,Gut,3,1,iyi,3,2,TR/DE,DE
14730,bussi,LANG3,Bus,3,1,otobüs,6,3,DE,DE
14737,Bruder,DE,Bruder,6,2,Erkek kardeş,12,3,DE,DE
14736,başlığı,TR,Titel,5,2,başlığı,7,3,DE,DE
14738,gözümün,TR,mein Auge,9,2,gözümün,7,3,TR,DE
14737,saol,TR,Danke,5,2,saol,4,1,TR,TR
14731,yapardin,TR,du würdest,10,2,yapardin,8,3,TR,DE
14728,yönleri,TR,Aspekte,7,3,yönleri,7,3,TR/DE,TR/DE
14739,efendimiz,TR,unser Herr,10,2,efendimiz,9,4,TR,DE
14740,kölsch,DE,kölsch,6,1,Köln,4,1,TR,TR/DE
14738,fotosu,MIXED,Foto,4,2,fotoğraf,8,3,DE,DE
14736,saldırdı,TR,angegriffen,11,4,saldırdı,8,3,TR,TR
14744,negativ,DE,negativ,7,3,negatif,7,3,TR/DE,TR/DE
14742,Schloss,DE,Schloss,7,1,Kilit,5,2,TR,DE
14740,birası,TR,Bier,4,1,birası,6,3,DE,DE
14746,eine,DE,eine,4,2,bir,3,1,TR,TR
14746,dedi,TR,sagte er,8,2,dedi,4,2,TR,TR/DE
14736,attackiert,DE,attackiert,10,3,saldırıya uğradı,16,6,DE,DE
14744,enerji,TR,Energie,7,3,enerji,6,3,TR,TR/DE
14748,wenn,DE,wenn,4,1,eğer,4,2,TR/DE,DE
14748,yerine,TR,an seiner Stelle,16,3,yerine,6,3,TR,TR/DE
14730,uydu,DE,uydu,4,2,uydu,4,2,TR/DE,TR/DE
14747,ausrede,DE,ausrede,7,3,mazeret,7,3,TR/DE,TR/DE
14724,Derneği'nde,TR,im Verein,9,2,Derneği'nde,11,3,DE,DE
14739,führer,DE,führer,6,2,lider,5,2,TR,TR/DE
14729,Derneği'nin,TR,des Vereins,11,2,Derneği'nin,11,3,TR/DE,DE
14747,bulur,TR,findet,6,2,bulur,5,2,TR,TR/DE
14751,ya,TR,entweder,8,3,ya,2,1,TR,TR
14751,beni,TR,Mich,4,1,beni,4,2,TR/DE,DE
14748,während,DE,während,7,2,sırasında,9,4,DE,DE
14751,çok,TR,Eine Menge,10,3,çok,3,1,TR,TR
14749,alternativ,DE,alternativ,10,4,alternatif olarak,17,6,DE,DE
14751,hacı,TR,Pilger,6,2,hacı,4,2,TR,TR/DE
14751,verrückt,DE,verrückt,8,2,deli,4,2,TR,TR/DE
14750,seçim,TR,Abstimmung,10,3,seçim,5,2,TR,TR
14749,lazimdir,TR,es ist notwendig,16,3,lazimdir,8,3,TR,TR/DE
14743,yayımlanan,TR,veröffentlicht,14,4,yayımlanan,10,4,TR,TR/DE
14753,çalışanı,TR,Mitarbeiter,11,4,çalışanı,8,4,TR,TR/DE
14751,traurigim,MIXED,traurigim,9,3,sadim,5,2,TR,TR
14745,demeseler,TR,wenn sie es nicht sagen,23,2,demeseler,9,4,TR,DE
14748,yazsam,TR,wenn ich schreibe,17,2,yazsam,6,2,TR,TR/DE
14752,sayfasının,TR,der Seite,9,2,sayfasının,10,4,DE,DE
14753,haberine,TR,zu den Nachrichten,18,3,haberine,8,4,TR,DE
14753,euro,DE,euro,4,2,euro,4,2,TR/DE,TR/DE
14754,verdi,TR,gab,3,1,verdi,5,2,DE,DE
14753,Markus,DE,Markus,6,2,İşaret,6,3,TR/DE,DE
14756,gibi,TR,wie,3,1,gibi,4,2,DE,DE
14750,Zeitung'dan,MIXED,Aus der Zeitung,15,2,Zeitung'dan,11,2,TR,TR/DE
14754,sowohl,DE,sowohl,6,2,birlikte,8,3,DE,DE
14754,istedik,TR,wir wollten,11,2,istedik,7,3,TR,DE
14758,warum,DE,warum,5,2,Neden,5,2,TR/DE,TR/DE
14760,garantie,DE,garantie,8,3,garanti,7,3,TR,TR/DE
14754,entweder,DE,entweder,8,3,herhangi biri,13,4,DE,DE
14756,logik,DE,logik,5,2,mantık,6,2,DE,TR/DE
14755,Kardeş,TR,Bruder,6,2,Kardeş,6,2,TR/DE,TR/DE
14761,mein,DE,mein,4,1,Benim,5,2,DE,DE
14757,Edelstahl,DE,Edelstahl,9,3,paslanmaz çelik,15,4,DE,DE
14763,var,TR,Es gibt,7,1,var,3,1,TR,TR/DE
14763,bis,DE,bis,3,1,değin,5,2,DE,DE
14763,ama,TR,Aber,4,2,ama,3,2,TR,TR/DE
14763,hab,DE,hab,3,1,sahip olmak,11,3,DE,DE
14757,yönetim,TR,Management,10,4,yönetim,7,3,TR,TR
14753,Zeitung'un,MIXED,Zeitung'un,10,2,Zeitung'un,10,2,TR/DE,TR/DE
14765,insallah,TR,hoffentlich,11,3,insallah,8,3,TR,TR/DE
14766,Stiftung,DE,Stiftung,8,2,Temel,5,2,TR,TR/DE
14743,online'da,MIXED,im Internet,11,3,online'da,9,3,TR,TR/DE
14766,Eğitim,TR,Ausbildung,10,3,Eğitim,6,3,TR,TR/DE
14760,theorie,DE,theorie,7,2,teori,5,2,TR,TR/DE
14767,bir,TR,Eins,4,1,bir,3,1,TR,TR/DE
14753,BND,LANG3,BND,3,1,BND,3,1,TR/DE,TR/DE
14766,yıllık,TR,jährlich,8,2,yıllık,6,2,TR,TR/DE
14769,ich,DE,ich,3,1,BEN,3,1,TR/DE,TR/DE
14767,yarın,TR,morgen,6,2,yarın,5,2,TR,TR/DE
14767,Plakat,DE,Plakat,6,2,poster,6,2,TR/DE,TR/DE
14766,Berlin,DE,Berlin,6,2,Berlin,6,2,TR/DE,TR/DE
14767,verilecek,TR,wird gegeben,12,3,verilecek,9,4,TR,DE
14763,semester,DE,semester,8,3,dönem,5,2,TR,TR
14769,derim,TR,Ich sage,8,2,derim,5,2,TR,TR/DE
14771,de,TR,Auch,4,1,de,2,1,TR,TR/DE
14770,hayalleri,TR,Träume,6,2,hayalleri,9,4,DE,DE
14770,master,DE,master,6,2,usta,4,2,TR,TR/DE
14774,de,TR,Auch,4,1,de,2,1,TR,TR/DE
14774,Das,DE,Das,3,1,,0,0,TR,TR
14774,var,TR,Es gibt,7,1,var,3,1,TR,TR/DE
14760,yapcam,TR,Ich werde es tun,16,2,yapcam,6,2,TR,TR/DE
14760,yapcam,TR,Ich werde es tun,16,2,yapcam,6,2,TR,TR/DE
14764,diyelim,TR,sagen wir mal,13,2,diyelim,7,3,TR,DE
14770,WAS,DE,WAS,3,1,NE,2,1,TR,TR/DE
14775,köpek,TR,Hund,4,1,köpek,5,2,DE,DE
14776,Freunde,DE,Freunde,7,2,Arkadaşlar,10,4,DE,DE
14777,Fans,DE,Fans,4,1,hayranlar,9,3,DE,DE
14779,fotoğraflarımızı,TR,unsere Fotos,12,4,fotoğraflarımızı,16,7,DE,DE
14779,bulabilirsiniz,TR,Sie können finden,17,3,bulabilirsiniz,14,6,TR,DE
14780,erişebilirsiniz,TR,Sie können darauf zugreifen,27,5,erişebilirsiniz,15,7,TR,DE
14781,auf,DE,auf,3,1,Açık,4,2,DE,DE
14770,RAMMSTEIN,DE,RAMMSTEIN,9,2,RAMMSTEIN,9,2,TR/DE,TR/DE
14783,ignorieren,DE,ignorieren,10,4,görmezden gelmek,16,4,DE,TR/DE
14783,edeceksin,TR,Du wirst,8,1,edeceksin,9,4,DE,DE
14770,BİLMİYO,TR,WEIß ES NICHT,13,1,BİLMİYO,7,2,TR,DE
14772,övdüğü,TR,gelobt,6,2,övdüğü,6,3,TR/DE,DE
14785,geliyo,TR,ich komme,9,2,geliyo,6,3,TR,DE
14785,ferien,DE,ferien,6,2,tatiller,8,3,DE,DE
14753,karşılığında,TR,im Gegenzug,11,3,karşılığında,12,5,DE,DE
14787,şöyle,TR,So was,6,1,şöyle,5,2,TR,DE
14779,linkte,MIXED,im Link,7,1,linkte,6,2,TR,DE
14775,Hund(rengarenk,MIXED,Hund(bunt,9,1,Hund(rengarenk,14,3,DE,DE
14780,linkten,MIXED,aus dem Link,12,1,linkten,7,2,TR,DE
14789,ihr,DE,ihr,3,1,o,1,1,TR,TR/DE
14789,yaz,TR,Sommer,6,2,yaz,3,1,TR,TR
14788,katılım,TR,Teilnahme,9,3,katılım,7,3,TR,TR/DE
14772,Brahms'ı,MIXED,Brahms,6,1,Brahms'ı,8,1,DE,TR/DE
14791,karşı,TR,Gegenteil,9,3,karşı,5,2,TR,TR
14789,genommen,DE,genommen,8,3,alınmış,7,3,TR,TR/DE
14784,dağıtıyorlar,TR,sie verteilen,13,3,dağıtıyorlar,12,5,TR,DE
14791,Demokratische,DE,Demokratische,13,5,Demokratik,10,4,TR,TR
14786,marketlere,TR,zu Märkten,10,2,marketlere,10,4,TR/DE,DE
14793,bile,TR,sogar,5,2,bile,4,2,TR,TR/DE
14789,hem,TR,beide,5,2,hem,3,1,TR,TR
14782,etkinliğimize,TR,zu unserer Veranstaltung,24,6,etkinliğimize,13,6,TR,TR/DE
14780,fotoğraflarımıza,TR,zu unseren Fotos,16,4,fotoğraflarımıza,16,7,TR/DE,DE
14792,Weihnachten,DE,Weihnachten,11,3,Noel,4,1,TR,TR
14792,kutladı,TR,gefeiert,8,2,kutladı,7,3,TR,DE
14795,Museum'u,MIXED,Museum'u,8,2,Müze'u,6,2,TR,TR/DE
14793,frohe,DE,frohe,5,1,mutlu,5,2,TR/DE,DE
14794,hintergrund,DE,hintergrund,11,3,arka plan,9,2,TR,TR
14798,diye,TR,Sprichwort,10,2,diye,4,2,TR,TR/DE
14794,foto,DE,foto,4,2,fotoğraf,8,3,DE,DE
14795,mutlaka,TR,definitiv,9,4,mutlaka,7,3,TR,TR
14797,olmus,TR,tot,3,1,olmus,5,2,DE,DE
14799,uzak,TR,weit,4,1,uzak,4,2,TR/DE,DE
14799,wochenende,DE,wochenende,10,4,hafta sonu,10,3,TR/DE,TR
14801,ye,TR,essen,5,2,ye,2,1,TR,TR
14802,Kopie,DE,Kopie,5,2,kopyala,7,3,DE,DE
14801,profi,DE,profi,5,2,profesyonel,11,4,DE,DE
14802,yazi,TR,Schreiben,9,2,yazi,4,2,TR,TR/DE
14790,prüfüngu,MIXED,prüfen,6,2,test,4,1,TR,TR
14804,kopie,DE,kopie,5,2,kopyala,7,3,DE,DE
14804,kağıtları,TR,Papiere,7,3,kağıtları,9,4,DE,DE
14790,falanmi,TR,Ist es so und so?,17,1,falanmi,7,3,TR,DE
14805,da,TR,In,2,1,da,2,1,TR/DE,TR/DE
14803,Kopie,DE,Kopie,5,2,kopyala,7,3,DE,DE
14795,Deutsches,DE,Deutsches,9,2,Almanca,7,3,TR,DE
14787,berlin'de,MIXED,berlin'de,9,2,Berlin'de,9,2,TR/DE,TR/DE
14805,konuşmuş,TR,Speiche,7,2,konuşmuş,8,3,DE,DE
14807,gehört,DE,gehört,6,1,duyulmuş,8,3,DE,DE
14806,doğrusu,TR,Genau genommen,14,4,doğrusu,7,3,TR,TR
14810,ve,TR,Und,3,1,ve,2,1,TR,TR/DE
14807,deyip,TR,Sprichwort,10,2,deyip,5,2,TR,TR/DE
14794,filan,TR,so und so,9,1,filan,5,2,TR,DE
14807,abstimmen,DE,abstimmen,9,3,oy,2,1,TR,TR
14807,Islam,TR,Islam,5,2,Islam,5,2,TR/DE,TR/DE
14809,viel,DE,viel,4,1,fazla,5,2,DE,DE
14794,olcakmış,TR,es wird passieren,17,3,olcakmış,8,3,TR,TR/DE
14813,var,TR,Es gibt,7,1,var,3,1,TR,TR/DE
14810,başlıkları,TR,Titel,5,2,başlıkları,10,4,DE,DE
14811,futbolcu,TR,Fußballer,9,3,futbolcu,8,3,TR,TR/DE
14814,ismi,TR,Name,4,2,ismi,4,2,TR/DE,TR/DE
14816,ne,TR,Was,3,1,ne,2,1,TR,TR/DE
14813,Kaffee,DE,Kaffee,6,2,Kahve,5,2,TR,TR/DE
14817,alles,DE,alles,5,2,her şey,7,1,DE,TR
14817,eve,TR,heim,4,1,eve,3,2,TR,DE
14818,derken,TR,während ich sage,16,3,derken,6,2,TR,TR
14815,zentrum,DE,zentrum,7,2,merkez,6,2,TR,TR/DE
14815,köprüsü,TR,Brücke,6,2,köprüsü,7,3,DE,DE
14820,bruder,DE,bruder,6,2,Erkek kardeş,12,3,DE,DE
14822,Fleisch,DE,Fleisch,7,1,Et,2,1,TR,TR/DE
14822,anlar,TR,Momente,7,3,anlar,5,2,TR,TR
14823,bağımlı,TR,abhängig,8,3,bağımlı,7,3,TR,TR/DE
14812,Süddeutsche,DE,Süddeutsche,11,3,Güney Almanlar,14,4,DE,DE
14805,Allgemeine'ye,MIXED,Allgemeine'ye,13,4,Allgemeine'ye,13,4,TR/DE,TR/DE
14823,illuminata,MIXED,beleuchtet,10,3,aydınlatılmış,13,5,DE,DE
14805,Frankfurter,DE,Frankfurter,11,3,Frankfurter,11,3,TR/DE,TR/DE
14827,fotoları,TR,Fotos,5,2,fotoları,8,4,DE,DE
14828,var,TR,Es gibt,7,1,var,3,1,TR,TR/DE
14813,kilisesinin,TR,der Kirche,10,2,kilisesinin,11,5,DE,DE
14830,yani,TR,Also,4,2,yani,4,2,TR/DE,TR/DE
14822,Helal,TR,Halal,5,2,Helal,5,2,TR/DE,TR/DE
14816,şaade,DE,şaade,5,2,Şaade,5,2,TR/DE,TR/DE
14830,folgen,DE,folgen,6,2,sonuçlar,8,3,DE,DE
14828,gesamt,DE,gesamt,6,2,toplamda,8,3,DE,DE
14810,Spiegel'in,MIXED,Spiegel'in,10,2,Spiegel'in,10,2,TR/DE,TR/DE
14831,dedigin,TR,was du gesagt hast,18,2,dedigin,7,3,TR,DE
14831,klinikum,DE,klinikum,8,3,hastane,7,3,TR,TR/DE
14827,penner,DE,penner,6,2,serseri,7,3,DE,DE
14833,Fußball,DE,Fußball,7,2,futbol,6,2,TR,TR/DE
14832,yaptiysam,TR,wenn ich es täte,16,2,yaptiysam,9,3,TR,DE
14825,saçmalıklar,TR,Unsinn,6,2,saçmalıklar,11,4,DE,DE
14831,deseydin,TR,wenn du es sagst,16,1,deseydin,8,3,TR,DE
14835,nin,TR,von,3,1,nin,3,1,TR/DE,TR/DE
14835,eistee,DE,eistee,6,2,buzlu çay,9,2,DE,TR/DE
14803,kagida,TR,auf Papier,10,2,kagida,6,3,TR,DE
14828,dha,TR,Dha,3,1,dha,3,1,TR/DE,TR/DE
14836,olacak,TR,wird sein,9,1,olacak,6,3,TR,DE
14836,fiyasko,TR,Fiasko,6,2,fiyasko,7,3,DE,DE
14835,alinan,TR,erhalten,8,3,alinan,6,3,TR,TR/DE
14838,yine,TR,wieder,6,2,yine,4,2,TR,TR/DE
14836,produktion,DE,produktion,10,3,üretme,6,3,TR,TR/DE
14838,verlassen,DE,verlassen,9,3,ayrılmak,8,3,TR,TR/DE
14838,gibi,TR,wie,3,1,gibi,4,2,DE,DE
14838,yine,TR,wieder,6,2,yine,4,2,TR,TR/DE
14838,Scheiße,DE,Scheiße,7,2,bok,3,1,TR,TR
14838,düşer,TR,fällt,5,1,düşer,5,2,TR/DE,DE
14838,çekmek,TR,ziehen,6,2,çekmek,6,2,TR/DE,TR/DE
14837,Cup,LANG3,Tasse,5,2,Bardak,6,2,DE,TR/DE
14842,ARTiKEL,DE,ARTiKEL,7,3,Madde,5,2,TR,TR
14832,ohrwurm,DE,ohrwurm,7,2,kulağakaçan,11,5,DE,DE
14834,André,LANG3,André,5,1,André,5,1,TR/DE,TR/DE
14845,sordum,TR,Ich fragte,10,2,sordum,6,2,TR,TR/DE
14845,kopie,DE,kopie,5,2,kopyala,7,3,DE,DE
14843,extrem,DE,extrem,6,2,aşırı,5,3,TR,DE
14846,türkische,DE,türkische,9,3,Türkçe,6,2,TR,TR
14846,dedik,TR,sagten wir,10,2,dedik,5,2,TR,TR/DE
14844,arbeiten,MIXED,arbeiten,8,3,iş,2,1,TR,TR
14833,klübü,TR,Verein,6,2,klübü,5,2,TR,TR/DE
14849,üyesi,TR,Mitglied,8,2,üyesi,5,3,TR,DE
14836,#SurvivorAllStar,LANG3,#SurvivorAllStar,16,5,#SurvivorAllStar,16,5,TR/DE,TR/DE
14834,Eminger'in,MIXED,Eminger'in,10,3,Eminger'in,10,3,TR/DE,TR/DE
14853,sondern,DE,sondern,7,2,yerine,6,3,TR,DE
14854,für,DE,für,3,1,için,4,2,DE,DE
14843,koşulları,TR,Bedingungen,11,4,koşulları,9,4,TR,TR/DE
14855,kere,TR,mal,3,1,kere,4,2,DE,DE
14842,LERiNDEN,TR,VON DORT,8,1,LERiNDEN,8,3,TR/DE,DE
14834,kurucularından,TR,einer der Gründer,17,3,kurucularından,14,6,TR,DE
14857,fünf,DE,fünf,4,1,beş,3,1,TR,TR/DE
14837,turnuvasında,TR,im Turnier,10,2,turnuvasında,12,5,DE,DE
14856,olunca,TR,Wann,4,1,olunca,6,3,DE,DE
14860,posten,DE,posten,6,2,postalamak,10,4,DE,DE
14853,afyet,TR,Appetit,7,3,afyet,5,2,TR,TR
14861,hep,TR,stets,5,1,hep,3,1,TR,TR/DE
14857,kacti,TR,rannte weg,10,2,kacti,5,2,TR,TR/DE
14853,afferdersin,TR,Entschuldigung,14,4,afferdersin,11,4,TR,TR/DE
14845,lenip,TR,angepisst,9,3,lenip,5,2,TR,TR
14849,Dt-Tr,DE,Dt-Tr,5,2,Dt-Tr,5,2,TR/DE,TR/DE
14861,oluyo,TR,es passiert,11,2,oluyo,5,3,TR,DE
14861,Eichhörnchen,DE,Eichhörnchen,12,3,Sincap,6,2,TR,TR
14855,tüküreyim,TR,lass mich spucken,17,2,tüküreyim,9,4,TR,DE
14855,streikiniza,MIXED,schlagen,8,2,çarpmak,7,2,TR,TR/DE
14863,oturumu,TR,Sitzung,7,2,oturumu,7,4,TR/DE,DE
14863,Heilbronn,DE,Heilbronn,9,2,Heilbronn,9,2,TR/DE,TR/DE
14863,salonunda,TR,in der Halle,12,2,salonunda,9,4,TR,DE
14864,hoffen,DE,hoffen,6,2,umut,4,2,TR,TR/DE
14867,değil,TR,nicht,5,1,değil,5,2,TR/DE,DE
14867,orgasmus,DE,orgasmus,8,3,orgazm,6,2,TR,TR
14861,alüyo,TR,Alyo,4,2,alüyo,5,3,DE,DE
14867,projesi,TR,Projekt,7,2,projesi,7,3,TR/DE,DE
14863,yakınında,TR,nahe,4,1,yakınında,9,4,DE,DE
14869,derler,TR,sagen sie,9,2,derler,6,2,TR,TR/DE
14870,uygulamak,TR,bewerben,8,3,uygulamak,9,4,DE,DE
14869,kartoffel,DE,kartoffel,9,3,patates,7,3,TR,TR/DE
14865,aba,DE,aba,3,2,aba,3,2,TR/DE,TR/DE
14866,fleischfressende,DE,fleischfressende,16,4,etobur olanlar,14,5,TR,DE
14861,Dreieckflagge,DE,Dreieckflagge,13,3,Üçgen bayrağı,13,4,TR/DE,DE
14863,SontheimerBrücke,DE,SontheimerBrücke,16,5,Sontheimer Köprüsü,18,5,DE,TR/DE
14854,#homoclash,LANG3,#homoclash,10,3,#homoclash,10,3,TR/DE,TR/DE
14872,uygulamaları,TR,Anwendungen,11,4,uygulamaları,12,6,DE,DE
14860,ediyooon,TR,Ediyooon,8,2,ediyooon,8,3,TR/DE,DE
14872,iOS,LANG3,iOS,3,1,iOS,3,1,TR/DE,TR/DE
14873,wer,DE,wer,3,1,DSÖ,3,1,TR/DE,TR/DE
14873,Deutsche,DE,Deutsche,8,2,Almanca,7,3,TR,DE
14874,vardır,TR,Es gibt,7,1,vardır,6,2,TR,DE
14861,doçlantta,MIXED,beim Associate,14,4,doçlantta,9,3,TR,TR
14873,İstambul,TR,Istanbul,8,3,İstambul,8,3,TR/DE,TR/DE
14875,değil,TR,nicht,5,1,değil,5,2,TR/DE,DE
14876,kere,TR,mal,3,1,kere,4,2,DE,DE
14877,hiç,TR,keiner,6,2,hiç,3,1,TR,TR
14872,tanışıp,TR,treffen,7,2,tanışıp,7,3,TR/DE,DE
14875,tätig,DE,tätig,5,2,çalışan,7,3,DE,DE
14878,patates,TR,Kartoffeln,10,3,patates,7,3,TR,TR/DE
14878,chips,DE,chips,5,1,cips,4,1,TR,TR/DE
14878,pommes,DE,pommes,6,2,patates kızartması,18,6,DE,DE
14868,tribünündeki,TR,auf der Tribüne,15,3,tribünündeki,12,5,TR,DE
14881,mi,TR,Ist es,6,1,mi,2,1,TR,TR/DE
14882,die,DE,die,3,1,the,3,1,TR/DE,TR/DE
14871,soygununa,TR,zum Raub,8,1,soygununa,9,4,DE,DE
14874,ÖSTERREICHISCHES,DE,ÖSTERREICHISCHES,16,5,AVUSTURYA,9,4,TR,TR
14872,punkte,DE,punkte,6,2,puan,4,1,TR,TR
14871,Sparkasse,DE,Sparkasse,9,3,Tasarruf Bankası,16,5,DE,DE
14881,miting,LANG3,TREFFEN,7,2,TOPLANTI,8,3,DE,DE
14882,MA,LANG3,MA,2,1,yüksek lisans,13,3,DE,DE
14882,MA,LANG3,MA,2,1,yüksek lisans,13,3,DE,DE
14883,ettim,TR,Das habe ich getan,18,3,ettim,5,2,TR,TR
14882,karte,DE,karte,5,2,harita,6,3,DE,DE
14885,gibi,TR,wie,3,1,gibi,4,2,DE,DE
14878,kızartması,TR,Pommes,6,2,kızartması,10,4,DE,DE
14886,komm,DE,komm,4,1,Gelmek,6,2,DE,DE
14883,komisch,DE,komisch,7,2,eğlenceli,9,4,DE,DE
14884,annem,TR,meine Mutter,12,3,annem,5,2,TR,TR
14886,keyfim,TR,freut mich,10,1,keyfim,6,2,TR,DE
14882,gördüm,TR,Ich habe es gesehen,19,3,gördüm,6,2,TR,TR
14874,google'a,MIXED,google'a,8,2,google'a,8,2,TR/DE,TR/DE
14887,protestieren,DE,protestieren,12,4,protesto,8,3,TR,TR
14889,seçim,TR,Abstimmung,10,3,seçim,5,2,TR,TR
14887,ediyoruz,TR,das tun wir,11,1,ediyoruz,8,4,TR,DE
14879,iken,TR,während,7,2,iken,4,2,TR,TR/DE
14890,MİT,DE,MİT,3,1,İLE,3,1,TR/DE,TR/DE
14882,HIRISTIYANI,TR,CHRISTIAN,9,2,HIRISTIYANI,11,5,DE,DE
14890,ZEIGEN,DE,ZEIGEN,6,2,GÖSTERMEK,9,3,DE,DE
14892,çocuklar,TR,Kinder,6,2,çocuklar,8,3,DE,DE
14887,SISI,DE,SISI,4,2,SİSİ,4,1,TR/DE,TR
14886,󾌰Aliriza,TR,🌰Aliriza,8,4,󾌰Aliriza,8,4,TR/DE,TR/DE
14882,EZIDIYI,TR,EZIDIYI,7,3,EZIDIYI,7,4,TR/DE,DE
14893,nasil,TR,Wie,3,1,nasil,5,2,DE,DE
14892,Mixo,LANG3,Morgen,6,2,Sabah,5,2,TR,TR/DE
14893,berliner,DE,berliner,8,3,Berlinli,8,3,TR/DE,TR/DE
14894,DW,DE,DW,2,1,DW,2,1,TR/DE,TR/DE
14895,sensin,TR,Du bist es,10,1,sensin,6,2,TR,DE
14897,ve,TR,Und,3,1,ve,2,1,TR,TR/DE
14896,heisst,DE,heisst,6,1,denir,5,2,TR,DE
14897,var,TR,Es gibt,7,1,var,3,1,TR,TR/DE
14897,praxis,DE,praxis,6,2,pratik,6,2,TR/DE,TR/DE
14890,MENSİYONA,TR,ERWÄHNEN,8,3,MENSİYONA,9,3,DE,TR/DE
14887,yi,TR,Gut,3,1,yi,2,1,TR,TR/DE
14894,izliyorum,TR,Ich schaue zu,13,1,izliyorum,9,4,TR,DE
14898,la,TR,la,2,1,la,2,1,TR/DE,TR/DE
14900,yok,TR,NEIN,4,1,yok,3,1,TR,TR/DE
14900,scheisse,DE,scheisse,8,2,bok,3,1,TR,TR
14900,nr,DE,nr,2,1,HAYIR,5,2,DE,DE
14900,sende,TR,Du auch,7,1,sende,5,2,TR,DE
14901,ve,TR,Und,3,1,ve,2,1,TR,TR/DE
14892,Cue,LANG3,Stichwort,9,2,İşaret,6,3,TR,DE
14889,Allgemeine'nin,MIXED,Allgemeine'nin,14,4,Generalin,9,4,TR,TR/DE
14872,STARBUCKS'ta,MIXED,STARBUCKS'ta,12,2,STARBUCKS'ta,12,2,TR/DE,TR/DE
14901,kurtulmak,TR,gerettet werden,15,4,kurtulmak,9,3,TR,TR
14904,bruder,DE,bruder,6,2,Erkek kardeş,12,3,DE,DE
14905,bruder,DE,bruder,6,2,Erkek kardeş,12,3,DE,DE
14901,Grand,LANG3,Großartig,9,3,Büyük,5,2,TR,TR
14902,prüfung,DE,prüfung,7,2,test,4,1,TR,TR
14906,Bayram,TR,Feier,5,1,Bayram,6,2,DE,DE
14907,Luftwaffe,DE,Luftwaffe,9,3,hava kuvvetleri,15,5,DE,DE
14901,ismiyle,TR,mit Namen,9,2,ismiyle,7,3,TR,DE
14907,merkezi,TR,zentral,7,2,merkezi,7,3,TR/DE,DE
14899,Derneği'nden,TR,vom Verein,10,2,Derneği'nden,12,3,DE,DE
14901,Guderian'ın,LANG3,Guderians,9,3,Guderian'ın,11,3,DE,TR/DE
14906,Follower,LANG3,Anhänger,8,3,Takipçi,7,3,TR,TR/DE
14907,Ritz,DE,Ritz,4,1,Ritz,4,1,TR/DE,TR/DE
14908,İngilizler,TR,britisch,8,2,İngilizler,10,4,DE,DE
14896,Twix,LANG3,Twix,4,1,Twix,4,1,TR/DE,TR/DE
14908,fisch,DE,fisch,5,1,balık,5,2,TR/DE,DE
14911,komm,DE,komm,4,1,Gelmek,6,2,DE,DE
14912,onun,TR,sein,4,1,onun,4,2,TR/DE,DE
14908,yerler,TR,Orte,4,2,yerler,6,2,DE,TR/DE
14907,Carlton'ı,MIXED,Carlton,7,2,Carlton'ı,9,2,DE,TR/DE
14912,i,DE,i,1,1,Ben,3,1,DE,TR/DE
14912,simdi,TR,Jetzt,5,1,simdi,5,2,TR/DE,DE
14913,ile,TR,mit,3,1,ile,3,2,TR/DE,DE
14914,Das,DE,Das,3,1,,0,0,TR,TR
14914,gibi,TR,wie,3,1,gibi,4,2,DE,DE
14913,Führer,DE,Führer,6,2,Lider,5,2,TR,TR/DE
14909,haklı,TR,Rechts,6,1,haklı,5,2,TR,DE
14892,Electropol,LANG3,Elektropol,10,4,Elektropol,10,4,TR/DE,TR/DE
14916,ne,TR,Was,3,1,ne,2,1,TR,TR/DE
14915,bisey,TR,etwas,5,2,bisey,5,2,TR/DE,TR/DE
14912,i,DE,i,1,1,Ben,3,1,DE,TR/DE
14902,dualarınızı,TR,eure Gebete,11,4,dualarınızı,11,5,TR/DE,DE
14917,sek,DE,sek,3,1,saniye,6,3,DE,DE
14917,ile,TR,mit,3,1,ile,3,2,TR/DE,DE
14917,yetmişlik,TR,siebzig,7,2,yetmişlik,9,3,DE,DE
14910,untermenschen,DE,untermenschen,13,4,insanlık dışı,13,4,TR/DE,TR/DE
14917,wodka,DE,wodka,5,2,votka,5,2,TR/DE,TR/DE
14918,palast,DE,palast,6,2,Saray,5,2,TR,TR/DE
14919,Polizei,DE,Polizei,7,3,polis,5,2,TR,TR
14910,demekte,TR,sagt,4,1,demekte,7,3,DE,DE
14921,der,DE,der,3,1,the,3,1,TR/DE,TR/DE
14920,Jungfrau,DE,Jungfrau,8,2,Başak,5,2,TR,TR/DE
14916,ayfon,LANG3,iPhone,6,3,iPhone,6,3,TR/DE,TR/DE
14921,mı,TR,Ist es,6,1,mı,2,1,TR,TR/DE
14921,afedersiniz,TR,Verzeihung,10,3,afedersiniz,11,5,DE,DE
14921,nackt,DE,nackt,5,1,çıplak,6,2,DE,DE
14922,zaten,TR,bereits,7,2,zaten,5,2,TR,TR/DE
14922,Hoşgeldin,TR,Willkommen,10,3,Hoşgeldin,9,3,TR,TR/DE
14918,Republik'de,MIXED,Republik,8,3,Cumhuriyet,10,4,DE,DE
14923,und,DE,und,3,1,Ve,2,1,TR,TR/DE
14922,willkommen,DE,willkommen,10,3,Hoş geldin,10,2,TR/DE,TR
14916,zentral,DE,zentral,7,2,merkezi,7,3,TR/DE,DE
14924,und,DE,und,3,1,Ve,2,1,TR,TR/DE
14922,anlamına,TR,bedeutet,8,3,anlamına,8,4,TR/DE,DE
14901,Wermacht'tan,MIXED,Wermacht'tan,12,2,Wermacht'tan,12,2,TR/DE,TR/DE
14918,#Stuttgart,DE,#Stuttgart,10,2,#Stuttgart,10,2,TR/DE,TR/DE
14929,IS,DE,IS,2,1,IS,2,1,TR/DE,TR/DE
14925,Arbeitslos,DE,Arbeitslos,10,3,İşsiz,5,2,TR,TR
14924,top,LANG3,Spitze,6,2,tepe,4,2,TR,TR/DE
14930,bitter,DE,bitter,6,2,acı,3,2,TR,TR/DE
14932,yani,TR,Also,4,2,yani,4,2,TR/DE,TR/DE
14933,derler,TR,sagen sie,9,2,derler,6,2,TR,TR/DE
14933,için,TR,für,3,1,için,4,2,DE,DE
14931,hoffnung,DE,hoffnung,8,2,umut,4,2,TR,TR/DE
14907,ayarlamakla,TR,durch Anpassen,14,3,ayarlamakla,11,5,TR,DE
14926,dondurmalı,TR,mit Eis,7,1,dondurmalı,10,4,DE,DE
14916,maturanın,MIXED,der Matura,10,3,maturanın,9,4,TR,DE
14934,nerede,TR,Wo,2,1,nerede,6,3,DE,DE
14935,isimli,TR,namens,6,2,isimli,6,3,TR/DE,DE
14918,oturabilme,TR,Fähigkeit zu sitzen,19,3,oturabilme,10,5,TR,DE
14922,Poldi,DE,Poldi,5,2,Poldi,5,2,TR/DE,TR/DE
14924,blus,TR,Blus,4,1,blus,4,1,TR/DE,TR/DE
14925,gezebildim,TR,Ich konnte reisen,17,3,gezebildim,10,4,TR,DE
14935,halen,TR,momentan,8,3,halen,5,2,TR,TR
14936,method,DE,method,6,2,yöntem,6,2,TR/DE,TR/DE
14936,struktur,DE,struktur,8,2,yapı,4,2,TR,TR/DE
14937,auftrag,DE,auftrag,7,2,emir,4,2,TR,TR/DE
14934,requiemi,MIXED,ausruhen,8,2,dinlenmek,9,3,DE,DE
14939,Süd,DE,Süd,3,1,Güney,5,2,DE,DE
14935,Technologie'de,MIXED,Technologie,11,4,Teknoloji,9,4,TR,TR/DE
14937,edilen,TR,gemacht,7,2,edilen,6,3,TR,DE
14930,tarifine,TR,zum Rezept,10,2,tarifine,8,4,TR,DE
14934,Almanlık/Almanca,TR,Deutsch/Deutsch,15,1,Almanlık/Almanca,16,5,DE,DE
14941,derler,TR,sagen sie,9,2,derler,6,2,TR,TR/DE
14934,Requiem'in,MIXED,Requiem'in,10,2,Requiem'in,10,1,TR/DE,TR
14940,#adalet,TR,#Gerechtigkeit,14,4,#adalet,7,3,TR,TR
14942,BEHINDERT,DE,BEHINDERT,9,2,ENGELLİ,7,3,TR,DE
14940,online,LANG3,online,6,3,çevrimiçi,9,4,DE,DE
14943,BEHINDERT,DE,BEHINDERT,9,2,ENGELLİ,7,3,TR,DE
14936,gelistirmis,TR,entwickelt,10,3,gelistirmis,11,4,DE,DE
14936,olusturdugunu,TR,erstellt von,12,2,olusturdugunu,13,6,DE,DE
14941,kopfkino,DE,kopfkino,8,3,kafa sineması,13,5,DE,DE
14937,direkt,DE,direkt,6,2,doğrudan,8,3,DE,DE
14942,BIR,TR,EINS,4,1,BIR,3,1,TR,TR/DE
14945,özel,TR,besonders,9,3,özel,4,2,TR,TR
14942,TIR,TR,LKW,3,1,TIR,3,1,TR/DE,TR/DE
14945,diye,TR,Sprichwort,10,2,diye,4,2,TR,TR/DE
14943,TIR,TR,LKW,3,1,TIR,3,1,TR/DE,TR/DE
14943,BIR,TR,EINS,4,1,BIR,3,1,TR,TR/DE
14945,gemüse,DE,gemüse,6,3,sebze,5,2,TR,TR
14944,göreve,TR,im Dienst,9,1,göreve,6,3,TR,DE
14948,liebling,DE,liebling,8,2,Canım,5,2,TR,TR/DE
14950,perfekt,DE,perfekt,7,2,mükemmel,8,3,DE,DE
14951,hoca,TR,Lehrer,6,2,hoca,4,2,TR,TR/DE
14952,aslında,TR,Eigentlich,10,3,aslında,7,3,TR,TR/DE
14937,universiteye,TR,zur Universität,15,5,universiteye,12,6,TR,DE
14952,olduğunu,TR,Ist,3,1,olduğunu,8,4,DE,DE
14953,doçlantta,MIXED,beim Associate,14,4,doçlantta,9,3,TR,TR
14953,hep,TR,stets,5,1,hep,3,1,TR,TR/DE
14952,Waffen,DE,Waffen,6,2,Silahlar,8,3,DE,DE
14939,tribünü,TR,Tribun,6,2,tribünü,7,3,DE,DE
14949,olucaktı,TR,würde passieren,15,4,olucaktı,8,4,TR,TR/DE
14952,Mario,LANG3,Mario,5,2,Mario,5,2,TR/DE,TR/DE
14953,Schokolade,DE,Schokolade,10,4,Çikolata,8,4,TR,TR/DE
14953,sürüp,TR,Sirup,5,2,sürüp,5,2,TR/DE,TR/DE
14953,entlang,DE,entlang,7,2,birlikte,8,3,DE,DE
14954,yi,TR,Gut,3,1,yi,2,1,TR,TR/DE
14953,kompreß,DE,kompreß,7,2,kompres,7,2,TR/DE,TR/DE
14954,ironie,DE,ironie,6,3,ironi,5,3,TR,TR/DE
14956,ARSCHLOCH,DE,ARSCHLOCH,9,2,PİSLİK,6,2,TR,TR/DE
14956,der,TR,sagt,4,1,der,3,1,TR,TR/DE
14947,emredecek,TR,Werde bestellen,15,4,emredecek,9,4,TR,TR/DE
14957,bi,TR,Bi,2,1,bi,2,1,TR/DE,TR/DE
14956,mario,LANG3,Mario,5,2,Mario,5,2,TR/DE,TR/DE
14948,schwestama,MIXED,schwestama,10,3,kız kardeş anne,15,3,DE,TR/DE
14957,detektiv,DE,detektiv,8,3,dedektif,8,3,TR/DE,TR/DE
14959,diye,TR,Sprichwort,10,2,diye,4,2,TR,TR/DE
14958,hayattan,TR,aus dem Leben,13,2,hayattan,8,3,TR,DE
14942,HITLERDEN,MIXED,VON HITLER,10,2,HITLERDEN,9,3,TR,DE
14945,Vegy'lere,MIXED,Chemikalien,11,4,Kimyasallar,11,4,TR/DE,TR/DE
14960,a,TR,A,1,1,a,1,1,TR/DE,TR/DE
14960,de,TR,Auch,4,1,de,2,1,TR,TR/DE
14953,yapıyos,TR,Du tust,7,1,yapıyos,7,3,TR/DE,DE
14959,Nazi,DE,Nazi,4,2,Nazi,4,2,TR/DE,TR/DE
14960,schloss,DE,schloss,7,1,kilit,5,2,TR,DE
14962,Partei,DE,Partei,6,2,parti,5,2,TR,TR/DE
14961,ta,TR,ta,2,1,ta,2,1,TR/DE,TR/DE
14964,tribünü,TR,Tribun,6,2,tribünü,7,3,DE,DE
14953,ağsımısa,TR,wenn es retikuliert ist,23,4,ağsımısa,8,4,TR,TR/DE
14955,dolmabahçede,TR,in Dolmabahçe,13,3,dolmabahçede,12,5,TR,DE
14959,asacağız,TR,wir werden hängen,17,3,asacağız,8,4,TR,DE
14966,hacı,TR,Pilger,6,2,hacı,4,2,TR,TR/DE
14963,Partei,DE,Partei,6,2,parti,5,2,TR,TR/DE
14966,hiç,TR,keiner,6,2,hiç,3,1,TR,TR
14943,HITLERDEN,MIXED,VON HITLER,10,2,HITLERDEN,9,3,TR,DE
14963,CHP,TR,BHKW,4,1,CHP,3,1,TR,TR/DE
14966,bier,DE,bier,4,1,bira,4,2,TR/DE,DE
14965,Bibel,DE,Bibel,5,2,İncil,5,2,TR/DE,TR/DE
14968,sozial,DE,sozial,6,2,sosyal,6,2,TR/DE,TR/DE
14968,yere,TR,zu Boden,8,2,yere,4,2,TR,TR/DE
14968,sozialstaat,DE,sozialstaat,11,3,refah devleti,13,4,DE,DE
14970,da,TR,In,2,1,da,2,1,TR/DE,TR/DE
14971,tribünü,TR,Tribun,6,2,tribünü,7,3,DE,DE
14969,denilen,TR,angerufen,9,4,denilen,7,3,TR,TR
14973,ı,TR,ich,3,1,ı,1,1,TR,TR/DE
14974,edilen,TR,gemacht,7,2,edilen,6,3,TR,DE
14959,marşları,TR,Hymnen,6,2,marşları,8,3,DE,DE
14970,stau,DE,stau,4,1,reçel,5,2,DE,DE
14976,gibi,TR,wie,3,1,gibi,4,2,DE,DE
14970,bölgesinde,TR,in der Region,13,2,bölgesinde,10,4,TR,DE
14975,Antik,DE,Antik,5,2,Antika,6,3,DE,DE
14965,çarpsın,TR,Lass es krachen,15,2,çarpsın,7,2,TR,TR/DE
14976,heimatland,DE,heimatland,10,3,vatan,5,2,TR,TR
14981,ya,TR,entweder,8,3,ya,2,1,TR,TR
14977,übersetzung,DE,übersetzung,11,4,çeviri,6,3,TR,TR
14982,altı,TR,sechs,5,1,altı,4,2,TR,DE
14976,be,TR,Sei,3,1,be,2,1,TR,TR/DE
14982,yazdım,TR,Ich habe geschrieben,20,4,yazdım,6,2,TR,TR
14962,binasina,TR,zum Gebäude,11,3,binasina,8,4,TR,DE
14983,çiğ,TR,Lawine,6,3,çiğ,3,1,TR,TR
14980,izle,TR,betrachten,10,3,izle,4,2,TR,TR
14964,taraftarlarına,TR,an eure Unterstützer,20,5,taraftarlarına,14,6,TR,DE
14985,geldi,TR,kam,3,1,geldi,5,2,DE,DE
14984,çiğ,TR,Lawine,6,3,çiğ,3,1,TR,TR
14986,neun,DE,neun,4,1,dokuz,5,2,DE,DE
14987,Ein,DE,Ein,3,1,A,1,1,TR,TR/DE
14987,mi,TR,Ist es,6,1,mi,2,1,TR,TR/DE
14985,Bräu,DE,Bräu,4,1,Demlemek,8,3,DE,DE
14985,Apostel,LANG3,Apostel,7,3,Havari,6,3,TR,TR/DE
14988,diye,TR,Sprichwort,10,2,diye,4,2,TR,TR/DE
14988,Technisch,DE,Technisch,9,2,Teknik olarak,13,4,DE,DE
14989,was,DE,was,3,1,Ne,2,1,TR,TR/DE
14981,weissbier,DE,weissbier,9,2,buğday birası,13,4,DE,DE
14990,arbeiten,DE,arbeiten,8,3,iş,2,1,TR,TR
14970,Ff,DE,Ff,2,1,Ff,2,1,TR/DE,TR/DE
14991,içtik,TR,wir haben getrunken,19,4,içtik,5,2,TR,TR
14959,Stalini,LANG3,Stalin,6,2,stalin,6,2,TR/DE,TR/DE
14986,nine,LANG3,neun,4,1,dokuz,5,2,DE,DE
14991,absolut,DE,absolut,7,3,kesinlikle,10,4,DE,DE
14992,Wodka,DE,Wodka,5,2,votka,5,2,TR/DE,TR/DE
14975,Yunan’daki,TR,auf Griechisch,14,2,Yunan’daki,10,3,TR,DE
14972,tribününden,TR,von der Tribüne,15,3,tribününden,11,4,TR,DE
14992,fazla,TR,mehr,4,1,fazla,5,2,DE,DE
14993,AUSSERE,DE,AUSSERE,7,3,DIŞ,3,1,TR,TR
14994,bir,TR,Eins,4,1,bir,3,1,TR,TR/DE
14994,yada,TR,oder,4,2,yada,4,2,TR/DE,TR/DE
14996,e,TR,Zu,2,1,e,1,1,TR,TR/DE
14982,willlllst,DE,willlllst,9,1,istiyorum,9,4,TR/DE,DE
14997,o,TR,Er,2,1,o,1,1,TR,TR/DE
14989,çıldırıyor,TR,verrückt werden,15,3,çıldırıyor,10,4,TR,DE
14994,Garantie,DE,Garantie,8,3,garanti,7,3,TR,TR/DE
14997,fur,DE,fur,3,1,için,4,2,DE,DE
14996,einkaufen',DE,einkaufen',10,3,alışveriş',10,4,TR/DE,DE
15000,Kloster,DE,Kloster,7,2,manastır,8,3,DE,DE
15001,ziehen,DE,ziehen,6,2,çekmek,6,2,TR/DE,TR/DE
14989,Cenk,TR,Cenk,4,1,Cenk,4,1,TR/DE,TR/DE
14992,Lemon'u,LANG3,Lemon'u,7,2,Lemon'u,7,2,TR/DE,TR/DE
15002,whatsapp,LANG3,WhatsApp,8,2,whatsapp,8,2,TR/DE,TR/DE
14999,GİZ,DE,GİZ,3,1,GİZ,3,1,TR/DE,TR/DE
15000,Third,LANG3,Dritte,6,2,Üçüncü,6,3,TR/DE,DE
15002,icona,MIXED,Symbol,6,2,simge,5,2,TR,TR/DE
15002,yakısıklı,TR,gutaussehend,12,3,yakısıklı,9,4,TR,DE
14994,alsa,TR,alsa,4,2,alsa,4,2,TR/DE,TR/DE
15002,fotoğrafımı,TR,mein Foto,9,2,fotoğrafımı,11,5,DE,DE
15005,mi,TR,Ist es,6,1,mi,2,1,TR,TR/DE
15005,arschloch,DE,arschloch,9,2,Pislik,6,2,TR,TR/DE
14994,patoyu,MIXED,patoyu,6,2,patoyu,6,3,TR/DE,DE
14997,sevmistim,TR,Ich habe es geliebt,19,3,sevmistim,9,3,TR,TR/DE
15008,yine,TR,wieder,6,2,yine,4,2,TR,TR/DE
15008,verlassen,DE,verlassen,9,3,ayrılmak,8,3,TR,TR/DE
15008,düşer,TR,fällt,5,1,düşer,5,2,TR/DE,DE
15008,gibi,TR,wie,3,1,gibi,4,2,DE,DE
15008,yine,TR,wieder,6,2,yine,4,2,TR,TR/DE
15008,Scheiße,DE,Scheiße,7,2,bok,3,1,TR,TR
15008,çekmek,TR,ziehen,6,2,çekmek,6,2,TR/DE,TR/DE
15009,kopfkino,DE,kopfkino,8,3,kafa sineması,13,5,DE,DE
15009,yaptım,TR,Das habe ich getan,18,3,yaptım,6,2,TR,TR
15006,Ausländer,DE,Ausländer,9,3,Yabancı,7,3,TR,TR/DE
15007,resmen,TR,offiziell,9,3,resmen,6,2,TR,TR
15012,ve,TR,Und,3,1,ve,2,1,TR,TR/DE
15012,SCHLAMPE,DE,SCHLAMPE,8,2,SÜRTÜK,6,2,TR,TR/DE
14988,bilmemne,TR,Ich weiß nicht,14,1,bilmemne,8,3,TR,DE
15013,ve,TR,Und,3,1,ve,2,1,TR,TR/DE
15010,SCHLAMPER,DE,SCHLAMPER,9,2,SÜRTÜK,6,2,TR,TR/DE
15012,SCHLAMPER,DE,SCHLAMPER,9,2,SÜRTÜK,6,2,TR,TR/DE
15006,nidaları,TR,Ausrufe,7,3,nidaları,8,4,DE,DE
15014,tribününden,TR,von der Tribüne,15,3,tribününden,11,4,TR,DE
15004,dediğimiz,TR,was wir nennen,14,2,dediğimiz,9,4,TR,DE
15003,dediğimiz,TR,was wir nennen,14,2,dediğimiz,9,4,TR,DE
15015,praktikant,DE,praktikant,10,3,stajyer,7,2,TR,TR
15003,FREMDEN,DE,FREMDEN,7,2,YABANCILAR,10,4,DE,DE
15004,FREMDEN,DE,FREMDEN,7,2,YABANCILAR,10,4,DE,DE
15017,ich,DE,ich,3,1,BEN,3,1,TR/DE,TR/DE
15003,FREMDEN,DE,FREMDEN,7,2,YABANCILAR,10,4,DE,DE
15018,Süd,DE,Süd,3,1,Güney,5,2,DE,DE
15015,arıyorum,TR,Ich suche,9,2,arıyorum,8,4,TR,DE
15016,rüya,TR,Traum,5,1,rüya,4,2,TR,DE
15012,kelimelerinin,TR,deiner Worte,12,3,kelimelerinin,13,6,DE,DE
15017,mc,LANG3,mc,2,1,mc,2,1,TR/DE,TR/DE
15023,tribünü,TR,Tribun,6,2,tribünü,7,3,DE,DE
15019,öylesin😍machst,MIXED,öylesin😍machst,14,3,öylesin😍do,10,3,TR,TR/DE
15024,simdi,TR,Jetzt,5,1,simdi,5,2,TR/DE,DE
15013,spiegel'in,MIXED,spiegel'in,10,2,aynanın içinde,14,5,DE,DE
15024,yani,TR,Also,4,2,yani,4,2,TR/DE,TR/DE
15014,Dortmund,DE,Dortmund,8,2,Dortmund,8,2,TR/DE,TR/DE
15025,simdi,TR,Jetzt,5,1,simdi,5,2,TR/DE,DE
15019,guuuutttt,DE,guuuutttt,9,1,guuuuttt,8,1,TR,TR/DE
15025,yani,TR,Also,4,2,yani,4,2,TR/DE,TR/DE
15025,FiSCH,DE,FiSCH,5,1,Balık,5,2,TR/DE,DE
15024,FiSCH,DE,FiSCH,5,1,Balık,5,2,TR/DE,DE
15026,konkurrenz,DE,konkurrenz,10,3,yarışma,7,3,TR,TR/DE
15017,basmışlığım,TR,mein Schwarm,12,1,basmışlığım,11,4,TR,DE
15017,Fikirtepe,TR,Fikirtepe,9,4,Fikirtepe,9,4,TR/DE,TR/DE
15013,yazilarini,TR,Deine Schriften,15,3,yazilarini,10,5,TR,DE
15020,birliğinden,TR,aus der Gewerkschaft,20,3,birliğinden,11,4,TR,DE
15027,DEUTSCHE,DE,DEUTSCHE,8,2,ALMANCA,7,3,TR,DE
15029,oldu,TR,passiert,8,2,oldu,4,2,TR,TR/DE
15030,gibt,DE,gibt,4,1,verir,5,2,DE,DE
15027,Tarafından,TR,Von,3,1,Tarafından,10,4,DE,DE
15031,gazetesi,TR,Zeitung,7,2,gazetesi,8,4,DE,DE
15028,Terör,TR,Terror,6,2,Terör,5,2,TR,TR/DE
15033,benim,TR,Meins,5,1,benim,5,2,TR/DE,DE
15027,hastanede,TR,im Krankenhaus,14,3,hastanede,9,4,TR,DE
15034,falan,TR,wie,3,1,falan,5,2,DE,DE
15035,Süd,DE,Süd,3,1,Güney,5,2,DE,DE
15027,Mobil,DE,Mobil,5,2,Mobil,5,2,TR/DE,TR/DE
15025,Großkott,DE,Großkott,8,2,Grosskott,9,2,DE,TR/DE
15036,Süd,DE,Süd,3,1,Güney,5,2,DE,DE
15024,Großkott,DE,Großkott,8,2,Grosskott,9,2,DE,TR/DE
15037,liebling,DE,liebling,8,2,Canım,5,2,TR,TR/DE
15038,derken,TR,während ich sage,16,3,derken,6,2,TR,TR
15040,hadi,TR,Aufleuchten,11,3,hadi,4,2,TR,TR
15034,süchtig,DE,süchtig,7,2,bağımlı,7,3,TR/DE,DE
15029,klick,DE,klick,5,1,tıklamak,8,3,DE,DE
15041,yani,TR,Also,4,2,yani,4,2,TR/DE,TR/DE
15042,siyah,TR,Schwarz,7,1,siyah,5,2,TR,DE
15043,ZİEL,DE,ZİEL,4,1,AMAÇ,4,2,TR/DE,DE
15043,onu,TR,ihn,3,1,onu,3,2,TR/DE,DE
15026,mantiken,TR,logisch,7,2,mantiken,8,3,DE,DE
15041,rocks,LANG3,Felsen,6,2,kayalar,7,3,DE,DE
15044,antrag,DE,antrag,6,2,başvuru,7,3,DE,DE
15018,tribünün,TR,der Tribüne,11,3,tribünün,8,3,TR,TR/DE
15035,tribününde,TR,auf der Tribüne,15,3,tribününde,10,4,TR,DE
15041,okulları,TR,Schulen,7,2,okulları,8,4,DE,DE
15045,schreiben,DE,schreiben,9,2,yazmak,6,2,TR,TR/DE
15045,geliyor,TR,kommt,5,1,geliyor,7,3,DE,DE
15045,dann,DE,dann,4,1,Daha sonra,10,3,DE,DE
15036,Stadyumunda,TR,im Stadion,10,2,Stadyumunda,11,4,DE,DE
15044,gidecen,TR,du wirst gehen,14,1,gidecen,7,3,TR,DE
15036,Tribünü,TR,Tribun,6,2,Tribünü,7,3,DE,DE
15046,Alman,TR,Deutsch,7,1,Alman,5,2,TR,DE
15032,NAZİONAL,DE,NAZİONAL,8,3,NAZİONAL,8,3,TR/DE,TR/DE
15046,ile,TR,mit,3,1,ile,3,2,TR/DE,DE
15044,ausfullen,DE,ausfullen,9,3,doldur,6,2,TR,TR
15032,Kapatılmazken,TR,Während nicht geschlossen,25,4,Kapatılmazken,13,5,TR,DE
15045,kendini,TR,selbst,6,1,kendini,7,3,DE,DE
15044,iceri,TR,In,2,1,iceri,5,3,DE,DE
15049,gazetesi,TR,Zeitung,7,2,gazetesi,8,4,DE,DE
15050,willkommen,DE,willkommen,10,3,Hoş geldin,10,2,TR/DE,TR
15051,Führer,DE,Führer,6,2,Lider,5,2,TR,TR/DE
15048,saat,TR,Stunde,6,2,saat,4,1,TR,TR
15052,profi,DE,profi,5,2,profesyonel,11,4,DE,DE
15046,Timi,DE,Timi,4,2,Timi,4,2,TR/DE,TR/DE
15045,abmeldrm,DE,abmeldrm,8,2,oturumu kapat,13,5,DE,DE
15053,Hitler,DE,Hitler,6,2,Hitler,6,2,TR/DE,TR/DE
15053,videosunu,TR,das Video,9,2,videosunu,9,4,TR/DE,DE
15053,Der,DE,Der,3,1,,0,0,TR,TR
15044,rathausa,MIXED,rathausa,8,3,Rathausa,8,3,TR/DE,TR/DE
15054,var,TR,Es gibt,7,1,var,3,1,TR,TR/DE
15048,Jungfernstieg,DE,Jungfernstieg,13,3,Jungfernstieg,13,3,TR/DE,TR/DE
15053,izlemek,TR,zu beobachten,13,3,izlemek,7,3,TR,TR/DE
15056,da,TR,In,2,1,da,2,1,TR/DE,TR/DE
15057,ve,TR,Und,3,1,ve,2,1,TR,TR/DE
15048,Flaggenplatz’da,MIXED,Flaggenplatz’da,15,3,Bayrak Meydanı orada,20,6,DE,DE
15044,alacan,TR,Alacan,6,3,alacan,6,3,TR/DE,TR/DE
15045,ediyon,TR,Ausgabe,7,3,ediyon,6,3,TR,TR/DE
15048,çapında,TR,im Durchmesser,14,3,çapında,7,3,TR,TR/DE
15052,değiştirseydin,TR,wenn du dich verändert hast,27,3,değiştirseydin,14,5,TR,DE
15059,Türkçe,TR,Türkisch,8,2,Türkçe,6,2,TR,TR/DE
15055,entschuldigung,DE,entschuldigung,14,4,mazeret,7,3,TR,TR
15051,sahnesindeyim,TR,Ich stehe auf der Bühne,23,2,sahnesindeyim,13,5,TR,DE
15060,Kopie,DE,Kopie,5,2,kopyala,7,3,DE,DE
15055,şo,TR,sho,3,1,şo,2,1,TR,TR/DE
15054,Reisen,DE,Reisen,6,2,Seyahat,7,3,DE,DE
15059,historische,DE,historische,11,4,tarihsel,8,3,TR,TR
15060,hakkinda,TR,um,2,1,hakkinda,8,3,DE,DE
15062,üzerine,TR,über,4,2,üzerine,7,4,DE,DE
15063,ich,DE,ich,3,1,BEN,3,1,TR/DE,TR/DE
15064,Führer,DE,Führer,6,2,Lider,5,2,TR,TR/DE
15063,kıyamam,TR,Ich kann es nicht ertragen,26,3,kıyamam,7,3,TR,TR/DE
15065,yani,TR,Also,4,2,yani,4,2,TR/DE,TR/DE
15066,Frankfurter,DE,Frankfurter,11,3,Frankfurter,11,3,TR/DE,TR/DE
15060,yapilip,TR,Erledigt,8,3,yapilip,7,3,TR,TR/DE
15064,efendi,TR,Master,6,2,efendi,6,3,TR/DE,DE
15063,frohes,DE,frohes,6,1,mutlu,5,2,TR,DE
15066,yazısının,TR,des Artikels,12,3,yazısının,9,4,TR,DE
15067,dediği,TR,was er gesagt hat,17,2,dediği,6,3,TR,DE
15069,a,TR,A,1,1,a,1,1,TR/DE,TR/DE
15068,Konferenz,DE,Konferenz,9,3,konferans,9,3,TR/DE,TR/DE
15070,er,DE,er,2,1,O,1,1,TR,TR/DE
15063,Fatma,TR,Fatma,5,2,Fatma,5,2,TR/DE,TR/DE
15058,Soslu,TR,mit Soße,8,2,Soslu,5,2,TR,TR/DE
15058,Case,LANG3,Fall,4,1,Dava,4,2,TR/DE,DE
15071,aliskanlik,TR,Gewohnheit,10,3,aliskanlik,10,4,TR/DE,DE
15073,Deutsches,DE,Deutsches,9,2,Almanca,7,3,TR,DE
15070,sempatizanları,TR,Sympathisanten,14,5,sempatizanları,14,6,TR/DE,DE
15073,hiçbir,TR,NEIN,4,1,hiçbir,6,2,DE,DE
15071,yummy,LANG3,lecker,6,2,lezzetli,8,3,DE,DE
15068,olaydı,TR,es war das Ereignis,19,3,olaydı,6,3,TR,TR/DE
15072,Bundeswehr,DE,Bundeswehr,10,3,Bundeswehr,10,3,TR/DE,TR/DE
15076,Ausbildung,DE,Ausbildung,10,3,Eğitim,6,3,TR,TR/DE
15058,Cake'te,MIXED,Kuchen,6,2,Pasta,5,2,TR,TR/DE
15077,jetzt,DE,jetzt,5,1,Şimdi,5,2,TR/DE,DE
15074,spanisch,DE,spanisch,8,2,İspanyol,8,3,TR/DE,DE
15075,ruhu,TR,Geist,5,1,ruhu,4,2,TR,DE
15066,Allgemeine'deki,MIXED,im Allgemeinen,14,4,Allgemeine'deki,15,5,DE,DE
15080,Führer,DE,Führer,6,2,Lider,5,2,TR,TR/DE
15078,ICH,DE,ICH,3,1,BEN,3,1,TR/DE,TR/DE
15078,ifadesi,TR,Ausdruck,8,2,ifadesi,7,4,TR,DE
15081,ve,TR,Und,3,1,ve,2,1,TR,TR/DE
15072,askeri,TR,Militär,7,3,askeri,6,3,TR,TR/DE
15058,Brötchen,DE,Brötchen,8,2,Ekmek ruloları,14,5,DE,DE
15079,Karşı,TR,Gegenteil,9,3,Karşı,5,2,TR,TR
15081,içinde,TR,innen,5,2,içinde,6,3,DE,DE
15086,diye,TR,Sprichwort,10,2,diye,4,2,TR,TR/DE
15086,Nazi,DE,Nazi,4,2,Nazi,4,2,TR/DE,TR/DE
15081,ERNST,DE,ERNST,5,1,CİDDEN,6,2,DE,DE
15084,olma,TR,Sein,4,1,olma,4,2,TR/DE,DE
15086,selamı,TR,Hallo,5,2,selamı,6,3,DE,DE
15086,HEİL,DE,HEİL,4,1,SAĞ SALİM,9,2,DE,DE
15076,icin,TR,für,3,1,icin,4,2,DE,DE
15090,ve,TR,Und,3,1,ve,2,1,TR,TR/DE
15090,pilsen,DE,pilsen,6,2,pilsen,6,2,TR/DE,TR/DE
15089,MEK,DE,MEK,3,1,MEK,3,1,TR/DE,TR/DE
15091,kreativ,DE,kreativ,7,2,yaratıcı,8,4,DE,DE
15090,içerik,TR,Inhalt,6,2,içerik,6,3,TR/DE,DE
15091,mis,TR,mis,3,1,mis,3,1,TR/DE,TR/DE
15060,Googlede,LANG3,Gegoogelt,9,3,Google'da arama yapıldı,23,6,DE,DE
15085,Totti,DE,Totti,5,2,Totti,5,2,TR/DE,TR/DE
15093,du,DE,du,2,1,Sen,3,1,DE,TR/DE
15087,GÖPİNGEN,DE,GÖPİNGEN,8,3,GÖPİNGEN,8,3,TR/DE,TR/DE
15094,olunca,TR,Wann,4,1,olunca,6,3,DE,DE
15092,Gelmek,TR,Zu kommen,9,2,Gelmek,6,2,TR,TR/DE
15094,birinin,TR,jemandes,8,3,birinin,7,3,TR,TR/DE
15082,Google'a,LANG3,Google'a,8,2,Google'a,8,2,TR/DE,TR/DE
15095,olunca,TR,Wann,4,1,olunca,6,3,DE,DE
15087,Würtembergin,MIXED,Würtembergin,12,4,Würtembergin,12,4,TR/DE,TR/DE
15095,birinin,TR,jemandes,8,3,birinin,7,3,TR,TR/DE
15096,Alman,TR,Deutsch,7,1,Alman,5,2,TR,DE
15096,Timi,DE,Timi,4,2,Timi,4,2,TR/DE,TR/DE
15096,Das,DE,Das,3,1,,0,0,TR,TR
15094,objektiv,DE,objektiv,8,3,mercek,6,2,TR,TR
15073,Museum'da,MIXED,Museum'da,9,2,Müze'de,7,2,TR,TR/DE
15098,Frankfurter,DE,Frankfurter,11,3,Frankfurter,11,3,TR/DE,TR/DE
15098,Allgemeine'deki,MIXED,im Allgemeinen,14,4,Allgemeine'deki,15,5,DE,DE
15074,dersinde,TR,in deinem Unterricht,20,4,dersinde,8,3,TR,TR
15097,tan,TR,Dämmerung,9,3,tan,3,1,TR,TR
15099,techniker,DE,techniker,9,3,teknisyen,9,3,TR/DE,TR/DE
15100,vardi,TR,es gab,6,1,vardi,5,2,TR,DE
15092,Fav,LANG3,Fav,3,1,Favori,6,3,DE,DE
15096,adlı,TR,gerichtlich,11,3,adlı,4,2,TR,TR
15098,yorum,TR,Kommentar,9,3,yorum,5,2,TR,TR
15095,objektiv,DE,objektiv,8,3,mercek,6,2,TR,TR
15100,kafe,DE,kafe,4,2,Kahve,5,2,DE,TR/DE
15102,Führer,DE,Führer,6,2,Lider,5,2,TR,TR/DE
15100,fuß,DE,fuß,3,1,ayak,4,2,DE,DE
15101,großartig,DE,großartig,9,3,Harika,6,3,TR,TR/DE
15100,berlin,DE,berlin,6,2,Berlin,6,2,TR/DE,TR/DE
15103,ethik,DE,ethik,5,2,etik,4,2,TR,TR/DE
15092,atsın,TR,lass ihn es werfen,18,2,atsın,5,2,TR,TR/DE
15105,vertrag,DE,vertrag,7,2,sözleşme,8,3,DE,DE
15100,semtinde,TR,im Bezirk,9,2,semtinde,8,3,TR,DE
15104,Video,DE,Video,5,2,video,5,2,TR/DE,TR/DE
15095,cafeden,MIXED,aus dem Café,12,1,cafeden,7,3,TR,DE
15094,cafeden,MIXED,aus dem Café,12,1,cafeden,7,3,TR,DE
15107,daha,TR,mehr,4,1,daha,4,2,TR/DE,DE
15108,die,DE,die,3,1,the,3,1,TR/DE,TR/DE
15106,adına,TR,im Namen von,12,2,adına,5,3,TR,DE
15108,sonra,TR,später,6,2,sonra,5,2,TR,TR/DE
15105,bayram,TR,Feier,5,1,bayram,6,2,DE,DE
15107,termin,DE,termin,6,2,randevu,7,3,DE,DE
15089,gruplarında,TR,in Gruppen,10,2,gruplarında,11,4,DE,DE
15110,Gençler,TR,Jugend,6,2,Gençler,7,2,DE,TR/DE
15100,isminde,TR,im Namen,8,2,isminde,7,3,TR,DE
15105,uzatmasına,TR,verlängern,10,3,uzatmasına,10,5,TR/DE,DE
15119,diye,TR,Sprichwort,10,2,diye,4,2,TR,TR/DE
15108,studie,DE,studie,6,2,çalışmak,8,3,DE,DE
15103,degerlerlerden,TR,aus Werten,10,2,degerlerlerden,14,5,DE,DE
15111,tabiki,TR,Natürlich,9,3,tabiki,6,3,TR,TR/DE
15124,Deutsche,DE,Deutsche,8,2,Almanca,7,3,TR,DE
15124,gazetesi,TR,Zeitung,7,2,gazetesi,8,4,DE,DE
15125,ile,TR,mit,3,1,ile,3,2,TR/DE,DE
15125,foto,DE,foto,4,2,fotoğraf,8,3,DE,DE
15108,lawaai,LANG3,Lärm,4,1,gürültü,7,3,DE,DE
15126,diye,TR,Sprichwort,10,2,diye,4,2,TR,TR/DE
15127,sen,TR,Du,2,1,sen,3,1,DE,TR/DE
15113,genc,TR,Jugend,6,2,genc,4,1,TR,TR
15128,ve,TR,Und,3,1,ve,2,1,TR,TR/DE
15103,bilummûm,LANG3,Ich war glücklich,17,2,mutluydum,9,3,TR,DE
15129,dedim,TR,Ich sagte,9,2,dedim,5,2,TR,TR/DE
15130,Polizei,DE,Polizei,7,3,polis,5,2,TR,TR
15130,diyorum,TR,Ich sage,8,2,diyorum,7,3,TR,DE
15131,die,DE,die,3,1,the,3,1,TR/DE,TR/DE
15112,Gençler,TR,Jugend,6,2,Gençler,7,2,DE,TR/DE
15119,Mindestlohn,DE,Mindestlohn,11,3,Asgari ücret,12,4,DE,DE
15120,vielen,DE,vielen,6,2,birçok,6,2,TR/DE,TR/DE
15128,geste,DE,geste,5,2,jest yapmak,11,2,DE,TR/DE
15129,İCH,DE,İCH,3,1,BEN,3,1,TR/DE,TR/DE
15132,sorge,DE,sorge,5,2,endişeler,9,4,DE,DE
15133,ah,DE,ah,2,1,ah,2,1,TR/DE,TR/DE
15133,gidelim,TR,lass uns gehen,14,1,gidelim,7,3,TR,DE
15133,ya,TR,entweder,8,3,ya,2,1,TR,TR
15133,verir,TR,gibt,4,1,verir,5,2,DE,DE
15133,kaufene,MIXED,kaufene,7,3,satın almak,11,3,DE,TR/DE
15105,pierch,DE,pierch,6,1,iskele,6,3,TR/DE,DE
15135,Bibliothek,DE,Bibliothek,10,3,kütüphane,9,4,TR,DE
15135,benim,TR,Meins,5,1,benim,5,2,TR/DE,DE
15125,atcam,TR,Ich werde werfen,16,3,atcam,5,2,TR,TR
15122,yerken,TR,beim Essen,10,2,yerken,6,2,TR,TR/DE
15136,KOMMEN,DE,KOMMEN,6,2,GELMEK,6,2,TR/DE,TR/DE
15121,oldugunu,TR,Ist,3,1,oldugunu,8,4,DE,DE
15138,Waffen,DE,Waffen,6,2,Silahlar,8,3,DE,DE
15137,acryl,DE,acryl,5,2,akrilik,7,3,DE,DE
15138,bağışlayın,TR,verzeihen Sie mir,17,3,bağışlayın,10,4,TR,DE
15138,Waffen,DE,Waffen,6,2,Silahlar,8,3,DE,DE
15134,beklemekle,TR,durch Warten,12,2,beklemekle,10,4,TR,DE
15134,koşarken,TR,beim Laufen,11,2,koşarken,8,3,TR,DE
15136,YİYELİM,TR,LASST UNS ESSEN,15,2,YİYELİM,7,3,TR,DE
15132,yaptırmış,TR,hatte es gemacht,16,3,yaptırmış,9,3,TR,TR/DE
15137,camından,TR,aus dem Glas,12,1,camından,8,3,TR,DE
15138,seçin,TR,wählen,6,2,seçin,5,2,TR,TR/DE
15139,cevap,TR,Antwort,7,2,cevap,5,2,TR,TR/DE
15142,doğru,TR,WAHR,4,1,doğru,5,2,DE,DE
15139,(domuzcuk),TR,(Schweinchen),13,2,(domuzcuk),10,3,TR,DE
15134,maximali,MIXED,maximali,8,4,maksimum,8,3,TR/DE,TR
15133,oyro,DE,oyro,4,2,oyro,4,2,TR/DE,TR/DE
15144,ethik,DE,ethik,5,2,etik,4,2,TR,TR/DE
15143,Agentura,MIXED,Agentur,7,3,Ajans,5,2,TR,TR
15144,yok,TR,NEIN,4,1,yok,3,1,TR,TR/DE
15141,Show,DE,Show,4,1,göstermek,9,3,DE,DE
15145,ve,TR,Und,3,1,ve,2,1,TR,TR/DE
15146,ve,TR,Und,3,1,ve,2,1,TR,TR/DE
15147,ya,TR,entweder,8,3,ya,2,1,TR,TR
15143,yazı,TR,Schreiben,9,2,yazı,4,2,TR,TR/DE
15133,autobandan,MIXED,Autobandan,10,4,otobanda,8,4,TR,TR/DE
15138,SS'e,MIXED,SS'e,4,1,SS'e,4,1,TR/DE,TR/DE
15145,kloster,DE,kloster,7,2,manastır,8,3,DE,DE
15148,jawohl,DE,jawohl,6,2,evet gerçekten,14,4,DE,DE
15152,kollektiv,DE,kollektiv,9,3,kolektif,8,3,TR,TR/DE
15150,sevgili,TR,geliebten,9,3,sevgili,7,3,TR,TR/DE
15151,Vielen,DE,Vielen,6,2,Birçok,6,2,TR/DE,TR/DE
15153,bizde,TR,wir haben,9,2,bizde,5,2,TR,TR/DE
15153,deko,DE,deko,4,2,dekorasyon,10,4,DE,DE
15154,klagen,DE,klagen,6,2,şikayet etmek,13,4,DE,DE
15139,sorulmuş,TR,fragte,6,2,sorulmuş,8,3,DE,DE
15148,sesleri,TR,Geräusche,9,3,sesleri,7,3,TR,TR/DE
15144,degerlerini,TR,ihre Werte,10,3,degerlerini,11,5,DE,DE
15156,var,TR,Es gibt,7,1,var,3,1,TR,TR/DE
15139,Wikipedia'dan,MIXED,Wikipedia'und,13,4,Vikipedi've,11,4,TR,TR/DE
15157,Haus,DE,Haus,4,1,Ev,2,1,TR,TR/DE
15143,DPA,DE,DPA,3,1,DPA,3,1,TR/DE,TR/DE
15138,SS'i,MIXED,SS'i,4,1,SS'i,4,1,TR/DE,TR/DE
15158,spanisch,DE,spanisch,8,2,İspanyol,8,3,TR/DE,DE
15148,yatılıları,TR,Internatsschüler,16,5,yatılıları,10,5,TR,TR/DE
15157,som,TR,solide,6,3,som,3,1,TR,TR
15159,Rostfrei,DE,Rostfrei,8,2,Paslanmaz,9,3,DE,DE
15160,dediler,TR,sagten sie,10,2,dediler,7,3,TR,DE
15156,sağında,TR,rechts,6,1,sağında,7,3,DE,DE
15158,anlattı,TR,erzählt,7,2,anlattı,7,3,TR/DE,DE
15156,subayları,TR,Offiziere,9,4,subayları,9,4,TR/DE,TR/DE
15162,yerine,TR,an seiner Stelle,16,3,yerine,6,3,TR,TR/DE
15157,Goering'in,MIXED,Göring'in,9,2,Goering'in,10,2,DE,TR/DE
15161,wasser,DE,wasser,6,2,su,2,1,TR,TR
15156,Hans,DE,Hans,4,1,Hanlar,6,2,DE,DE
15163,derneği,TR,Verein,6,2,derneği,7,3,DE,DE
15164,ile,TR,mit,3,1,ile,3,2,TR/DE,DE
15164,foto,DE,foto,4,2,fotoğraf,8,3,DE,DE
15152,performansında,TR,in deiner Leistung,18,3,performansında,14,5,TR,DE
15162,schwanz,DE,schwanz,7,1,kuyruk,6,2,TR,DE
15154,yapmasınlar,TR,"lass es nicht zu, dass sie es tun",33,1,yapmasınlar,11,4,TR,DE
15164,atacağım,TR,Ich werde werfen,16,3,atacağım,8,4,TR,DE
15166,Türkçe,TR,Türkisch,8,2,Türkçe,6,2,TR,TR/DE
15167,mein,DE,mein,4,1,Benim,5,2,DE,DE
15168,ethik,DE,ethik,5,2,etik,4,2,TR,TR/DE
15169,Allgemeine'nin,MIXED,Allgemeine'nin,14,4,Generalin,9,4,TR,TR/DE
15157,Kunst'un,MIXED,Kunst'un,8,1,Art'un,6,1,TR,TR/DE
15170,alles,DE,alles,5,2,her şey,7,1,DE,TR
15165,apokalypse,DE,apokalypse,10,5,Kıyamet,7,3,TR,TR
15169,#mülteci,TR,#Flüchtling,11,2,#mülteci,8,3,TR,DE
15170,otel,TR,Hotel,5,2,otel,4,2,TR,TR/DE
15172,Bestseller,DE,Bestseller,10,3,En çok satan kitap,18,3,DE,TR/DE
15172,i,TR,ich,3,1,i,1,1,TR,TR/DE
15172,Jenny,DE,Jenny,5,2,Jenny,5,1,TR/DE,TR
15163,Thule,DE,Thule,5,2,Thule,5,2,TR/DE,TR/DE
15173,extrem,DE,extrem,6,2,aşırı,5,3,TR,DE
15158,hausübumgu,MIXED,hausübumgu,10,4,hausubumgu,10,4,TR/DE,TR/DE
15163,#RTHY,LANG3,#RTHY,5,1,#RTHY,5,1,TR/DE,TR/DE
15174,sesleri,TR,Geräusche,9,3,sesleri,7,3,TR,TR/DE
15172,in,TR,von,3,1,in,2,1,TR,TR/DE
15174,disco,DE,disco,5,2,disko,5,2,TR/DE,TR/DE
15172,Gehen,DE,Gehen,5,1,Gitmek,6,2,DE,DE
15173,öneri,TR,Anregung,8,3,öneri,5,3,TR,TR/DE
15176,Führer,DE,Führer,6,2,Lider,5,2,TR,TR/DE
15176,en,TR,-am meisten,11,3,en,2,1,TR,TR
15177,führer,DE,führer,6,2,lider,5,2,TR,TR/DE
15177,gibi,TR,wie,3,1,gibi,4,2,DE,DE
15178,ve,TR,Und,3,1,ve,2,1,TR,TR/DE
15175,klassische,DE,klassische,10,3,klasik,6,2,TR,TR
15163,Öncüsü,TR,Pionier,7,2,Öncüsü,6,3,TR,DE
15161,diyince,TR,wenn du sagst,13,1,diyince,7,3,TR,DE
15165,olmamis,TR,ist nicht passiert,18,2,olmamis,7,3,TR,DE
15170,fava,MIXED,Fava,4,2,fava,4,2,TR/DE,TR/DE
15175,şarkı,TR,Lied,4,1,şarkı,5,2,DE,DE
15181,ve,TR,Und,3,1,ve,2,1,TR,TR/DE
15175,Türkisch,DE,Türkisch,8,2,Türkçe,6,2,TR,TR/DE
15179,schlimm,DE,schlimm,7,1,korkunç,7,2,TR/DE,DE
15179,schlimm,DE,schlimm,7,1,korkunç,7,2,TR/DE,DE
15180,almadım,TR,Ich habe es nicht erhalten,26,4,almadım,7,3,TR,TR
15182,alıyorum,TR,Ich nehme,9,2,alıyorum,8,4,TR,DE
15182,ZWEİ,DE,ZWEİ,4,1,İKİ,3,1,TR,TR/DE
15184,ich,DE,ich,3,1,BEN,3,1,TR/DE,TR/DE
15183,Himmel,DE,Himmel,6,2,Cennet,6,2,TR/DE,TR/DE
15182,TWO,LANG3,ZWEI,4,1,İKİ,3,1,TR,TR/DE
15183,parası,TR,Geld,4,1,parası,6,3,DE,DE
15179,deyu,TR,deyu,4,1,deyu,4,2,TR/DE,DE
15164,el'de,TR,in der Hand,11,1,el'de,5,1,TR,TR/DE
15187,ich,DE,ich,3,1,BEN,3,1,TR/DE,TR/DE
15186,traum,DE,traum,5,1,rüya,4,2,TR,DE
15188,termin,DE,termin,6,2,randevu,7,3,DE,DE
15186,hoş,TR,angenehm,8,3,hoş,3,1,TR,TR
15184,dedikçe,TR,wie du sagst,12,1,dedikçe,7,3,TR,DE
15189,yaptık,TR,wir haben es getan,18,3,yaptık,6,2,TR,TR
15188,varya,TR,Warja,5,2,varya,5,2,TR/DE,TR/DE
15180,ideen,DE,ideen,5,2,fikirler,8,3,DE,DE
15189,kalmadı,TR,nicht mehr,10,1,kalmadı,7,3,TR,DE
15189,olmak,TR,zu sein,7,1,olmak,5,2,TR,DE
15189,schlampe,DE,schlampe,8,2,sürtük,6,2,TR,TR/DE
15189,orası,TR,Dort,4,1,orası,5,3,DE,DE
15179,kelimesini,TR,das Wort,8,1,kelimesini,10,5,DE,DE
15189,hadi,TR,Aufleuchten,11,3,hadi,4,2,TR,TR
15189,schlafen,DE,schlafen,8,2,uyumak,6,3,TR,DE
15189,yapcam,TR,Ich werde es tun,16,2,yapcam,6,2,TR,TR/DE
15190,çok,TR,Eine Menge,10,3,çok,3,1,TR,TR
15190,gut,DE,gut,3,1,iyi,3,2,TR/DE,DE
15190,Türkçe,TR,Türkisch,8,2,Türkçe,6,2,TR,TR/DE
15191,stau,DE,stau,4,1,reçel,5,2,DE,DE
15191,var,TR,Es gibt,7,1,var,3,1,TR,TR/DE
15192,termin,DE,termin,6,2,randevu,7,3,DE,DE
15193,weissbier,DE,weissbier,9,2,buğday birası,13,4,DE,DE
15187,yerini,TR,ersetzen,8,3,yerini,6,3,TR,TR/DE
15181,koleksiyonum,TR,meine Sammlung,14,3,koleksiyonum,12,5,TR,DE
15197,olur,TR,Es ist möglich,14,2,olur,4,2,TR,TR/DE
15175,dinlediğim,TR,was ich höre,12,2,dinlediğim,10,4,TR,DE
15189,hangover,LANG3,Kater,5,2,akşamdan kalmalık,17,5,DE,DE
15186,anna'nın,MIXED,Annas,5,2,anna'nın,8,2,DE,TR/DE
15193,içmek,TR,zu trinken,10,2,içmek,5,2,TR,TR/DE
15197,dersin,TR,sagst du,8,1,dersin,6,2,TR,DE
15197,son,TR,zuletzt,7,2,son,3,1,TR,TR
15197,prüfüng,DE,prüfüng,7,2,test,4,1,TR,TR
15197,arbeit,DE,arbeit,6,2,iş,2,1,TR,TR
15199,çiğ,TR,Lawine,6,3,çiğ,3,1,TR,TR
15199,Bastian,DE,Bastian,7,2,Bastian,7,2,TR/DE,TR/DE
15189,iq,DE,iq,2,1,iq,2,1,TR/DE,TR/DE
15189,zo,DE,zo,2,1,yani,4,2,DE,DE
15197,klausur,DE,klausur,7,2,sınav,5,2,TR,TR/DE
15198,komplexe,MIXED,komplexe,8,3,karmaşık,8,3,TR/DE,TR/DE
15198,girmem,TR,Ich werde nicht eintreten,25,4,girmem,6,2,TR,TR
15187,aldığından,TR,weil du es verstanden hast,26,3,aldığından,10,4,TR,DE
15200,Verfassungsschutz,DE,Verfassungsschutz,17,4,Anayasanın Korunması,20,8,DE,DE
15197,bachelor,LANG3,Junggeselle,11,4,üniversite mezunu,17,7,DE,DE
15203,(Bavyera,TR,(Bayern,7,1,(Bavyera,8,3,DE,DE
15189,facetime,LANG3,Facetime,8,4,yüz yüze görüşme,16,4,DE,TR/DE
15199,seviyesinde,TR,auf der Ebene,13,3,seviyesinde,11,5,TR,DE
15204,TERMİN,DE,TERMİN,6,2,TARİH,5,2,TR,TR/DE
15202,hocamıza,TR,an unseren Lehrer,17,4,hocamıza,8,4,TR,TR/DE
15205,Wiedervereinigung,DE,Wiedervereinigung,17,6,yeniden birleşme,16,5,TR,TR
15206,bunu,TR,Das,3,1,bunu,4,2,DE,DE
15209,abi,TR,Bruder,6,2,abi,3,2,TR,TR/DE
15207,MUHTESEM,TR,WUNDERBAR,9,3,MUHTESEM,8,3,TR,TR/DE
15209,Guten,DE,Guten,5,2,İyi,3,1,TR,TR
15200,görüşünü,TR,Deine Meinung,13,3,görüşünü,8,4,TR,DE
15210,Pfannkuchen,DE,Pfannkuchen,11,3,gözleme,7,3,TR,TR/DE
15203,açılımı,TR,steht für,9,1,açılımı,7,4,TR,DE
15197,demeye,TR,zu sagen,8,2,demeye,6,3,TR,DE
15214,okudum,TR,Ich habe gelesen,16,4,okudum,6,3,TR,TR
15215,es,DE,es,2,1,BT,2,1,TR/DE,TR/DE
15201,çalıyor,TR,klingelt,8,2,çalıyor,7,3,TR,DE
15207,KLOSTER,DE,KLOSTER,7,2,MANASTIR,8,3,DE,DE
15216,Katze,DE,Katze,5,2,Kedi,4,2,TR,TR/DE
15219,ethik,DE,ethik,5,2,etik,4,2,TR,TR/DE
15214,Kunst,DE,Kunst,5,1,Sanat,5,2,TR/DE,DE
15217,(anschluss,DE,(anschluss,10,2,(bağlantı,9,3,TR,DE
15221,was,DE,was,3,1,Ne,2,1,TR,TR/DE
15221,diye,TR,Sprichwort,10,2,diye,4,2,TR,TR/DE
15203,Bayerische,DE,Bayerische,10,3,Bavyeralı,9,4,TR,DE
15222,al,TR,Nimm es,7,1,al,2,1,TR,TR/DE
15222,Termin,DE,Termin,6,2,Randevu,7,3,DE,DE
15222,var,TR,Es gibt,7,1,var,3,1,TR,TR/DE
15223,Termin,DE,Termin,6,2,Randevu,7,3,DE,DE
15223,al,TR,Nimm es,7,1,al,2,1,TR,TR/DE
15212,oyandım,TR,Ich spielte,11,2,oyandım,7,3,TR,DE
15223,var,TR,Es gibt,7,1,var,3,1,TR,TR/DE
15215,diyebiliyorum,TR,Das kann ich sagen,18,2,diyebiliyorum,13,6,TR,DE
15211,Tümeni,TR,Division,8,3,Tümeni,6,3,TR,TR/DE
15225,ethik,DE,ethik,5,2,etik,4,2,TR,TR/DE
15211,Tiger,DE,Tiger,5,2,kaplan,6,2,DE,TR/DE
15226,yap,TR,Tun,3,1,yap,3,1,TR/DE,TR/DE
15225,anlayışı,TR,Verständnis,11,3,anlayışı,8,4,TR,DE
15204,VERMEYECEĞİM,TR,Ich werde nicht geben,21,3,VERMEYECEĞİM,12,5,TR,DE
15219,bozukluğunuzu,TR,Ihre Störung,12,3,bozukluğunuzu,13,6,DE,DE
15226,gel,TR,kommen,6,2,gel,3,1,TR,TR
15211,tankının,TR,des Tanks,9,1,tankının,8,3,TR,DE
15226,jazz,LANG3,Jazz,4,1,caz,3,1,TR,TR/DE
15229,auto,DE,auto,4,2,araba,5,3,DE,DE
15224,yansıdı,TR,reflektiert,11,3,yansıdı,7,3,TR,TR/DE
15230,de,TR,Auch,4,1,de,2,1,TR,TR/DE
15220,Deutsch'u,TR,Deutsch,7,1,Deutsch'u,9,1,DE,TR/DE
15230,de,TR,Auch,4,1,de,2,1,TR,TR/DE
15231,ve,TR,Und,3,1,ve,2,1,TR,TR/DE
15232,war,DE,war,3,1,öyleydi,7,3,DE,DE
15226,türü,TR,Typ,3,1,türü,4,2,DE,DE
15226,schotch,DE,schotch,7,1,viski,5,2,TR,DE
15233,adlı,TR,gerichtlich,11,3,adlı,4,2,TR,TR
15234,iyi,TR,Gut,3,1,iyi,3,2,TR/DE,DE
15233,kara,TR,Schwarz,7,1,kara,4,2,TR,DE
15234,de,TR,Auch,4,1,de,2,1,TR,TR/DE
15235,entschuldigung,DE,entschuldigung,14,4,mazeret,7,3,TR,TR
15235,yaz,TR,Sommer,6,2,yaz,3,1,TR,TR
15228,GUTEN,DE,GUTEN,5,2,İYİ,3,1,TR,TR
15234,goethe,DE,goethe,6,2,Goethe,6,2,TR/DE,TR/DE
15236,yemez,TR,isst nicht,10,1,yemez,5,2,TR,DE
15239,tribünü,TR,Tribun,6,2,tribünü,7,3,DE,DE
15240,wenn,DE,wenn,4,1,eğer,4,2,TR/DE,DE
15241,eistee,DE,eistee,6,2,buzlu çay,9,2,DE,TR/DE
15230,Tagesthemen,DE,Tagesthemen,11,4,Günün konuları,14,5,DE,DE
15242,führer,DE,führer,6,2,lider,5,2,TR,TR/DE
15230,ARD,DE,ARD,3,1,ARD,3,1,TR/DE,TR/DE
15222,Sneijdee,LANG3,Sneijdee,8,2,Sneijdee,8,2,TR/DE,TR/DE
15243,kreativ,DE,kreativ,7,2,yaratıcı,8,4,DE,DE
15223,Sneijder,LANG3,Sneijder,8,2,Sneijder,8,2,TR/DE,TR/DE
15228,ABİCİM,TR,MEIN ABICIM,11,3,ABİCİM,6,3,TR,TR/DE
15232,Sezen,TR,Sezen,5,2,Sezen,5,2,TR/DE,TR/DE
15238,dostlar,TR,Freunde,7,2,dostlar,7,2,TR/DE,TR/DE
15243,olun,TR,Sei,3,1,olun,4,2,DE,DE
15242,gibiyim,TR,Ich bin wie,11,1,gibiyim,7,3,TR,DE
15244,posten,DE,posten,6,2,postalamak,10,4,DE,DE
15243,kopya,TR,Kopie,5,2,kopya,5,2,TR/DE,TR/DE
15245,tam,TR,voll,4,1,tam,3,1,TR,TR/DE
15243,no,LANG3,NEIN,4,1,HAYIR,5,2,DE,DE
15246,alle,DE,alle,4,2,Tümü,4,2,TR/DE,TR/DE
15243,hakan,TR,Hakan,5,2,hakan,5,2,TR/DE,TR/DE
15243,no,LANG3,NEIN,4,1,HAYIR,5,2,DE,DE
15244,instada,MIXED,gedrängt,8,2,ısrarla,7,3,TR,DE
15236,Leberkäse,DE,Leberkäse,9,4,Karaciğer peyniri,17,6,DE,DE
15248,olarak,TR,Aspekt,6,2,olarak,6,3,TR/DE,DE
15251,kann,DE,kann,4,1,olabilmek,9,4,DE,DE
15247,aktualiesieren,DE,aktualiesieren,14,5,güncelleme,10,4,TR,TR
15247,wonder,LANG3,Wunder,6,2,merak etmek,11,3,DE,DE
15251,moruk,TR,Alter,5,2,moruk,5,2,TR/DE,TR/DE
15253,in,DE,in,2,1,içinde,6,3,DE,DE
15224,Sonntagszeitung'a,MIXED,Sonntagszeitung'a,17,4,Pazar gazetesi,14,5,TR,DE
15254,fast,DE,fast,4,1,neredeyse,9,4,DE,DE
15255,du,DE,du,2,1,Sen,3,1,DE,TR/DE
15243,fotokopi😂😂😂😂😂,TR,Fotokopie😂😂😂😂😂,14,4,fotokopi😂😂😂😂😂,13,4,TR,TR/DE
15247,yapcaktim,TR,Ich wollte es tun.,18,2,yapcaktim,9,3,TR,DE
15241,koyan,TR,Computer,8,3,koyan,5,2,TR,TR
15253,Tweet,LANG3,Twittern,8,2,Cıvıldamak,10,4,DE,DE
15256,party,DE,party,5,2,parti,5,2,TR/DE,TR/DE
15256,e,TR,Zu,2,1,e,1,1,TR,TR/DE
15256,ESC,LANG3,ESC,3,1,ESC,3,1,TR/DE,TR/DE
15253,Twitter,LANG3,Twitter,7,2,heyecan,7,3,TR/DE,DE
15257,cok,TR,Eine Menge,10,3,cok,3,1,TR,TR
15258,gute,DE,gute,4,2,iyi,3,2,TR,TR/DE
15259,diyor,TR,sagt,4,1,diyor,5,2,DE,DE
15258,gecmis,TR,Vergangenheit,13,4,gecmis,6,2,TR,TR
15261,isimli,TR,namens,6,2,isimli,6,3,TR/DE,DE
15260,sei,DE,sei,3,1,olmak,5,2,DE,DE
15256,gitmistik,TR,wir gingen,10,2,gitmistik,9,3,TR,DE
15262,gecmis,TR,Vergangenheit,13,4,gecmis,6,2,TR,TR
15244,etmis,TR,hat getan,9,2,etmis,5,2,TR,TR/DE
15264,sie,DE,sie,3,1,o,1,1,TR,TR/DE
15246,Motherday,LANG3,Muttertag,9,3,Anneler Günü,12,4,DE,DE
15246,olsun#wünsche,MIXED,olsun#wünsche,13,3,olsun #dilekler,15,4,DE,DE
15262,gutebesserung,DE,gutebesserung,13,5,Acil şifalar,12,4,TR,TR
15262,hdl,DE,hdl,3,1,hdl,3,1,TR/DE,TR/DE
15267,dedim,TR,Ich sagte,9,2,dedim,5,2,TR,TR/DE
15268,du,DE,du,2,1,Sen,3,1,DE,TR/DE
15265,arbeitet,DE,arbeitet,8,3,çalışır,7,3,TR,TR/DE
15265,bura,TR,Hier,4,1,bura,4,2,TR/DE,DE
15269,den,TR,aus,3,1,den,3,1,TR/DE,TR/DE
15269,bestellen,DE,bestellen,9,3,emir,4,2,TR,TR
15266,dur,TR,Stoppen,7,2,dur,3,1,TR,TR
15257,taraflarina,TR,an ihrer Seite,14,3,taraflarina,11,5,TR,DE
15255,cnm,TR,cnm,3,1,cnm,3,1,TR/DE,TR/DE
15273,n,TR,N,1,1,n,1,1,TR/DE,TR/DE
15252,bosuyoruz,TR,wir kommen,10,2,bosuyoruz,9,4,TR,DE
15276,diye,TR,Sprichwort,10,2,diye,4,2,TR,TR/DE
15276,ja,DE,ja,2,1,Evet,4,2,DE,DE
15276,dedim,TR,Ich sagte,9,2,dedim,5,2,TR,TR/DE
15277,alle,DE,alle,4,2,Tümü,4,2,TR/DE,TR/DE
15279,und,DE,und,3,1,Ve,2,1,TR,TR/DE
15255,hastaligin,TR,Ihre Krankheit,14,3,hastaligin,10,4,TR,DE
15282,ne,TR,Was,3,1,ne,2,1,TR,TR/DE
15269,brauche,DE,brauche,7,2,ihtiyaç,7,3,TR/DE,DE
15269,yaptim,TR,Das habe ich getan,18,3,yaptim,6,2,TR,TR
15275,lass,DE,lass,4,1,izin vermek,11,3,DE,DE
15284,Türkiye,TR,Türkei,6,2,Türkiye,7,3,DE,DE
15272,lies,DE,lies,4,1,Okumak,6,3,DE,DE
15282,merak,TR,Neugier,7,2,merak,5,2,TR,TR/DE
15285,funktioniert,DE,funktioniert,12,3,işlevler,8,3,TR,TR/DE
15286,hadi,TR,Aufleuchten,11,3,hadi,4,2,TR,TR
15286,gute,DE,gute,4,2,iyi,3,2,TR,TR/DE
15284,Tag,DE,Tag,3,1,gün,3,1,TR/DE,TR/DE
15289,git,TR,gehen,5,1,git,3,1,TR,TR/DE
15289,gefunden,DE,gefunden,8,3,kurmak,6,2,TR,TR
15290,sie,DE,sie,3,1,o,1,1,TR,TR/DE
15282,mann,DE,mann,4,1,Adam,4,2,TR/DE,DE
15265,nickole,DE,nickole,7,3,Nikel,5,2,TR,TR
15269,bekomm,DE,bekomm,6,2,elde etmek,10,3,DE,DE
15283,diyeyim,TR,Lass es mich sagen,18,2,diyeyim,7,3,TR,DE
15294,hemen,TR,sofort,6,2,hemen,5,2,TR,TR/DE
15293,viyana,LANG3,Wien,4,1,viyana,6,3,DE,DE
15269,iphone,LANG3,iPhone,6,3,iphone,6,3,TR/DE,TR/DE
15295,evet,TR,Ja,2,1,evet,4,2,DE,DE
15299,und,DE,und,3,1,Ve,2,1,TR,TR/DE
15261,olmasından,TR,vom Sein,8,1,olmasından,10,4,DE,DE
15298,canim,TR,Schatz,6,1,canim,5,2,TR,DE
15280,nasilsn,TR,Wie geht es dir,15,1,nasilsn,7,2,TR,DE
15295,konservativ,DE,konservativ,11,4,tutucu,6,3,TR,TR
15307,ne,TR,Was,3,1,ne,2,1,TR,TR/DE
15293,sokaklarinda,TR,auf den Straßen,15,2,sokaklarinda,12,5,TR,DE
15308,da,TR,In,2,1,da,2,1,TR/DE,TR/DE
15299,abgeben,DE,abgeben,7,3,devretmek,9,3,DE,TR/DE
15306,Master,DE,Master,6,2,usta,4,2,TR,TR/DE
15302,usta,TR,Experte,7,3,usta,4,2,TR,TR
15309,nur,DE,nur,3,1,sadece,6,3,DE,DE
15310,aber,DE,aber,4,2,Ancak,5,2,DE,TR/DE
15312,abi,TR,Bruder,6,2,abi,3,2,TR,TR/DE
15299,Feedback,LANG3,Rückmeldung,11,3,Geri bildirim,13,4,DE,DE
15313,tam,TR,voll,4,1,tam,3,1,TR,TR/DE
15285,mac,LANG3,Mac,3,1,mac,3,1,TR/DE,TR/DE
15293,soyleyebildim,TR,Ich konnte es sagen,19,3,soyleyebildim,13,5,TR,DE
15313,STOP,LANG3,STOPPEN,7,2,DURMAK,6,2,TR,TR/DE
15314,ich,DE,ich,3,1,BEN,3,1,TR/DE,TR/DE
15318,nur,DE,nur,3,1,sadece,6,3,DE,DE
15308,esat,LANG3,du bist,7,1,sen,3,1,TR,TR/DE
15318,Kayseri,TR,Kayseri,7,3,Kayseri,7,3,TR/DE,TR/DE
15314,ee,TR,äh,2,1,ee,2,1,TR/DE,TR/DE
15308,bobo,LANG3,Bobo,4,2,bobo,4,2,TR/DE,TR/DE
15319,ich,DE,ich,3,1,BEN,3,1,TR/DE,TR/DE
15319,fehlen,DE,fehlen,6,2,kayıp,5,2,TR,TR/DE
15313,weer,DE,weer,4,1,biz,3,1,TR,TR/DE
15288,Powerlady,LANG3,Powerlady,9,4,Güç Hanımı,10,3,DE,TR
15319,yanina,TR,nächste,7,2,yanina,6,3,TR,DE
15322,nasıl,TR,Wie,3,1,nasıl,5,2,DE,DE
15308,diyordu,TR,sagte er,8,2,diyordu,7,3,TR,DE
15322,yapayım,TR,Lass mich machen,16,2,yapayım,7,3,TR,DE
15321,OK,LANG3,OK,2,1,TAMAM,5,2,DE,DE
15323,yüzünden,TR,Weil,4,1,yüzünden,8,3,DE,DE
15324,schwanz,DE,schwanz,7,1,kuyruk,6,2,TR,DE
15322,kopieren,DE,kopieren,8,3,kopyala,7,3,TR,TR/DE
15326,ich,DE,ich,3,1,BEN,3,1,TR/DE,TR/DE
15325,weist,DE,weist,5,1,puan,4,1,TR,TR/DE
15326,o,TR,Er,2,1,o,1,1,TR,TR/DE
15326,bestimmt,DE,bestimmt,8,2,kesinlikle,10,4,DE,DE
15327,dann,DE,dann,4,1,Daha sonra,10,3,DE,DE
15319,mo,DE,mo,2,1,ay,2,1,TR/DE,TR/DE
15328,ama,TR,Aber,4,2,ama,3,2,TR,TR/DE
15329,ama,TR,Aber,4,2,ama,3,2,TR,TR/DE
15327,fast,LANG3,schnell,7,1,hızlı,5,2,TR,DE
15323,bahnschranke,DE,bahnschranke,12,3,demiryolu bariyeri,18,7,DE,DE
15330,gedenke,DE,gedenke,7,3,Unutma,6,3,TR,TR/DE
15293,alles''i,MIXED,alles''i,8,2,hepsi bu,8,2,TR/DE,TR/DE
15334,cnm,TR,cnm,3,1,cnm,3,1,TR/DE,TR/DE
15331,gedenke,DE,gedenke,7,3,Unutma,6,3,TR,TR/DE
15319,demis,TR,sagte er,8,2,demis,5,2,TR,TR/DE
15335,beides,DE,beides,6,2,ikisi birden,12,4,DE,DE
15336,neydi,TR,Was war das?,12,1,neydi,5,2,TR,DE
15336,bei,DE,bei,3,1,en,2,1,TR,TR/DE
15336,cnm,TR,cnm,3,1,cnm,3,1,TR/DE,TR/DE
15327,bitanm,TR,ich bin fertig,14,2,bitanm,6,2,TR,TR/DE
15319,ediyo,TR,tat,3,1,ediyo,5,3,DE,DE
15319,ubunglar,MIXED,Redewendungen,13,5,deyimler,8,3,TR,TR
15308,baros,LANG3,füttern,7,2,beslemek,8,3,DE,DE
15338,verlobung,DE,verlobung,9,3,nişanlanmak,11,4,DE,DE
15338,havada,TR,in der Luft,11,1,havada,6,3,TR,DE
15338,my,LANG3,Mein,4,1,Benim,5,2,DE,DE
15340,wie,DE,wie,3,1,Nasıl,5,2,DE,DE
15313,hackere,LANG3,Hacker,6,2,bilgisayar korsanları,21,7,DE,DE
15336,hessenli,MIXED,hessenli,8,3,hessenli,8,3,TR/DE,TR/DE
15342,cok,TR,Eine Menge,10,3,cok,3,1,TR,TR
15337,gitmessin,TR,du gehst nicht,14,1,gitmessin,9,3,TR,DE
15336,degilmisiniz,TR,bist du nicht,13,1,degilmisiniz,12,5,TR,DE
15337,uniye,MIXED,Union,5,2,birlik,6,2,DE,TR/DE
15344,bile,TR,sogar,5,2,bile,4,2,TR,TR/DE
15345,ich,DE,ich,3,1,BEN,3,1,TR/DE,TR/DE
15341,yapim,TR,Produktion,10,3,yapim,5,2,TR,TR
15346,vardi,TR,es gab,6,1,vardi,5,2,TR,DE
15341,zeichnung,DE,zeichnung,9,2,çizim,5,2,TR,TR/DE
15344,bewerben,DE,bewerben,8,3,uygula,6,3,TR,TR/DE
15346,gewitter,DE,gewitter,8,3,fırtına,7,3,TR,TR/DE
15347,ich,DE,ich,3,1,BEN,3,1,TR/DE,TR/DE
15347,cnm,TR,cnm,3,1,cnm,3,1,TR/DE,TR/DE
15346,almaya,TR,nehmen,6,2,almaya,6,3,TR/DE,DE
15332,ginede,TR,in Guineen,10,2,ginede,6,3,TR,DE
15347,yaptim,TR,Das habe ich getan,18,3,yaptim,6,2,TR,TR
15332,farkindaysan,TR,wenn Sie sich dessen bewusst sind,33,3,farkindaysan,12,4,TR,DE
15339,saniyodum,TR,Dachte ich,10,2,saniyodum,9,4,TR,DE
15339,Hessende,MIXED,Hessende,8,3,Hessian,7,2,TR,TR
15343,partyler,MIXED,Partyler,8,3,partici,7,3,TR,TR/DE
15346,kindergartendan,MIXED,kindergartendan,15,5,anaokulundan,12,5,TR,TR/DE
15352,ne,TR,Was,3,1,ne,2,1,TR,TR/DE
15352,ist,DE,ist,3,1,öyle,4,2,DE,DE
15353,ama,TR,Aber,4,2,ama,3,2,TR,TR/DE
15350,siz,TR,Du,2,1,siz,3,1,DE,TR/DE
15353,warn,DE,warn,4,1,uyarmak,7,3,DE,DE
15354,bence,TR,meiner Meinung nach,19,3,bence,5,2,TR,TR
15343,fln,TR,fln,3,1,fln,3,1,TR/DE,TR/DE
15355,anmelden,DE,anmelden,8,3,kayıt olmak,11,3,DE,TR/DE
15347,masallahhh,TR,masallahhhh,11,3,masallahhh,10,3,TR,TR/DE
15355,gute,DE,gute,4,2,iyi,3,2,TR,TR/DE
15347,gymidim,MIXED,gymidim,7,3,spor salonu,11,3,DE,TR/DE
15357,bizde,TR,wir haben,9,2,bizde,5,2,TR,TR/DE
15357,warum,DE,warum,5,2,Neden,5,2,TR/DE,TR/DE
15349,fachrichtung,DE,fachrichtung,12,3,uzmanlık,8,3,TR,TR/DE
15348,omagilde,MIXED,ungeliebt,9,3,sevilmemiş,10,4,DE,DE
15347,abrecjen,DE,abrecjen,8,3,abrecjen,8,3,TR/DE,TR/DE
15359,woher,DE,woher,5,1,nereden,7,3,DE,DE
15362,cnm,TR,cnm,3,1,cnm,3,1,TR/DE,TR/DE
15362,kopieren,DE,kopieren,8,3,kopyala,7,3,TR,TR/DE
15348,bittim,TR,ich bin fertig,14,2,bittim,6,2,TR,TR/DE
15355,yazdi,TR,schrieb,7,1,yazdi,5,2,TR,DE
15355,yaptigini,TR,was du getan hast,17,2,yaptigini,9,4,TR,DE
15363,fln,TR,fln,3,1,fln,3,1,TR/DE,TR/DE
15364,bi,TR,Bi,2,1,bi,2,1,TR/DE,TR/DE
15355,twitterye,LANG3,twitterye,9,3,Twitterye,9,3,TR/DE,TR/DE
15364,nereye,TR,Wohin,5,1,nereye,6,3,DE,DE
15363,kopieren/einfugen,DE,kopieren/einfugen,17,5,kopyala/yapıştır,16,5,TR,TR/DE
15366,der,DE,der,3,1,the,3,1,TR/DE,TR/DE
15366,tabii,TR,Natürlich,9,3,tabii,5,2,TR,TR
15368,ich,DE,ich,3,1,BEN,3,1,TR/DE,TR/DE
15369,yine,TR,wieder,6,2,yine,4,2,TR,TR/DE
15372,ich,DE,ich,3,1,BEN,3,1,TR/DE,TR/DE
15372,Adana,TR,Adana,5,3,Adana,5,3,TR/DE,TR/DE
15373,nur,DE,nur,3,1,sadece,6,3,DE,DE
15358,baya,TR,ganz,4,1,baya,4,2,TR/DE,DE
15374,insallah,TR,hoffentlich,11,3,insallah,8,3,TR,TR/DE
15360,yaaa,TR,Jaaa,4,1,yaaa,4,1,TR/DE,TR/DE
15374,cnm,TR,cnm,3,1,cnm,3,1,TR/DE,TR/DE
15375,alternativ,DE,alternativ,10,4,alternatif olarak,17,6,DE,DE
15375,yok,TR,NEIN,4,1,yok,3,1,TR,TR/DE
15367,des,DE,des,3,1,des,3,1,TR/DE,TR/DE
15376,daha,TR,mehr,4,1,daha,4,2,TR/DE,DE
15348,kaldik,TR,wir blieben,11,2,kaldik,6,2,TR,TR/DE
15377,folgen,DE,folgen,6,2,sonuçlar,8,3,DE,DE
15353,trden,TR,von tr,6,1,trden,5,1,TR,TR/DE
15374,studieren,DE,studieren,9,3,çalışmak,8,3,TR,TR/DE
15376,dach,DE,dach,4,1,çatı,4,2,TR/DE,DE
15364,kopieren/einfugen,DE,kopieren/einfugen,17,5,kopyala/yapıştır,16,5,TR,TR/DE
15380,gesehen,DE,gesehen,7,2,görülen,7,3,TR/DE,DE
15379,reicht,DE,reicht,6,1,yeterli,7,3,DE,DE
15360,YARDIIMMM,TR,HILFEMMMM,9,2,YARDIIMMM,9,2,TR/DE,TR/DE
15380,cigdem,TR,Krokus,6,2,cigdem,6,2,TR/DE,TR/DE
15384,ama,TR,Aber,4,2,ama,3,2,TR,TR/DE
15363,smiley,LANG3,Smiley,6,2,gülen yüz,9,2,DE,TR/DE
15386,danke,DE,danke,5,2,Teşekkürler,11,4,DE,DE
15387,ich,DE,ich,3,1,BEN,3,1,TR/DE,TR/DE
15388,cnm,TR,cnm,3,1,cnm,3,1,TR/DE,TR/DE
15373,zmn,TR,Zeit,4,1,zmn,3,1,TR,TR/DE
15377,ediyodum,TR,Ich habe es getan,17,3,ediyodum,8,4,TR,DE
15381,Almanyadada,TR,in Deutschland,14,2,Almanyadada,11,5,TR,DE
15386,gercekten,TR,Wirklich,8,2,gercekten,9,3,DE,DE
15363,ediyosun,TR,Du tust,7,1,ediyosun,8,4,DE,DE
15390,bile,TR,sogar,5,2,bile,4,2,TR,TR/DE
15389,afiyet,TR,Gesundheit,10,3,afiyet,6,3,TR,TR/DE
15378,hazirlicam,TR,Ich werde mich vorbereiten,26,5,hazirlicam,10,4,TR,TR
15382,caktirma,TR,nicht erkennen,14,3,caktirma,8,3,TR,TR/DE
15393,ich,DE,ich,3,1,BEN,3,1,TR/DE,TR/DE
15394,ich,DE,ich,3,1,BEN,3,1,TR/DE,TR/DE
15377,maillerde,TR,in der Post,11,1,maillerde,9,3,TR,DE
15395,schat,DE,schat,5,1,saçmalık,8,3,DE,DE
15390,ayneen,TR,genau,5,2,ayneen,6,2,DE,TR/DE
15397,und,DE,und,3,1,Ve,2,1,TR,TR/DE
15398,cnm,TR,cnm,3,1,cnm,3,1,TR/DE,TR/DE
15398,biseyi,TR,etwas,5,2,biseyi,6,3,DE,DE
15390,fachabiyi,MIXED,fachabiyi,9,3,fachabiyi,9,4,TR/DE,DE
15394,yaa,TR,Ja,2,1,yaa,3,1,DE,TR/DE
15390,studiumzeit,DE,studiumzeit,11,3,çalışma zamanı,14,5,DE,DE
15407,ist,DE,ist,3,1,öyle,4,2,DE,DE
15407,sesi,TR,Klang,5,1,sesi,4,2,TR,DE
15392,leckerrr,DE,leckerrr,8,2,lezzetli,8,3,TR/DE,DE
15408,und,DE,und,3,1,Ve,2,1,TR,TR/DE
15396,schatzymm,MIXED,schatzymm,9,2,sevgilim,8,3,TR,DE
15408,ist,DE,ist,3,1,öyle,4,2,DE,DE
15392,capreseee,LANG3,capreseee,9,3,capresee,8,3,TR,TR/DE
15390,baslicak,TR,wird hauptsächlich,18,3,baslicak,8,3,TR,TR/DE
15409,mit,DE,mit,3,1,ile,3,2,TR/DE,DE
15410,bende,TR,Ich auch,8,1,bende,5,2,TR,DE
15391,cnmm,TR,cnmm,4,1,cnmm,4,1,TR/DE,TR/DE
15399,kazandin,TR,Du hast gewonnen,16,3,kazandin,8,3,TR,TR/DE
15408,manga,TR,Kader,5,2,manga,5,2,TR/DE,TR/DE
15412,feiertag,DE,feiertag,8,2,tatil,5,2,TR,TR/DE
15411,dimi,TR,Köper,5,2,dimi,4,2,TR,TR/DE
15413,sen,TR,Du,2,1,sen,3,1,DE,TR/DE
15411,icinden,TR,durch,5,1,icinden,7,3,DE,DE
15411,schatzy,DE,schatzy,7,2,Canım,5,2,TR,TR/DE
15415,scheiß,DE,scheiß,6,1,bok,3,1,TR,TR/DE
15415,bizim,TR,unsere,6,3,bizim,5,2,TR,TR
15417,was,DE,was,3,1,Ne,2,1,TR,TR/DE
15399,tshirt,LANG3,T-Shirt,7,2,tişört,6,2,TR,TR/DE
15417,demek,TR,bedeutet,8,3,demek,5,2,TR,TR
15418,bütün,TR,alle,4,2,bütün,5,2,DE,TR/DE
15419,feiertag,DE,feiertag,8,2,tatil,5,2,TR,TR/DE
15381,Fenerium,LANG3,Fenerium,8,3,Fenerium,8,3,TR/DE,TR/DE
15420,bin,DE,bin,3,1,ben,3,1,TR/DE,TR/DE
15413,DM,LANG3,DM,2,1,DM,2,1,TR/DE,TR/DE
15422,nur,DE,nur,3,1,sadece,6,3,DE,DE
15422,fast,DE,fast,4,1,neredeyse,9,4,DE,DE
15423,cnm,TR,cnm,3,1,cnm,3,1,TR/DE,TR/DE
15428,du,DE,du,2,1,Sen,3,1,DE,TR/DE
15429,um,DE,um,2,1,etrafında,9,4,DE,DE
15405,kotzt,DE,kotzt,5,1,kusmak,6,2,DE,DE
15417,ur,LANG3,ur,2,1,senin,5,2,DE,DE
15409,amigosu,TR,Cheerleader,11,3,amigosu,7,4,TR,DE
15431,ondan,TR,von ihm,7,1,ondan,5,2,TR,DE
15412,bayramlar,TR,Feiertage,9,3,bayramlar,9,3,TR/DE,TR/DE
15432,fln,TR,fln,3,1,fln,3,1,TR/DE,TR/DE
15408,tarkan,TR,Tarkan,6,2,tarkan,6,2,TR/DE,TR/DE
15433,ya,TR,entweder,8,3,ya,2,1,TR,TR
15431,freitag,DE,freitag,7,2,Cuma,4,2,TR,TR/DE
15437,canim,TR,Schatz,6,1,canim,5,2,TR,DE
15440,cnm,TR,cnm,3,1,cnm,3,1,TR/DE,TR/DE
15431,yapiyodum,TR,Ich habe es getan,17,3,yapiyodum,9,4,TR,DE
15441,ne,DE,ne,2,1,HAYIR,5,2,DE,DE
15433,aufnahme,DE,aufnahme,8,3,kayıt,5,2,TR,TR
15408,trdeki,TR,in tr,5,1,trdeki,6,2,DE,DE
15419,olali,TR,sollte passieren,16,4,olali,5,3,TR,TR
15443,on,LANG3,An,2,1,Açık,4,2,DE,DE
15413,atmisin,TR,Hast du es geworfen?,20,3,atmisin,7,3,TR,TR/DE
15443,icat,TR,Erfindung,9,3,icat,4,2,TR,TR
15443,burda,TR,Hier,4,1,burda,5,2,DE,DE
15443,kopieren/einfugen,DE,kopieren/einfugen,17,5,kopyala/yapıştır,16,5,TR,TR/DE
15443,yapcam,TR,Ich werde es tun,16,2,yapcam,6,2,TR,TR/DE
15445,musste,DE,musste,6,2,zorundaydım,11,4,DE,DE
15446,ist,DE,ist,3,1,öyle,4,2,DE,DE
15422,fblileri,MIXED,fbians,6,1,fblileri,8,3,DE,DE
15447,var,TR,Es gibt,7,1,var,3,1,TR,TR/DE
15447,seite,DE,seite,5,2,sayfa,5,2,TR/DE,TR/DE
15432,napiyosun/schule,MIXED,napiyosun/schule,16,4,napiyosun/okul,14,5,TR,DE
15447,gordunmu,TR,Hast du gesehen?,16,2,gordunmu,8,3,TR,DE
15447,yapcaktim,TR,Ich wollte es tun.,18,2,yapcaktim,9,3,TR,DE
15447,bestellung,DE,bestellung,10,3,bir sipariş,11,3,DE,TR/DE
15434,sehr,DE,sehr,4,1,çok,3,1,TR,TR/DE
15448,abschlussfeier,DE,abschlussfeier,14,3,mezuniyet töreni,16,6,DE,DE
15443,acicam,TR,Ich habe Hunger,15,3,acicam,6,3,TR,TR/DE
15442,helede,TR,besonders,9,3,helede,6,3,TR,TR/DE
15448,feier,DE,feier,5,1,kutlama,7,3,DE,DE
15449,bile,TR,sogar,5,2,bile,4,2,TR,TR/DE
15449,ultraschall,DE,ultraschall,11,3,ultrasonik,10,4,TR,DE
15449,etmis,TR,hat getan,9,2,etmis,5,2,TR,TR/DE
15447,sale,LANG3,Verkauf,7,2,satış,5,2,TR,TR/DE
15450,Aber,DE,Aber,4,2,Ancak,5,2,DE,TR/DE
15429,oke,LANG3,Limit,5,2,sınır,5,2,TR/DE,TR/DE
15451,hose,DE,hose,4,2,pantolon,8,3,DE,DE
15451,oberteil,DE,oberteil,8,3,tepe,4,2,TR,TR
15449,entzunden,DE,entzunden,9,3,tutuşturmak,11,4,DE,DE
15450,interneti,TR,Internet,8,3,interneti,9,4,DE,DE
77,ist,DE,ist,3,1,öyle,4,2,DE,DE
15450,aksam,TR,Abend,5,2,aksam,5,2,TR/DE,TR/DE
81,falan,TR,wie,3,1,falan,5,2,DE,DE
84,biliyor,TR,weiß,4,1,biliyor,7,3,DE,DE
15448,alicaz,TR,wir werden es bekommen,22,4,alicaz,6,3,TR,TR
86,ich,DE,ich,3,1,BEN,3,1,TR/DE,TR/DE
15448,beklerken,TR,beim Warten,11,2,beklerken,9,3,TR,DE
88,Benim,TR,Meins,5,1,Benim,5,2,TR/DE,DE
88,baktım,TR,Ich habe nachgeschaut,21,4,baktım,6,2,TR,TR
15443,lappyyi,MIXED,lappig,6,2,sarkık,6,2,TR/DE,TR/DE
88,neun,DE,neun,4,1,dokuz,5,2,DE,DE
89,şimdi,TR,Jetzt,5,1,şimdi,5,2,TR/DE,DE
88,Eingang,DE,Eingang,7,2,Giriş,5,2,TR,TR/DE
15443,kopieren'i,MIXED,kopieren'i,10,3,kopyala,7,3,TR,TR/DE
89,Nummer,DE,Nummer,6,2,sayı,4,2,TR,TR/DE
15441,Taunusstein,DE,Taunusstein,11,3,Taunusştayn,11,3,TR/DE,TR/DE
15448,yapiyolar,TR,sie tun,7,1,yapiyolar,9,4,DE,DE
89,buldum,TR,Ich habe gefunden,17,4,buldum,6,2,TR,TR
75,gıcır,TR,blitzsauber,11,3,gıcır,5,2,TR,TR
15451,eksikti,TR,fehlte,6,2,eksikti,7,3,DE,DE
88,Ticket§a,MIXED,Ticket§a,8,2,Bilet§a,7,2,TR,TR/DE
79,Darmstadt’ta,MIXED,Darmstadt’ta,12,2,Darmstadt'ta,12,2,TR/DE,TR/DE
85,Information§u,MIXED,Informationen§u,15,5,Bilgi§u,7,2,TR,TR
89,Flughafen§i,MIXED,Flughafen§i,11,3,Flughafen§i,11,3,TR/DE,TR/DE
