item_order,word_position,word,word_with_punct,cs_point,type,sentence_type,sentence,surprisal_nats,surprisal_bits,n_subword_tokens,surprisal
2,1,Zaten,Zaten,0,TR-DE,Multilingual,"Zaten Hose und Schuhe hab ich, bir Oberteil eksik, onu da ablamdan yürütürüm, napim.",27.934650421142578,40.30118163154919,3,40.30118163154919
2,2,Hose,Hose,1,TR-DE,Multilingual,"Zaten Hose und Schuhe hab ich, bir Oberteil eksik, onu da ablamdan yürütürüm, napim.",16.453929901123047,23.73800307148485,2,23.73800307148485
2,3,und,und,0,TR-DE,Multilingual,"Zaten Hose und Schuhe hab ich, bir Oberteil eksik, onu da ablamdan yürütürüm, napim.",9.106639862060547,13.138104168156506,2,13.138104168156506
2,4,Schuhe,Schuhe,0,TR-DE,Multilingual,"Zaten Hose und Schuhe hab ich, bir Oberteil eksik, onu da ablamdan yürütürüm, napim.",15.94815731048584,23.00832746315499,2,23.00832746315499
2,5,hab,hab,0,TR-DE,Multilingual,"Zaten Hose und Schuhe hab ich, bir Oberteil eksik, onu da ablamdan yürütürüm, napim.",10.80659008026123,15.590613917712743,2,15.590613917712743
2,6,ich,"ich,",0,TR-DE,Multilingual,"Zaten Hose und Schuhe hab ich, bir Oberteil eksik, onu da ablamdan yürütürüm, napim.",17.634769439697266,25.44159441787149,3,25.44159441787149
2,7,bir,bir,1,TR-DE,Multilingual,"Zaten Hose und Schuhe hab ich, bir Oberteil eksik, onu da ablamdan yürütürüm, napim.",23.594295501708984,34.03937311358433,2,34.03937311358433
2,8,Oberteil,Oberteil,1,TR-DE,Multilingual,"Zaten Hose und Schuhe hab ich, bir Oberteil eksik, onu da ablamdan yürütürüm, napim.",33.46702194213867,48.282706589245585,3,48.282706589245585
2,9,eksik,"eksik,",1,TR-DE,Multilingual,"Zaten Hose und Schuhe hab ich, bir Oberteil eksik, onu da ablamdan yürütürüm, napim.",29.80259132385254,42.99605070856251,3,42.99605070856251
2,10,onu,onu,0,TR-DE,Multilingual,"Zaten Hose und Schuhe hab ich, bir Oberteil eksik, onu da ablamdan yürütürüm, napim.",9.216917037963867,13.297200502955466,2,13.297200502955466
2,11,da,da,0,TR-DE,Multilingual,"Zaten Hose und Schuhe hab ich, bir Oberteil eksik, onu da ablamdan yürütürüm, napim.",10.876847267150879,15.691973612825247,2,15.691973612825247
2,12,ablamdan,ablamdan,0,TR-DE,Multilingual,"Zaten Hose und Schuhe hab ich, bir Oberteil eksik, onu da ablamdan yürütürüm, napim.",38.3663444519043,55.35093487780013,4,55.35093487780013
2,13,yürütürüm,"yürütürüm,",0,TR-DE,Multilingual,"Zaten Hose und Schuhe hab ich, bir Oberteil eksik, onu da ablamdan yürütürüm, napim.",32.39016342163086,46.729128141969944,5,46.729128141969944
2,14,napim,napim.,0,TR-DE,Multilingual,"Zaten Hose und Schuhe hab ich, bir Oberteil eksik, onu da ablamdan yürütürüm, napim.",18.430133819580078,26.58906266442815,4,26.58906266442815
3,1,Benim,Benim,0,TR-DE,Multilingual,"Benim Ticketa baktım, Eingang bilmem ne neun oder so.",26.561553955078125,38.320222169295846,2,38.320222169295846
3,2,Ticketa,Ticketa,1,TR-DE,Multilingual,"Benim Ticketa baktım, Eingang bilmem ne neun oder so.",29.70907974243164,42.86114201378089,3,42.86114201378089
3,3,baktım,"baktım,",1,TR-DE,Multilingual,"Benim Ticketa baktım, Eingang bilmem ne neun oder so.",24.969608306884766,36.023530077282516,4,36.023530077282516
3,4,Eingang,Eingang,1,TR-DE,Multilingual,"Benim Ticketa baktım, Eingang bilmem ne neun oder so.",31.77190399169922,45.837168328424724,3,45.837168328424724
3,5,bilmem,bilmem,0,TR-DE,Multilingual,"Benim Ticketa baktım, Eingang bilmem ne neun oder so.",15.141497611999512,21.84456351646378,3,21.84456351646378
3,6,ne,ne,0,TR-DE,Multilingual,"Benim Ticketa baktım, Eingang bilmem ne neun oder so.",8.868810653686523,12.794989148656754,2,12.794989148656754
3,7,neun,neun,1,TR-DE,Multilingual,"Benim Ticketa baktım, Eingang bilmem ne neun oder so.",31.650936126708984,45.66264858949639,3,45.66264858949639
3,8,oder,oder,0,TR-DE,Multilingual,"Benim Ticketa baktım, Eingang bilmem ne neun oder so.",19.207332611083984,27.71032350671573,2,27.71032350671573
3,9,so,so.,0,TR-DE,Multilingual,"Benim Ticketa baktım, Eingang bilmem ne neun oder so.",11.09451961517334,16.006008429855907,3,16.006008429855907
4,1,Şöyle,Şöyle,0,TR-DE,Multilingual,"Şöyle bir baktım und das ist eine riesige, böyle Einkaufsstraße gibi bir şey var. Weißt du in Darmstadt!",15.010628700256348,21.65575958648538,3,21.65575958648538
4,2,bir,bir,0,TR-DE,Multilingual,"Şöyle bir baktım und das ist eine riesige, böyle Einkaufsstraße gibi bir şey var. Weißt du in Darmstadt!",4.835313320159912,6.975882548139054,2,6.975882548139054
4,3,baktım,baktım,0,TR-DE,Multilingual,"Şöyle bir baktım und das ist eine riesige, böyle Einkaufsstraße gibi bir şey var. Weißt du in Darmstadt!",19.44367218017578,28.0512894310103,3,28.0512894310103
4,4,und,und,1,TR-DE,Multilingual,"Şöyle bir baktım und das ist eine riesige, böyle Einkaufsstraße gibi bir şey var. Weißt du in Darmstadt!",25.674484252929688,37.04045110908344,2,37.04045110908344
4,5,das,das,0,TR-DE,Multilingual,"Şöyle bir baktım und das ist eine riesige, böyle Einkaufsstraße gibi bir şey var. Weißt du in Darmstadt!",16.59858512878418,23.94669645107023,2,23.94669645107023
4,6,ist,ist,0,TR-DE,Multilingual,"Şöyle bir baktım und das ist eine riesige, böyle Einkaufsstraße gibi bir şey var. Weißt du in Darmstadt!",9.584836959838867,13.827996749688783,2,13.827996749688783
4,7,eine,eine,0,TR-DE,Multilingual,"Şöyle bir baktım und das ist eine riesige, böyle Einkaufsstraße gibi bir şey var. Weißt du in Darmstadt!",12.353717803955078,17.82264741230769,2,17.82264741230769
4,8,riesige,"riesige,",0,TR-DE,Multilingual,"Şöyle bir baktım und das ist eine riesige, böyle Einkaufsstraße gibi bir şey var. Weißt du in Darmstadt!",22.82882308959961,32.93502986069682,3,32.93502986069682
4,9,böyle,böyle,1,TR-DE,Multilingual,"Şöyle bir baktım und das ist eine riesige, böyle Einkaufsstraße gibi bir şey var. Weißt du in Darmstadt!",30.947307586669922,44.64752718415409,2,44.64752718415409
4,10,Einkaufsstraße,Einkaufsstraße,1,TR-DE,Multilingual,"Şöyle bir baktım und das ist eine riesige, böyle Einkaufsstraße gibi bir şey var. Weißt du in Darmstadt!",30.294281005859375,43.70540897445004,3,43.70540897445004
4,11,gibi,gibi,1,TR-DE,Multilingual,"Şöyle bir baktım und das ist eine riesige, böyle Einkaufsstraße gibi bir şey var. Weißt du in Darmstadt!",11.13957405090332,16.0710082408536,2,16.0710082408536
4,12,bir,bir,0,TR-DE,Multilingual,"Şöyle bir baktım und das ist eine riesige, böyle Einkaufsstraße gibi bir şey var. Weißt du in Darmstadt!",3.7672479152679443,5.434989885156349,2,5.434989885156349
4,13,şey,şey,0,TR-DE,Multilingual,"Şöyle bir baktım und das ist eine riesige, böyle Einkaufsstraße gibi bir şey var. Weißt du in Darmstadt!",5.092113494873047,7.346366886697113,2,7.346366886697113
4,14,var,var.,0,TR-DE,Multilingual,"Şöyle bir baktım und das ist eine riesige, böyle Einkaufsstraße gibi bir şey var. Weißt du in Darmstadt!",14.846588134765625,21.419099076147294,3,21.419099076147294
4,15,Weißt,Weißt,1,TR-DE,Multilingual,"Şöyle bir baktım und das ist eine riesige, böyle Einkaufsstraße gibi bir şey var. Weißt du in Darmstadt!",12.1587495803833,17.541367723029754,3,17.541367723029754
4,16,du,du,0,TR-DE,Multilingual,"Şöyle bir baktım und das ist eine riesige, böyle Einkaufsstraße gibi bir şey var. Weißt du in Darmstadt!",5.164468765258789,7.450753476464803,2,7.450753476464803
4,17,in,in,0,TR-DE,Multilingual,"Şöyle bir baktım und das ist eine riesige, böyle Einkaufsstraße gibi bir şey var. Weißt du in Darmstadt!",15.03726863861084,21.694192893438995,2,21.694192893438995
4,18,Darmstadt,Darmstadt!,0,TR-DE,Multilingual,"Şöyle bir baktım und das ist eine riesige, böyle Einkaufsstraße gibi bir şey var. Weißt du in Darmstadt!",18.707584381103516,26.989339213629872,4,26.989339213629872
5,1,Ondan,Ondan,0,TR-DE,Multilingual,"Ondan sonra, ich aber immer noch so eine bloß keine Angst zeigen, sonst denkt şüphelenirler bir şeye weißt du!",26.069091796875,37.60974945583072,3,37.60974945583072
5,2,sonra,"sonra,",0,TR-DE,Multilingual,"Ondan sonra, ich aber immer noch so eine bloß keine Angst zeigen, sonst denkt şüphelenirler bir şeye weißt du!",22.49884033203125,32.45896537277408,3,32.45896537277408
5,3,ich,ich,1,TR-DE,Multilingual,"Ondan sonra, ich aber immer noch so eine bloß keine Angst zeigen, sonst denkt şüphelenirler bir şeye weißt du!",19.892078399658203,28.69820286016136,2,28.69820286016136
5,4,aber,aber,0,TR-DE,Multilingual,"Ondan sonra, ich aber immer noch so eine bloß keine Angst zeigen, sonst denkt şüphelenirler bir şeye weißt du!",13.206565856933594,19.0530470689716,2,19.0530470689716
5,5,immer,immer,0,TR-DE,Multilingual,"Ondan sonra, ich aber immer noch so eine bloß keine Angst zeigen, sonst denkt şüphelenirler bir şeye weißt du!",6.2459564208984375,9.011010354038754,2,9.011010354038754
5,6,noch,noch,0,TR-DE,Multilingual,"Ondan sonra, ich aber immer noch so eine bloß keine Angst zeigen, sonst denkt şüphelenirler bir şeye weißt du!",7.046014785766602,10.165250589455788,2,10.165250589455788
5,7,so,so,0,TR-DE,Multilingual,"Ondan sonra, ich aber immer noch so eine bloß keine Angst zeigen, sonst denkt şüphelenirler bir şeye weißt du!",10.252396583557129,14.791081708324821,2,14.791081708324821
5,8,eine,eine,0,TR-DE,Multilingual,"Ondan sonra, ich aber immer noch so eine bloß keine Angst zeigen, sonst denkt şüphelenirler bir şeye weißt du!",14.485580444335938,20.898275071441606,2,20.898275071441606
5,9,bloß,bloß,0,TR-DE,Multilingual,"Ondan sonra, ich aber immer noch so eine bloß keine Angst zeigen, sonst denkt şüphelenirler bir şeye weißt du!",21.793048858642578,31.440723514214532,3,31.440723514214532
5,10,keine,keine,0,TR-DE,Multilingual,"Ondan sonra, ich aber immer noch so eine bloß keine Angst zeigen, sonst denkt şüphelenirler bir şeye weißt du!",15.074037551879883,21.74723922227112,2,21.74723922227112
5,11,Angst,Angst,0,TR-DE,Multilingual,"Ondan sonra, ich aber immer noch so eine bloß keine Angst zeigen, sonst denkt şüphelenirler bir şeye weißt du!",12.620946884155273,18.208177481093827,2,18.208177481093827
5,12,zeigen,"zeigen,",0,TR-DE,Multilingual,"Ondan sonra, ich aber immer noch so eine bloß keine Angst zeigen, sonst denkt şüphelenirler bir şeye weißt du!",16.143798828125,23.290578510445,3,23.290578510445
5,13,sonst,sonst,0,TR-DE,Multilingual,"Ondan sonra, ich aber immer noch so eine bloß keine Angst zeigen, sonst denkt şüphelenirler bir şeye weißt du!",12.13864517211914,17.512363192927044,2,17.512363192927044
5,14,denkt,denkt,0,TR-DE,Multilingual,"Ondan sonra, ich aber immer noch so eine bloß keine Angst zeigen, sonst denkt şüphelenirler bir şeye weißt du!",31.750329971313477,45.80604359620218,2,45.80604359620218
5,15,şüphelenirler,şüphelenirler,1,TR-DE,Multilingual,"Ondan sonra, ich aber immer noch so eine bloß keine Angst zeigen, sonst denkt şüphelenirler bir şeye weißt du!",44.66419219970703,64.43680859182886,4,64.43680859182886
5,16,bir,bir,0,TR-DE,Multilingual,"Ondan sonra, ich aber immer noch so eine bloß keine Angst zeigen, sonst denkt şüphelenirler bir şeye weißt du!",13.035135269165039,18.805725010141227,2,18.805725010141227
5,17,şeye,şeye,0,TR-DE,Multilingual,"Ondan sonra, ich aber immer noch so eine bloß keine Angst zeigen, sonst denkt şüphelenirler bir şeye weißt du!",20.003347396850586,28.858730090615495,3,28.858730090615495
5,18,weißt,weißt,1,TR-DE,Multilingual,"Ondan sonra, ich aber immer noch so eine bloß keine Angst zeigen, sonst denkt şüphelenirler bir şeye weißt du!",15.84296989440918,22.85657409961727,3,22.85657409961727
5,19,du,du!,0,TR-DE,Multilingual,"Ondan sonra, ich aber immer noch so eine bloß keine Angst zeigen, sonst denkt şüphelenirler bir şeye weißt du!",6.84609317779541,9.876824677069203,3,9.876824677069203
6,1,Ondan,Ondan,0,TR-DE,Multilingual,"Ondan sonra dedim şimdi. Vielleicht will der, ich total bescheuert vielleicht dedim. Vielleicht will ich die vergiften falan.",26.069091796875,37.60974945583072,3,37.60974945583072
6,2,sonra,sonra,0,TR-DE,Multilingual,"Ondan sonra dedim şimdi. Vielleicht will der, ich total bescheuert vielleicht dedim. Vielleicht will ich die vergiften falan.",17.15166473388672,24.74462165456849,2,24.74462165456849
6,3,dedim,dedim,0,TR-DE,Multilingual,"Ondan sonra dedim şimdi. Vielleicht will der, ich total bescheuert vielleicht dedim. Vielleicht will ich die vergiften falan.",16.195911407470703,23.365761070234974,2,23.365761070234974
6,4,şimdi,şimdi.,0,TR-DE,Multilingual,"Ondan sonra dedim şimdi. Vielleicht will der, ich total bescheuert vielleicht dedim. Vielleicht will ich die vergiften falan.",25.253612518310547,36.43326154469808,3,36.43326154469808
6,5,Vielleicht,Vielleicht,1,TR-DE,Multilingual,"Ondan sonra dedim şimdi. Vielleicht will der, ich total bescheuert vielleicht dedim. Vielleicht will ich die vergiften falan.",20.772930145263672,29.969003305304756,2,29.969003305304756
6,6,will,will,0,TR-DE,Multilingual,"Ondan sonra dedim şimdi. Vielleicht will der, ich total bescheuert vielleicht dedim. Vielleicht will ich die vergiften falan.",10.668383598327637,15.391224111608437,2,15.391224111608437
6,7,der,"der,",0,TR-DE,Multilingual,"Ondan sonra dedim şimdi. Vielleicht will der, ich total bescheuert vielleicht dedim. Vielleicht will ich die vergiften falan.",12.157696723937988,17.539848772257333,3,17.539848772257333
6,8,ich,ich,0,TR-DE,Multilingual,"Ondan sonra dedim şimdi. Vielleicht will der, ich total bescheuert vielleicht dedim. Vielleicht will ich die vergiften falan.",16.37081527709961,23.618094015580887,2,23.618094015580887
6,9,total,total,0,TR-DE,Multilingual,"Ondan sonra dedim şimdi. Vielleicht will der, ich total bescheuert vielleicht dedim. Vielleicht will ich die vergiften falan.",17.171070098876953,24.772617678406544,2,24.772617678406544
6,10,bescheuert,bescheuert,0,TR-DE,Multilingual,"Ondan sonra dedim şimdi. Vielleicht will der, ich total bescheuert vielleicht dedim. Vielleicht will ich die vergiften falan.",16.435970306396484,23.712092853236467,3,23.712092853236467
6,11,vielleicht,vielleicht,0,TR-DE,Multilingual,"Ondan sonra dedim şimdi. Vielleicht will der, ich total bescheuert vielleicht dedim. Vielleicht will ich die vergiften falan.",24.51183319091797,35.36310018763485,2,35.36310018763485
6,12,dedim,dedim.,1,TR-DE,Multilingual,"Ondan sonra dedim şimdi. Vielleicht will der, ich total bescheuert vielleicht dedim. Vielleicht will ich die vergiften falan.",19.356246948242188,27.925161482451138,3,27.925161482451138
6,13,Vielleicht,Vielleicht,1,TR-DE,Multilingual,"Ondan sonra dedim şimdi. Vielleicht will der, ich total bescheuert vielleicht dedim. Vielleicht will ich die vergiften falan.",6.172219753265381,8.904630829312866,2,8.904630829312866
6,14,will,will,0,TR-DE,Multilingual,"Ondan sonra dedim şimdi. Vielleicht will der, ich total bescheuert vielleicht dedim. Vielleicht will ich die vergiften falan.",2.7302865982055664,3.9389709354367684,2,3.9389709354367684
6,15,ich,ich,0,TR-DE,Multilingual,"Ondan sonra dedim şimdi. Vielleicht will der, ich total bescheuert vielleicht dedim. Vielleicht will ich die vergiften falan.",5.407979965209961,7.80206587703528,2,7.80206587703528
6,16,die,die,0,TR-DE,Multilingual,"Ondan sonra dedim şimdi. Vielleicht will der, ich total bescheuert vielleicht dedim. Vielleicht will ich die vergiften falan.",14.74456787109375,21.271914947677693,2,21.271914947677693
6,17,vergiften,vergiften,0,TR-DE,Multilingual,"Ondan sonra dedim şimdi. Vielleicht will der, ich total bescheuert vielleicht dedim. Vielleicht will ich die vergiften falan.",26.750560760498047,38.592901350169434,3,38.592901350169434
6,18,falan,falan.,1,TR-DE,Multilingual,"Ondan sonra dedim şimdi. Vielleicht will der, ich total bescheuert vielleicht dedim. Vielleicht will ich die vergiften falan.",18.21533966064453,26.27918019651992,3,26.27918019651992
7,1,Bir,Bir,0,TR-DE,Multilingual,"Bir de ben gelirken, ich hab Dings böyle, voll Kassetten und Batterien dabei gehabt ne. Şimdi tam çıkış kapısındayım. Meint der Mann zu mir, şu çantayı açın ne. Aber so voll Dings tipi böyle. So ein unhöflicher. Das siehst du ihm an, ne. Ich: Scheiße ne.",14.336559295654297,20.683282999251023,2,20.683282999251023
7,2,de,de,0,TR-DE,Multilingual,"Bir de ben gelirken, ich hab Dings böyle, voll Kassetten und Batterien dabei gehabt ne. Şimdi tam çıkış kapısındayım. Meint der Mann zu mir, şu çantayı açın ne. Aber so voll Dings tipi böyle. So ein unhöflicher. Das siehst du ihm an, ne. Ich: Scheiße ne.",10.093719482421875,14.562159041414354,2,14.562159041414354
7,3,ben,ben,0,TR-DE,Multilingual,"Bir de ben gelirken, ich hab Dings böyle, voll Kassetten und Batterien dabei gehabt ne. Şimdi tam çıkış kapısındayım. Meint der Mann zu mir, şu çantayı açın ne. Aber so voll Dings tipi böyle. So ein unhöflicher. Das siehst du ihm an, ne. Ich: Scheiße ne.",13.552780151367188,19.552528714635816,2,19.552528714635816
7,4,gelirken,"gelirken,",0,TR-DE,Multilingual,"Bir de ben gelirken, ich hab Dings böyle, voll Kassetten und Batterien dabei gehabt ne. Şimdi tam çıkış kapısındayım. Meint der Mann zu mir, şu çantayı açın ne. Aber so voll Dings tipi böyle. So ein unhöflicher. Das siehst du ihm an, ne. Ich: Scheiße ne.",25.428726196289062,36.6858971795095,4,36.6858971795095
7,5,ich,ich,1,TR-DE,Multilingual,"Bir de ben gelirken, ich hab Dings böyle, voll Kassetten und Batterien dabei gehabt ne. Şimdi tam çıkış kapısındayım. Meint der Mann zu mir, şu çantayı açın ne. Aber so voll Dings tipi böyle. So ein unhöflicher. Das siehst du ihm an, ne. Ich: Scheiße ne.",22.138389587402344,31.938944871013227,2,31.938944871013227
7,6,hab,hab,0,TR-DE,Multilingual,"Bir de ben gelirken, ich hab Dings böyle, voll Kassetten und Batterien dabei gehabt ne. Şimdi tam çıkış kapısındayım. Meint der Mann zu mir, şu çantayı açın ne. Aber so voll Dings tipi böyle. So ein unhöflicher. Das siehst du ihm an, ne. Ich: Scheiße ne.",20.959270477294922,30.237835578243843,2,30.237835578243843
7,7,Dings,Dings,0,TR-DE,Multilingual,"Bir de ben gelirken, ich hab Dings böyle, voll Kassetten und Batterien dabei gehabt ne. Şimdi tam çıkış kapısındayım. Meint der Mann zu mir, şu çantayı açın ne. Aber so voll Dings tipi böyle. So ein unhöflicher. Das siehst du ihm an, ne. Ich: Scheiße ne.",25.41814422607422,36.67063062355771,3,36.67063062355771
7,8,böyle,"böyle,",1,TR-DE,Multilingual,"Bir de ben gelirken, ich hab Dings böyle, voll Kassetten und Batterien dabei gehabt ne. Şimdi tam çıkış kapısındayım. Meint der Mann zu mir, şu çantayı açın ne. Aber so voll Dings tipi böyle. So ein unhöflicher. Das siehst du ihm an, ne. Ich: Scheiße ne.",25.421310424804688,36.67519848276463,3,36.67519848276463
7,9,voll,voll,1,TR-DE,Multilingual,"Bir de ben gelirken, ich hab Dings böyle, voll Kassetten und Batterien dabei gehabt ne. Şimdi tam çıkış kapısındayım. Meint der Mann zu mir, şu çantayı açın ne. Aber so voll Dings tipi böyle. So ein unhöflicher. Das siehst du ihm an, ne. Ich: Scheiße ne.",22.570274353027344,32.562022880615906,2,32.562022880615906
7,10,Kassetten,Kassetten,0,TR-DE,Multilingual,"Bir de ben gelirken, ich hab Dings böyle, voll Kassetten und Batterien dabei gehabt ne. Şimdi tam çıkış kapısındayım. Meint der Mann zu mir, şu çantayı açın ne. Aber so voll Dings tipi böyle. So ein unhöflicher. Das siehst du ihm an, ne. Ich: Scheiße ne.",18.275592803955078,26.366107107572017,3,26.366107107572017
7,11,und,und,0,TR-DE,Multilingual,"Bir de ben gelirken, ich hab Dings böyle, voll Kassetten und Batterien dabei gehabt ne. Şimdi tam çıkış kapısındayım. Meint der Mann zu mir, şu çantayı açın ne. Aber so voll Dings tipi böyle. So ein unhöflicher. Das siehst du ihm an, ne. Ich: Scheiße ne.",13.514474868774414,19.49726587339937,2,19.49726587339937
7,12,Batterien,Batterien,0,TR-DE,Multilingual,"Bir de ben gelirken, ich hab Dings böyle, voll Kassetten und Batterien dabei gehabt ne. Şimdi tam çıkış kapısındayım. Meint der Mann zu mir, şu çantayı açın ne. Aber so voll Dings tipi böyle. So ein unhöflicher. Das siehst du ihm an, ne. Ich: Scheiße ne.",13.349393844604492,19.259104298484555,3,19.259104298484555
7,13,dabei,dabei,0,TR-DE,Multilingual,"Bir de ben gelirken, ich hab Dings böyle, voll Kassetten und Batterien dabei gehabt ne. Şimdi tam çıkış kapısındayım. Meint der Mann zu mir, şu çantayı açın ne. Aber so voll Dings tipi böyle. So ein unhöflicher. Das siehst du ihm an, ne. Ich: Scheiße ne.",8.407976150512695,12.130145496257343,2,12.130145496257343
7,14,gehabt,gehabt,0,TR-DE,Multilingual,"Bir de ben gelirken, ich hab Dings böyle, voll Kassetten und Batterien dabei gehabt ne. Şimdi tam çıkış kapısındayım. Meint der Mann zu mir, şu çantayı açın ne. Aber so voll Dings tipi böyle. So ein unhöflicher. Das siehst du ihm an, ne. Ich: Scheiße ne.",12.176115989685059,17.566422155607448,3,17.566422155607448
7,15,ne,ne.,0,TR-DE,Multilingual,"Bir de ben gelirken, ich hab Dings böyle, voll Kassetten und Batterien dabei gehabt ne. Şimdi tam çıkış kapısındayım. Meint der Mann zu mir, şu çantayı açın ne. Aber so voll Dings tipi böyle. So ein unhöflicher. Das siehst du ihm an, ne. Ich: Scheiße ne.",18.39102554321289,26.532641348055492,3,26.532641348055492
7,16,Şimdi,Şimdi,1,TR-DE,Multilingual,"Bir de ben gelirken, ich hab Dings böyle, voll Kassetten und Batterien dabei gehabt ne. Şimdi tam çıkış kapısındayım. Meint der Mann zu mir, şu çantayı açın ne. Aber so voll Dings tipi böyle. So ein unhöflicher. Das siehst du ihm an, ne. Ich: Scheiße ne.",14.097765922546387,20.338776984071096,2,20.338776984071096
7,17,tam,tam,0,TR-DE,Multilingual,"Bir de ben gelirken, ich hab Dings böyle, voll Kassetten und Batterien dabei gehabt ne. Şimdi tam çıkış kapısındayım. Meint der Mann zu mir, şu çantayı açın ne. Aber so voll Dings tipi böyle. So ein unhöflicher. Das siehst du ihm an, ne. Ich: Scheiße ne.",15.802377700805664,22.79801194320667,2,22.79801194320667
7,18,çıkış,çıkış,0,TR-DE,Multilingual,"Bir de ben gelirken, ich hab Dings böyle, voll Kassetten und Batterien dabei gehabt ne. Şimdi tam çıkış kapısındayım. Meint der Mann zu mir, şu çantayı açın ne. Aber so voll Dings tipi böyle. So ein unhöflicher. Das siehst du ihm an, ne. Ich: Scheiße ne.",16.53338623046875,23.852634323799137,3,23.852634323799137
7,19,kapısındayım,kapısındayım.,0,TR-DE,Multilingual,"Bir de ben gelirken, ich hab Dings böyle, voll Kassetten und Batterien dabei gehabt ne. Şimdi tam çıkış kapısındayım. Meint der Mann zu mir, şu çantayı açın ne. Aber so voll Dings tipi böyle. So ein unhöflicher. Das siehst du ihm an, ne. Ich: Scheiße ne.",21.53595542907715,31.06981609833535,5,31.06981609833535
7,20,Meint,Meint,1,TR-DE,Multilingual,"Bir de ben gelirken, ich hab Dings böyle, voll Kassetten und Batterien dabei gehabt ne. Şimdi tam çıkış kapısındayım. Meint der Mann zu mir, şu çantayı açın ne. Aber so voll Dings tipi böyle. So ein unhöflicher. Das siehst du ihm an, ne. Ich: Scheiße ne.",19.37006950378418,27.94510321478398,3,27.94510321478398
7,21,der,der,0,TR-DE,Multilingual,"Bir de ben gelirken, ich hab Dings böyle, voll Kassetten und Batterien dabei gehabt ne. Şimdi tam çıkış kapısındayım. Meint der Mann zu mir, şu çantayı açın ne. Aber so voll Dings tipi böyle. So ein unhöflicher. Das siehst du ihm an, ne. Ich: Scheiße ne.",9.348817825317383,13.487493114759731,2,13.487493114759731
7,22,Mann,Mann,0,TR-DE,Multilingual,"Bir de ben gelirken, ich hab Dings böyle, voll Kassetten und Batterien dabei gehabt ne. Şimdi tam çıkış kapısındayım. Meint der Mann zu mir, şu çantayı açın ne. Aber so voll Dings tipi böyle. So ein unhöflicher. Das siehst du ihm an, ne. Ich: Scheiße ne.",10.992481231689453,15.85879816002338,2,15.85879816002338
7,23,zu,zu,0,TR-DE,Multilingual,"Bir de ben gelirken, ich hab Dings böyle, voll Kassetten und Batterien dabei gehabt ne. Şimdi tam çıkış kapısındayım. Meint der Mann zu mir, şu çantayı açın ne. Aber so voll Dings tipi böyle. So ein unhöflicher. Das siehst du ihm an, ne. Ich: Scheiße ne.",7.254051208496094,10.465383704851908,2,10.465383704851908
7,24,mir,"mir,",0,TR-DE,Multilingual,"Bir de ben gelirken, ich hab Dings böyle, voll Kassetten und Batterien dabei gehabt ne. Şimdi tam çıkış kapısındayım. Meint der Mann zu mir, şu çantayı açın ne. Aber so voll Dings tipi böyle. So ein unhöflicher. Das siehst du ihm an, ne. Ich: Scheiße ne.",13.406145095825195,19.340979047184906,3,19.340979047184906
7,25,şu,şu,1,TR-DE,Multilingual,"Bir de ben gelirken, ich hab Dings böyle, voll Kassetten und Batterien dabei gehabt ne. Şimdi tam çıkış kapısındayım. Meint der Mann zu mir, şu çantayı açın ne. Aber so voll Dings tipi böyle. So ein unhöflicher. Das siehst du ihm an, ne. Ich: Scheiße ne.",13.249853134155273,19.1154974091529,2,19.1154974091529
7,26,çantayı,çantayı,0,TR-DE,Multilingual,"Bir de ben gelirken, ich hab Dings böyle, voll Kassetten und Batterien dabei gehabt ne. Şimdi tam çıkış kapısındayım. Meint der Mann zu mir, şu çantayı açın ne. Aber so voll Dings tipi böyle. So ein unhöflicher. Das siehst du ihm an, ne. Ich: Scheiße ne.",14.420974731445312,20.805068729841203,4,20.805068729841203
7,27,açın,açın,0,TR-DE,Multilingual,"Bir de ben gelirken, ich hab Dings böyle, voll Kassetten und Batterien dabei gehabt ne. Şimdi tam çıkış kapısındayım. Meint der Mann zu mir, şu çantayı açın ne. Aber so voll Dings tipi böyle. So ein unhöflicher. Das siehst du ihm an, ne. Ich: Scheiße ne.",12.530519485473633,18.077718321455336,3,18.077718321455336
7,28,ne,ne.,1,TR-DE,Multilingual,"Bir de ben gelirken, ich hab Dings böyle, voll Kassetten und Batterien dabei gehabt ne. Şimdi tam çıkış kapısındayım. Meint der Mann zu mir, şu çantayı açın ne. Aber so voll Dings tipi böyle. So ein unhöflicher. Das siehst du ihm an, ne. Ich: Scheiße ne.",12.45914077758789,17.974740613563515,3,17.974740613563515
7,29,Aber,Aber,0,TR-DE,Multilingual,"Bir de ben gelirken, ich hab Dings böyle, voll Kassetten und Batterien dabei gehabt ne. Şimdi tam çıkış kapısındayım. Meint der Mann zu mir, şu çantayı açın ne. Aber so voll Dings tipi böyle. So ein unhöflicher. Das siehst du ihm an, ne. Ich: Scheiße ne.",10.895482063293457,15.718857940808121,2,15.718857940808121
7,30,so,so,0,TR-DE,Multilingual,"Bir de ben gelirken, ich hab Dings böyle, voll Kassetten und Batterien dabei gehabt ne. Şimdi tam çıkış kapısındayım. Meint der Mann zu mir, şu çantayı açın ne. Aber so voll Dings tipi böyle. So ein unhöflicher. Das siehst du ihm an, ne. Ich: Scheiße ne.",12.234821319580078,17.651116043920744,2,17.651116043920744
7,31,voll,voll,0,TR-DE,Multilingual,"Bir de ben gelirken, ich hab Dings böyle, voll Kassetten und Batterien dabei gehabt ne. Şimdi tam çıkış kapısındayım. Meint der Mann zu mir, şu çantayı açın ne. Aber so voll Dings tipi böyle. So ein unhöflicher. Das siehst du ihm an, ne. Ich: Scheiße ne.",12.171380043029785,17.55958962885397,2,17.55958962885397
7,32,Dings,Dings,0,TR-DE,Multilingual,"Bir de ben gelirken, ich hab Dings böyle, voll Kassetten und Batterien dabei gehabt ne. Şimdi tam çıkış kapısındayım. Meint der Mann zu mir, şu çantayı açın ne. Aber so voll Dings tipi böyle. So ein unhöflicher. Das siehst du ihm an, ne. Ich: Scheiße ne.",15.776723861694336,22.761001276740995,3,22.761001276740995
7,33,tipi,tipi,1,TR-DE,Multilingual,"Bir de ben gelirken, ich hab Dings böyle, voll Kassetten und Batterien dabei gehabt ne. Şimdi tam çıkış kapısındayım. Meint der Mann zu mir, şu çantayı açın ne. Aber so voll Dings tipi böyle. So ein unhöflicher. Das siehst du ihm an, ne. Ich: Scheiße ne.",18.21477508544922,26.278365686685433,2,26.278365686685433
7,34,böyle,böyle.,0,TR-DE,Multilingual,"Bir de ben gelirken, ich hab Dings böyle, voll Kassetten und Batterien dabei gehabt ne. Şimdi tam çıkış kapısındayım. Meint der Mann zu mir, şu çantayı açın ne. Aber so voll Dings tipi böyle. So ein unhöflicher. Das siehst du ihm an, ne. Ich: Scheiße ne.",13.763673782348633,19.856783910207817,3,19.856783910207817
7,35,So,So,1,TR-DE,Multilingual,"Bir de ben gelirken, ich hab Dings böyle, voll Kassetten und Batterien dabei gehabt ne. Şimdi tam çıkış kapısındayım. Meint der Mann zu mir, şu çantayı açın ne. Aber so voll Dings tipi böyle. So ein unhöflicher. Das siehst du ihm an, ne. Ich: Scheiße ne.",9.235535621643066,13.324061441297822,2,13.324061441297822
7,36,ein,ein,0,TR-DE,Multilingual,"Bir de ben gelirken, ich hab Dings böyle, voll Kassetten und Batterien dabei gehabt ne. Şimdi tam çıkış kapısındayım. Meint der Mann zu mir, şu çantayı açın ne. Aber so voll Dings tipi böyle. So ein unhöflicher. Das siehst du ihm an, ne. Ich: Scheiße ne.",12.048286437988281,17.38200309529545,2,17.38200309529545
7,37,unhöflicher,unhöflicher.,0,TR-DE,Multilingual,"Bir de ben gelirken, ich hab Dings böyle, voll Kassetten und Batterien dabei gehabt ne. Şimdi tam çıkış kapısındayım. Meint der Mann zu mir, şu çantayı açın ne. Aber so voll Dings tipi böyle. So ein unhöflicher. Das siehst du ihm an, ne. Ich: Scheiße ne.",26.373455047607422,38.04885280829123,5,38.04885280829123
7,38,Das,Das,0,TR-DE,Multilingual,"Bir de ben gelirken, ich hab Dings böyle, voll Kassetten und Batterien dabei gehabt ne. Şimdi tam çıkış kapısındayım. Meint der Mann zu mir, şu çantayı açın ne. Aber so voll Dings tipi böyle. So ein unhöflicher. Das siehst du ihm an, ne. Ich: Scheiße ne.",12.417860984802246,17.915186461222742,2,17.915186461222742
7,39,siehst,siehst,0,TR-DE,Multilingual,"Bir de ben gelirken, ich hab Dings böyle, voll Kassetten und Batterien dabei gehabt ne. Şimdi tam çıkış kapısındayım. Meint der Mann zu mir, şu çantayı açın ne. Aber so voll Dings tipi böyle. So ein unhöflicher. Das siehst du ihm an, ne. Ich: Scheiße ne.",8.852090835571289,12.77086754997734,4,12.77086754997734
7,40,du,du,0,TR-DE,Multilingual,"Bir de ben gelirken, ich hab Dings böyle, voll Kassetten und Batterien dabei gehabt ne. Şimdi tam çıkış kapısındayım. Meint der Mann zu mir, şu çantayı açın ne. Aber so voll Dings tipi böyle. So ein unhöflicher. Das siehst du ihm an, ne. Ich: Scheiße ne.",6.986072063446045,10.078771521226537,2,10.078771521226537
7,41,ihm,ihm,0,TR-DE,Multilingual,"Bir de ben gelirken, ich hab Dings böyle, voll Kassetten und Batterien dabei gehabt ne. Şimdi tam çıkış kapısındayım. Meint der Mann zu mir, şu çantayı açın ne. Aber so voll Dings tipi böyle. So ein unhöflicher. Das siehst du ihm an, ne. Ich: Scheiße ne.",9.591912269592285,13.838204263982792,2,13.838204263982792
7,42,an,"an,",0,TR-DE,Multilingual,"Bir de ben gelirken, ich hab Dings böyle, voll Kassetten und Batterien dabei gehabt ne. Şimdi tam çıkış kapısındayım. Meint der Mann zu mir, şu çantayı açın ne. Aber so voll Dings tipi böyle. So ein unhöflicher. Das siehst du ihm an, ne. Ich: Scheiße ne.",6.613162994384766,9.540777456589309,3,9.540777456589309
7,43,ne,ne.,0,TR-DE,Multilingual,"Bir de ben gelirken, ich hab Dings böyle, voll Kassetten und Batterien dabei gehabt ne. Şimdi tam çıkış kapısındayım. Meint der Mann zu mir, şu çantayı açın ne. Aber so voll Dings tipi böyle. So ein unhöflicher. Das siehst du ihm an, ne. Ich: Scheiße ne.",8.35073184967041,12.047559427313022,3,12.047559427313022
7,44,Ich,Ich:,0,TR-DE,Multilingual,"Bir de ben gelirken, ich hab Dings böyle, voll Kassetten und Batterien dabei gehabt ne. Şimdi tam çıkış kapısındayım. Meint der Mann zu mir, şu çantayı açın ne. Aber so voll Dings tipi böyle. So ein unhöflicher. Das siehst du ihm an, ne. Ich: Scheiße ne.",20.355697631835938,29.367064027284925,3,29.367064027284925
7,45,Scheiße,Scheiße,0,TR-DE,Multilingual,"Bir de ben gelirken, ich hab Dings böyle, voll Kassetten und Batterien dabei gehabt ne. Şimdi tam çıkış kapısındayım. Meint der Mann zu mir, şu çantayı açın ne. Aber so voll Dings tipi böyle. So ein unhöflicher. Das siehst du ihm an, ne. Ich: Scheiße ne.",14.33497428894043,20.680996317925153,4,20.680996317925153
7,46,ne,ne.,0,TR-DE,Multilingual,"Bir de ben gelirken, ich hab Dings böyle, voll Kassetten und Batterien dabei gehabt ne. Şimdi tam çıkış kapısındayım. Meint der Mann zu mir, şu çantayı açın ne. Aber so voll Dings tipi böyle. So ein unhöflicher. Das siehst du ihm an, ne. Ich: Scheiße ne.",7.931374549865723,11.442554730524213,3,11.442554730524213
8,1,Ondan,Ondan,0,TR-DE,Multilingual,"Ondan sonra Weiterausbildung yaptırdılar, bize dediler ki didaktisch, methodisch olarak biraz daha eksiksiniz.",26.069091796875,37.60974945583072,3,37.60974945583072
8,2,sonra,sonra,0,TR-DE,Multilingual,"Ondan sonra Weiterausbildung yaptırdılar, bize dediler ki didaktisch, methodisch olarak biraz daha eksiksiniz.",24.83916473388672,35.835339781402396,2,35.835339781402396
8,3,Weiterausbildung,Weiterausbildung,1,TR-DE,Multilingual,"Ondan sonra Weiterausbildung yaptırdılar, bize dediler ki didaktisch, methodisch olarak biraz daha eksiksiniz.",43.000709533691406,62.036910398963364,4,62.036910398963364
8,4,yaptırdılar,"yaptırdılar,",1,TR-DE,Multilingual,"Ondan sonra Weiterausbildung yaptırdılar, bize dediler ki didaktisch, methodisch olarak biraz daha eksiksiniz.",23.369373321533203,33.714878999658794,4,33.714878999658794
8,5,bize,bize,0,TR-DE,Multilingual,"Ondan sonra Weiterausbildung yaptırdılar, bize dediler ki didaktisch, methodisch olarak biraz daha eksiksiniz.",10.389324188232422,14.988626484550672,2,14.988626484550672
8,6,dediler,dediler,0,TR-DE,Multilingual,"Ondan sonra Weiterausbildung yaptırdılar, bize dediler ki didaktisch, methodisch olarak biraz daha eksiksiniz.",10.842272758483887,15.642093140630205,3,15.642093140630205
8,7,ki,ki,0,TR-DE,Multilingual,"Ondan sonra Weiterausbildung yaptırdılar, bize dediler ki didaktisch, methodisch olarak biraz daha eksiksiniz.",10.18399429321289,14.692398063259741,2,14.692398063259741
8,8,didaktisch,"didaktisch,",1,TR-DE,Multilingual,"Ondan sonra Weiterausbildung yaptırdılar, bize dediler ki didaktisch, methodisch olarak biraz daha eksiksiniz.",38.222293853759766,55.14311379421992,5,55.14311379421992
8,9,methodisch,methodisch,0,TR-DE,Multilingual,"Ondan sonra Weiterausbildung yaptırdılar, bize dediler ki didaktisch, methodisch olarak biraz daha eksiksiniz.",12.40262222290039,17.893201574997647,3,17.893201574997647
8,10,olarak,olarak,1,TR-DE,Multilingual,"Ondan sonra Weiterausbildung yaptırdılar, bize dediler ki didaktisch, methodisch olarak biraz daha eksiksiniz.",9.627514839172363,13.889567914558874,2,13.889567914558874
8,11,biraz,biraz,0,TR-DE,Multilingual,"Ondan sonra Weiterausbildung yaptırdılar, bize dediler ki didaktisch, methodisch olarak biraz daha eksiksiniz.",7.295856475830078,10.525695956717684,2,10.525695956717684
8,12,daha,daha,0,TR-DE,Multilingual,"Ondan sonra Weiterausbildung yaptırdılar, bize dediler ki didaktisch, methodisch olarak biraz daha eksiksiniz.",8.511944770812988,12.280140509172643,2,12.280140509172643
8,13,eksiksiniz,eksiksiniz.,0,TR-DE,Multilingual,"Ondan sonra Weiterausbildung yaptırdılar, bize dediler ki didaktisch, methodisch olarak biraz daha eksiksiniz.",19.145122528076172,27.620573328467067,4,27.620573328467067
9,1,Çünkü,Çünkü,0,TR-DE,Multilingual,Çünkü benim asıl Fremdsprachem Türkischdir.,17.645435333251953,25.456982049609486,2,25.456982049609486
9,2,benim,benim,0,TR-DE,Multilingual,Çünkü benim asıl Fremdsprachem Türkischdir.,11.92958927154541,17.210759281900746,2,17.210759281900746
9,3,asıl,asıl,0,TR-DE,Multilingual,Çünkü benim asıl Fremdsprachem Türkischdir.,24.626224517822266,35.52813198768039,2,35.52813198768039
9,4,Fremdsprachem,Fremdsprachem,1,TR-DE,Multilingual,Çünkü benim asıl Fremdsprachem Türkischdir.,33.27714157104492,48.00876711950648,5,48.00876711950648
9,5,Türkischdir,Türkischdir.,0,TR-DE,Multilingual,Çünkü benim asıl Fremdsprachem Türkischdir.,20.165782928466797,29.093075026542365,5,29.093075026542365
10,1,Dolum,Dolum,0,TR-DE,Multilingual,"Dolum için de her iki taraf zwanzig istiyor, wo bist du denn?",23.714458465576172,34.212731625654044,3,34.212731625654044
10,2,için,için,0,TR-DE,Multilingual,"Dolum için de her iki taraf zwanzig istiyor, wo bist du denn?",11.217594146728516,16.183567446190292,2,16.183567446190292
10,3,de,de,0,TR-DE,Multilingual,"Dolum için de her iki taraf zwanzig istiyor, wo bist du denn?",10.526872634887695,15.187066946422213,2,15.187066946422213
10,4,her,her,0,TR-DE,Multilingual,"Dolum için de her iki taraf zwanzig istiyor, wo bist du denn?",10.947986602783203,15.794605979554138,2,15.794605979554138
10,5,iki,iki,0,TR-DE,Multilingual,"Dolum için de her iki taraf zwanzig istiyor, wo bist du denn?",8.964567184448242,12.933136620719416,2,12.933136620719416
10,6,taraf,taraf,0,TR-DE,Multilingual,"Dolum için de her iki taraf zwanzig istiyor, wo bist du denn?",25.480012893676758,36.75988824349431,2,36.75988824349431
10,7,zwanzig,zwanzig,1,TR-DE,Multilingual,"Dolum için de her iki taraf zwanzig istiyor, wo bist du denn?",35.85424041748047,51.72673484513971,3,51.72673484513971
10,8,istiyor,"istiyor,",1,TR-DE,Multilingual,"Dolum için de her iki taraf zwanzig istiyor, wo bist du denn?",25.082443237304688,36.18631647183839,3,36.18631647183839
10,9,wo,wo,1,TR-DE,Multilingual,"Dolum için de her iki taraf zwanzig istiyor, wo bist du denn?",20.42493438720703,29.466951550906042,2,29.466951550906042
10,10,bist,bist,0,TR-DE,Multilingual,"Dolum için de her iki taraf zwanzig istiyor, wo bist du denn?",9.358060836791992,13.50082796157703,2,13.50082796157703
10,11,du,du,0,TR-DE,Multilingual,"Dolum için de her iki taraf zwanzig istiyor, wo bist du denn?",4.010931015014648,5.78655028470937,2,5.78655028470937
10,12,denn,denn?,0,TR-DE,Multilingual,"Dolum için de her iki taraf zwanzig istiyor, wo bist du denn?",6.10734748840332,8.811039934505137,3,8.811039934505137
11,1,Anlatıyor,Anlatıyor,0,TR-DE,Multilingual,"Anlatıyor şimdi annem, işte Almanyalı da, wir waren auch zusammen da, bilmem ne, ich wußt nicht mehr wer ihr seid.",34.29169464111328,49.47245780241278,4,49.47245780241278
11,2,şimdi,şimdi,0,TR-DE,Multilingual,"Anlatıyor şimdi annem, işte Almanyalı da, wir waren auch zusammen da, bilmem ne, ich wußt nicht mehr wer ihr seid.",13.790701866149902,19.89577719267264,2,19.89577719267264
11,3,annem,"annem,",0,TR-DE,Multilingual,"Anlatıyor şimdi annem, işte Almanyalı da, wir waren auch zusammen da, bilmem ne, ich wußt nicht mehr wer ihr seid.",19.53459930419922,28.182469541921208,4,28.182469541921208
11,4,işte,işte,0,TR-DE,Multilingual,"Anlatıyor şimdi annem, işte Almanyalı da, wir waren auch zusammen da, bilmem ne, ich wußt nicht mehr wer ihr seid.",15.063116073608398,21.73148285972967,2,21.73148285972967
11,5,Almanyalı,Almanyalı,0,TR-DE,Multilingual,"Anlatıyor şimdi annem, işte Almanyalı da, wir waren auch zusammen da, bilmem ne, ich wußt nicht mehr wer ihr seid.",20.528282165527344,29.61605087817565,3,29.61605087817565
11,6,da,"da,",0,TR-DE,Multilingual,"Anlatıyor şimdi annem, işte Almanyalı da, wir waren auch zusammen da, bilmem ne, ich wußt nicht mehr wer ihr seid.",22.304725646972656,32.17891707927633,3,32.17891707927633
11,7,wir,wir,1,TR-DE,Multilingual,"Anlatıyor şimdi annem, işte Almanyalı da, wir waren auch zusammen da, bilmem ne, ich wußt nicht mehr wer ihr seid.",16.59996795654297,23.94869144982024,2,23.94869144982024
11,8,waren,waren,0,TR-DE,Multilingual,"Anlatıyor şimdi annem, işte Almanyalı da, wir waren auch zusammen da, bilmem ne, ich wußt nicht mehr wer ihr seid.",8.120926856994629,11.716020904008147,2,11.716020904008147
11,9,auch,auch,0,TR-DE,Multilingual,"Anlatıyor şimdi annem, işte Almanyalı da, wir waren auch zusammen da, bilmem ne, ich wußt nicht mehr wer ihr seid.",11.247329711914062,16.226466798621512,2,16.226466798621512
11,10,zusammen,zusammen,0,TR-DE,Multilingual,"Anlatıyor şimdi annem, işte Almanyalı da, wir waren auch zusammen da, bilmem ne, ich wußt nicht mehr wer ihr seid.",12.078546524047852,17.425659171390464,2,17.425659171390464
11,11,da,"da,",1,TR-DE,Multilingual,"Anlatıyor şimdi annem, işte Almanyalı da, wir waren auch zusammen da, bilmem ne, ich wußt nicht mehr wer ihr seid.",15.654679298400879,22.584928190510066,3,22.584928190510066
11,12,bilmem,bilmem,0,TR-DE,Multilingual,"Anlatıyor şimdi annem, işte Almanyalı da, wir waren auch zusammen da, bilmem ne, ich wußt nicht mehr wer ihr seid.",11.542439460754395,16.65222016979145,3,16.65222016979145
11,13,ne,"ne,",0,TR-DE,Multilingual,"Anlatıyor şimdi annem, işte Almanyalı da, wir waren auch zusammen da, bilmem ne, ich wußt nicht mehr wer ihr seid.",11.673819541931152,16.841761561376746,3,16.841761561376746
11,14,ich,ich,1,TR-DE,Multilingual,"Anlatıyor şimdi annem, işte Almanyalı da, wir waren auch zusammen da, bilmem ne, ich wußt nicht mehr wer ihr seid.",13.388805389404297,19.315963138721006,2,19.315963138721006
11,15,wußt,wußt,0,TR-DE,Multilingual,"Anlatıyor şimdi annem, işte Almanyalı da, wir waren auch zusammen da, bilmem ne, ich wußt nicht mehr wer ihr seid.",18.0108585357666,25.984176291703132,3,25.984176291703132
11,16,nicht,nicht,0,TR-DE,Multilingual,"Anlatıyor şimdi annem, işte Almanyalı da, wir waren auch zusammen da, bilmem ne, ich wußt nicht mehr wer ihr seid.",4.515081405639648,6.513885553126292,2,6.513885553126292
11,17,mehr,mehr,0,TR-DE,Multilingual,"Anlatıyor şimdi annem, işte Almanyalı da, wir waren auch zusammen da, bilmem ne, ich wußt nicht mehr wer ihr seid.",9.946046829223633,14.349112436970334,2,14.349112436970334
11,18,wer,wer,0,TR-DE,Multilingual,"Anlatıyor şimdi annem, işte Almanyalı da, wir waren auch zusammen da, bilmem ne, ich wußt nicht mehr wer ihr seid.",13.85413932800293,19.987298104294585,2,19.987298104294585
11,19,ihr,ihr,0,TR-DE,Multilingual,"Anlatıyor şimdi annem, işte Almanyalı da, wir waren auch zusammen da, bilmem ne, ich wußt nicht mehr wer ihr seid.",8.878548622131348,12.809038067440435,2,12.809038067440435
11,20,seid,seid.,0,TR-DE,Multilingual,"Anlatıyor şimdi annem, işte Almanyalı da, wir waren auch zusammen da, bilmem ne, ich wußt nicht mehr wer ihr seid.",5.230573654174805,7.546122671882455,4,7.546122671882455
12,1,İşte,İşte,0,TR-DE,Multilingual,"İşte Türkiye’de resimlere bakıyordum, hätte ich dir schenken können. Ich war ja nicht da, als wir abfuhren. Şey geçenlerde resimlere bakıyorum işte falan, benim oda da böyle, ich hab noch Bilder von meinem Zimmer, duruyorlar orda yatakta. Anneme sordum. Anne, wo sind die überhaupt, sind die überhaupt mal hierher gekommen?",14.79908275604248,21.35056330184786,2,21.35056330184786
12,2,Türkiye’de,Türkiye’de,0,TR-DE,Multilingual,"İşte Türkiye’de resimlere bakıyordum, hätte ich dir schenken können. Ich war ja nicht da, als wir abfuhren. Şey geçenlerde resimlere bakıyorum işte falan, benim oda da böyle, ich hab noch Bilder von meinem Zimmer, duruyorlar orda yatakta. Anneme sordum. Anne, wo sind die überhaupt, sind die überhaupt mal hierher gekommen?",18.107383728027344,26.12343270789856,4,26.12343270789856
12,3,resimlere,resimlere,0,TR-DE,Multilingual,"İşte Türkiye’de resimlere bakıyordum, hätte ich dir schenken können. Ich war ja nicht da, als wir abfuhren. Şey geçenlerde resimlere bakıyorum işte falan, benim oda da böyle, ich hab noch Bilder von meinem Zimmer, duruyorlar orda yatakta. Anneme sordum. Anne, wo sind die überhaupt, sind die überhaupt mal hierher gekommen?",18.546100616455078,26.75636738718749,3,26.75636738718749
12,4,bakıyordum,"bakıyordum,",0,TR-DE,Multilingual,"İşte Türkiye’de resimlere bakıyordum, hätte ich dir schenken können. Ich war ja nicht da, als wir abfuhren. Şey geçenlerde resimlere bakıyorum işte falan, benim oda da böyle, ich hab noch Bilder von meinem Zimmer, duruyorlar orda yatakta. Anneme sordum. Anne, wo sind die überhaupt, sind die überhaupt mal hierher gekommen?",29.933841705322266,43.185404983023666,5,43.185404983023666
12,5,hätte,hätte,1,TR-DE,Multilingual,"İşte Türkiye’de resimlere bakıyordum, hätte ich dir schenken können. Ich war ja nicht da, als wir abfuhren. Şey geçenlerde resimlere bakıyorum işte falan, benim oda da böyle, ich hab noch Bilder von meinem Zimmer, duruyorlar orda yatakta. Anneme sordum. Anne, wo sind die überhaupt, sind die überhaupt mal hierher gekommen?",23.075557708740234,33.29099267214663,2,33.29099267214663
12,6,ich,ich,0,TR-DE,Multilingual,"İşte Türkiye’de resimlere bakıyordum, hätte ich dir schenken können. Ich war ja nicht da, als wir abfuhren. Şey geçenlerde resimlere bakıyorum işte falan, benim oda da böyle, ich hab noch Bilder von meinem Zimmer, duruyorlar orda yatakta. Anneme sordum. Anne, wo sind die überhaupt, sind die überhaupt mal hierher gekommen?",12.891739845275879,18.598849143210163,2,18.598849143210163
12,7,dir,dir,0,TR-DE,Multilingual,"İşte Türkiye’de resimlere bakıyordum, hätte ich dir schenken können. Ich war ja nicht da, als wir abfuhren. Şey geçenlerde resimlere bakıyorum işte falan, benim oda da böyle, ich hab noch Bilder von meinem Zimmer, duruyorlar orda yatakta. Anneme sordum. Anne, wo sind die überhaupt, sind die überhaupt mal hierher gekommen?",9.247153282165527,13.340822182520307,2,13.340822182520307
12,8,schenken,schenken,0,TR-DE,Multilingual,"İşte Türkiye’de resimlere bakıyordum, hätte ich dir schenken können. Ich war ja nicht da, als wir abfuhren. Şey geçenlerde resimlere bakıyorum işte falan, benim oda da böyle, ich hab noch Bilder von meinem Zimmer, duruyorlar orda yatakta. Anneme sordum. Anne, wo sind die überhaupt, sind die überhaupt mal hierher gekommen?",11.459358215332031,16.532359269029723,3,16.532359269029723
12,9,können,können.,0,TR-DE,Multilingual,"İşte Türkiye’de resimlere bakıyordum, hätte ich dir schenken können. Ich war ja nicht da, als wir abfuhren. Şey geçenlerde resimlere bakıyorum işte falan, benim oda da böyle, ich hab noch Bilder von meinem Zimmer, duruyorlar orda yatakta. Anneme sordum. Anne, wo sind die überhaupt, sind die überhaupt mal hierher gekommen?",11.393491744995117,16.437334038913797,3,16.437334038913797
12,10,Ich,Ich,0,TR-DE,Multilingual,"İşte Türkiye’de resimlere bakıyordum, hätte ich dir schenken können. Ich war ja nicht da, als wir abfuhren. Şey geçenlerde resimlere bakıyorum işte falan, benim oda da böyle, ich hab noch Bilder von meinem Zimmer, duruyorlar orda yatakta. Anneme sordum. Anne, wo sind die überhaupt, sind die überhaupt mal hierher gekommen?",13.328131675720215,19.228429472876666,2,19.228429472876666
12,11,war,war,0,TR-DE,Multilingual,"İşte Türkiye’de resimlere bakıyordum, hätte ich dir schenken können. Ich war ja nicht da, als wir abfuhren. Şey geçenlerde resimlere bakıyorum işte falan, benim oda da böyle, ich hab noch Bilder von meinem Zimmer, duruyorlar orda yatakta. Anneme sordum. Anne, wo sind die überhaupt, sind die überhaupt mal hierher gekommen?",10.413653373718262,15.02372607979996,2,15.02372607979996
12,12,ja,ja,0,TR-DE,Multilingual,"İşte Türkiye’de resimlere bakıyordum, hätte ich dir schenken können. Ich war ja nicht da, als wir abfuhren. Şey geçenlerde resimlere bakıyorum işte falan, benim oda da böyle, ich hab noch Bilder von meinem Zimmer, duruyorlar orda yatakta. Anneme sordum. Anne, wo sind die überhaupt, sind die überhaupt mal hierher gekommen?",8.220900535583496,11.860252434327734,2,11.860252434327734
12,13,nicht,nicht,0,TR-DE,Multilingual,"İşte Türkiye’de resimlere bakıyordum, hätte ich dir schenken können. Ich war ja nicht da, als wir abfuhren. Şey geçenlerde resimlere bakıyorum işte falan, benim oda da böyle, ich hab noch Bilder von meinem Zimmer, duruyorlar orda yatakta. Anneme sordum. Anne, wo sind die überhaupt, sind die überhaupt mal hierher gekommen?",7.005914688110352,10.107398377427954,2,10.107398377427954
12,14,da,"da,",0,TR-DE,Multilingual,"İşte Türkiye’de resimlere bakıyordum, hätte ich dir schenken können. Ich war ja nicht da, als wir abfuhren. Şey geçenlerde resimlere bakıyorum işte falan, benim oda da böyle, ich hab noch Bilder von meinem Zimmer, duruyorlar orda yatakta. Anneme sordum. Anne, wo sind die überhaupt, sind die überhaupt mal hierher gekommen?",9.840176582336426,14.19637395680847,3,14.19637395680847
12,15,als,als,0,TR-DE,Multilingual,"İşte Türkiye’de resimlere bakıyordum, hätte ich dir schenken können. Ich war ja nicht da, als wir abfuhren. Şey geçenlerde resimlere bakıyorum işte falan, benim oda da böyle, ich hab noch Bilder von meinem Zimmer, duruyorlar orda yatakta. Anneme sordum. Anne, wo sind die überhaupt, sind die überhaupt mal hierher gekommen?",7.760495185852051,11.196027919471428,2,11.196027919471428
12,16,wir,wir,0,TR-DE,Multilingual,"İşte Türkiye’de resimlere bakıyordum, hätte ich dir schenken können. Ich war ja nicht da, als wir abfuhren. Şey geçenlerde resimlere bakıyorum işte falan, benim oda da böyle, ich hab noch Bilder von meinem Zimmer, duruyorlar orda yatakta. Anneme sordum. Anne, wo sind die überhaupt, sind die überhaupt mal hierher gekommen?",10.337797164916992,14.91428870354173,2,14.91428870354173
12,17,abfuhren,abfuhren.,0,TR-DE,Multilingual,"İşte Türkiye’de resimlere bakıyordum, hätte ich dir schenken können. Ich war ja nicht da, als wir abfuhren. Şey geçenlerde resimlere bakıyorum işte falan, benim oda da böyle, ich hab noch Bilder von meinem Zimmer, duruyorlar orda yatakta. Anneme sordum. Anne, wo sind die überhaupt, sind die überhaupt mal hierher gekommen?",23.62813949584961,34.08819967609489,5,34.08819967609489
12,18,Şey,Şey,1,TR-DE,Multilingual,"İşte Türkiye’de resimlere bakıyordum, hätte ich dir schenken können. Ich war ja nicht da, als wir abfuhren. Şey geçenlerde resimlere bakıyorum işte falan, benim oda da böyle, ich hab noch Bilder von meinem Zimmer, duruyorlar orda yatakta. Anneme sordum. Anne, wo sind die überhaupt, sind die überhaupt mal hierher gekommen?",23.62014389038086,34.076664455736214,3,34.076664455736214
12,19,geçenlerde,geçenlerde,0,TR-DE,Multilingual,"İşte Türkiye’de resimlere bakıyordum, hätte ich dir schenken können. Ich war ja nicht da, als wir abfuhren. Şey geçenlerde resimlere bakıyorum işte falan, benim oda da böyle, ich hab noch Bilder von meinem Zimmer, duruyorlar orda yatakta. Anneme sordum. Anne, wo sind die überhaupt, sind die überhaupt mal hierher gekommen?",26.530067443847656,38.27479673568875,3,38.27479673568875
12,20,resimlere,resimlere,0,TR-DE,Multilingual,"İşte Türkiye’de resimlere bakıyordum, hätte ich dir schenken können. Ich war ja nicht da, als wir abfuhren. Şey geçenlerde resimlere bakıyorum işte falan, benim oda da böyle, ich hab noch Bilder von meinem Zimmer, duruyorlar orda yatakta. Anneme sordum. Anne, wo sind die überhaupt, sind die überhaupt mal hierher gekommen?",10.022841453552246,14.459903660656156,3,14.459903660656156
12,21,bakıyorum,bakıyorum,0,TR-DE,Multilingual,"İşte Türkiye’de resimlere bakıyordum, hätte ich dir schenken können. Ich war ja nicht da, als wir abfuhren. Şey geçenlerde resimlere bakıyorum işte falan, benim oda da böyle, ich hab noch Bilder von meinem Zimmer, duruyorlar orda yatakta. Anneme sordum. Anne, wo sind die überhaupt, sind die überhaupt mal hierher gekommen?",10.375284194946289,14.968371055862653,3,14.968371055862653
12,22,işte,işte,0,TR-DE,Multilingual,"İşte Türkiye’de resimlere bakıyordum, hätte ich dir schenken können. Ich war ja nicht da, als wir abfuhren. Şey geçenlerde resimlere bakıyorum işte falan, benim oda da böyle, ich hab noch Bilder von meinem Zimmer, duruyorlar orda yatakta. Anneme sordum. Anne, wo sind die überhaupt, sind die überhaupt mal hierher gekommen?",16.097230911254883,23.22339520771195,2,23.22339520771195
12,23,falan,"falan,",0,TR-DE,Multilingual,"İşte Türkiye’de resimlere bakıyordum, hätte ich dir schenken können. Ich war ja nicht da, als wir abfuhren. Şey geçenlerde resimlere bakıyorum işte falan, benim oda da böyle, ich hab noch Bilder von meinem Zimmer, duruyorlar orda yatakta. Anneme sordum. Anne, wo sind die überhaupt, sind die überhaupt mal hierher gekommen?",16.931140899658203,24.426473012529193,3,24.426473012529193
12,24,benim,benim,0,TR-DE,Multilingual,"İşte Türkiye’de resimlere bakıyordum, hätte ich dir schenken können. Ich war ja nicht da, als wir abfuhren. Şey geçenlerde resimlere bakıyorum işte falan, benim oda da böyle, ich hab noch Bilder von meinem Zimmer, duruyorlar orda yatakta. Anneme sordum. Anne, wo sind die überhaupt, sind die überhaupt mal hierher gekommen?",13.82730484008789,19.94858412165476,2,19.94858412165476
12,25,oda,oda,0,TR-DE,Multilingual,"İşte Türkiye’de resimlere bakıyordum, hätte ich dir schenken können. Ich war ja nicht da, als wir abfuhren. Şey geçenlerde resimlere bakıyorum işte falan, benim oda da böyle, ich hab noch Bilder von meinem Zimmer, duruyorlar orda yatakta. Anneme sordum. Anne, wo sind die überhaupt, sind die überhaupt mal hierher gekommen?",12.61294174194336,18.19662850212309,2,18.19662850212309
12,26,da,da,0,TR-DE,Multilingual,"İşte Türkiye’de resimlere bakıyordum, hätte ich dir schenken können. Ich war ja nicht da, als wir abfuhren. Şey geçenlerde resimlere bakıyorum işte falan, benim oda da böyle, ich hab noch Bilder von meinem Zimmer, duruyorlar orda yatakta. Anneme sordum. Anne, wo sind die überhaupt, sind die überhaupt mal hierher gekommen?",6.904152870178223,9.960587107345425,2,9.960587107345425
12,27,böyle,"böyle,",0,TR-DE,Multilingual,"İşte Türkiye’de resimlere bakıyordum, hätte ich dir schenken können. Ich war ja nicht da, als wir abfuhren. Şey geçenlerde resimlere bakıyorum işte falan, benim oda da böyle, ich hab noch Bilder von meinem Zimmer, duruyorlar orda yatakta. Anneme sordum. Anne, wo sind die überhaupt, sind die überhaupt mal hierher gekommen?",14.480546951293945,20.891013275991572,3,20.891013275991572
12,28,ich,ich,1,TR-DE,Multilingual,"İşte Türkiye’de resimlere bakıyordum, hätte ich dir schenken können. Ich war ja nicht da, als wir abfuhren. Şey geçenlerde resimlere bakıyorum işte falan, benim oda da böyle, ich hab noch Bilder von meinem Zimmer, duruyorlar orda yatakta. Anneme sordum. Anne, wo sind die überhaupt, sind die überhaupt mal hierher gekommen?",13.96916675567627,20.153247603765124,2,20.153247603765124
12,29,hab,hab,0,TR-DE,Multilingual,"İşte Türkiye’de resimlere bakıyordum, hätte ich dir schenken können. Ich war ja nicht da, als wir abfuhren. Şey geçenlerde resimlere bakıyorum işte falan, benim oda da böyle, ich hab noch Bilder von meinem Zimmer, duruyorlar orda yatakta. Anneme sordum. Anne, wo sind die überhaupt, sind die überhaupt mal hierher gekommen?",9.914314270019531,14.30333203117186,2,14.30333203117186
12,30,noch,noch,0,TR-DE,Multilingual,"İşte Türkiye’de resimlere bakıyordum, hätte ich dir schenken können. Ich war ja nicht da, als wir abfuhren. Şey geçenlerde resimlere bakıyorum işte falan, benim oda da böyle, ich hab noch Bilder von meinem Zimmer, duruyorlar orda yatakta. Anneme sordum. Anne, wo sind die überhaupt, sind die überhaupt mal hierher gekommen?",9.54764175415039,13.774335410897173,2,13.774335410897173
12,31,Bilder,Bilder,0,TR-DE,Multilingual,"İşte Türkiye’de resimlere bakıyordum, hätte ich dir schenken können. Ich war ja nicht da, als wir abfuhren. Şey geçenlerde resimlere bakıyorum işte falan, benim oda da böyle, ich hab noch Bilder von meinem Zimmer, duruyorlar orda yatakta. Anneme sordum. Anne, wo sind die überhaupt, sind die überhaupt mal hierher gekommen?",6.138676166534424,8.856237663082487,2,8.856237663082487
12,32,von,von,0,TR-DE,Multilingual,"İşte Türkiye’de resimlere bakıyordum, hätte ich dir schenken können. Ich war ja nicht da, als wir abfuhren. Şey geçenlerde resimlere bakıyorum işte falan, benim oda da böyle, ich hab noch Bilder von meinem Zimmer, duruyorlar orda yatakta. Anneme sordum. Anne, wo sind die überhaupt, sind die überhaupt mal hierher gekommen?",4.484050273895264,6.4691170932454956,2,6.4691170932454956
12,33,meinem,meinem,0,TR-DE,Multilingual,"İşte Türkiye’de resimlere bakıyordum, hätte ich dir schenken können. Ich war ja nicht da, als wir abfuhren. Şey geçenlerde resimlere bakıyorum işte falan, benim oda da böyle, ich hab noch Bilder von meinem Zimmer, duruyorlar orda yatakta. Anneme sordum. Anne, wo sind die überhaupt, sind die überhaupt mal hierher gekommen?",3.61134672164917,5.210072006253873,2,5.210072006253873
12,34,Zimmer,"Zimmer,",0,TR-DE,Multilingual,"İşte Türkiye’de resimlere bakıyordum, hätte ich dir schenken können. Ich war ja nicht da, als wir abfuhren. Şey geçenlerde resimlere bakıyorum işte falan, benim oda da böyle, ich hab noch Bilder von meinem Zimmer, duruyorlar orda yatakta. Anneme sordum. Anne, wo sind die überhaupt, sind die überhaupt mal hierher gekommen?",18.3789119720459,26.515165159005416,3,26.515165159005416
12,35,duruyorlar,duruyorlar,1,TR-DE,Multilingual,"İşte Türkiye’de resimlere bakıyordum, hätte ich dir schenken können. Ich war ja nicht da, als wir abfuhren. Şey geçenlerde resimlere bakıyorum işte falan, benim oda da böyle, ich hab noch Bilder von meinem Zimmer, duruyorlar orda yatakta. Anneme sordum. Anne, wo sind die überhaupt, sind die überhaupt mal hierher gekommen?",29.33216094970703,42.31736314069924,3,42.31736314069924
12,36,orda,orda,0,TR-DE,Multilingual,"İşte Türkiye’de resimlere bakıyordum, hätte ich dir schenken können. Ich war ja nicht da, als wir abfuhren. Şey geçenlerde resimlere bakıyorum işte falan, benim oda da böyle, ich hab noch Bilder von meinem Zimmer, duruyorlar orda yatakta. Anneme sordum. Anne, wo sind die überhaupt, sind die überhaupt mal hierher gekommen?",20.852783203125,30.08420691588111,3,30.08420691588111
12,37,yatakta,yatakta.,0,TR-DE,Multilingual,"İşte Türkiye’de resimlere bakıyordum, hätte ich dir schenken können. Ich war ja nicht da, als wir abfuhren. Şey geçenlerde resimlere bakıyorum işte falan, benim oda da böyle, ich hab noch Bilder von meinem Zimmer, duruyorlar orda yatakta. Anneme sordum. Anne, wo sind die überhaupt, sind die überhaupt mal hierher gekommen?",21.260501861572266,30.672420602500882,4,30.672420602500882
12,38,Anneme,Anneme,0,TR-DE,Multilingual,"İşte Türkiye’de resimlere bakıyordum, hätte ich dir schenken können. Ich war ja nicht da, als wir abfuhren. Şey geçenlerde resimlere bakıyorum işte falan, benim oda da böyle, ich hab noch Bilder von meinem Zimmer, duruyorlar orda yatakta. Anneme sordum. Anne, wo sind die überhaupt, sind die überhaupt mal hierher gekommen?",17.36284637451172,25.049292360224975,3,25.049292360224975
12,39,sordum,sordum.,0,TR-DE,Multilingual,"İşte Türkiye’de resimlere bakıyordum, hätte ich dir schenken können. Ich war ja nicht da, als wir abfuhren. Şey geçenlerde resimlere bakıyorum işte falan, benim oda da böyle, ich hab noch Bilder von meinem Zimmer, duruyorlar orda yatakta. Anneme sordum. Anne, wo sind die überhaupt, sind die überhaupt mal hierher gekommen?",11.167046546936035,16.110642674640843,4,16.110642674640843
12,40,Anne,"Anne,",0,TR-DE,Multilingual,"İşte Türkiye’de resimlere bakıyordum, hätte ich dir schenken können. Ich war ja nicht da, als wir abfuhren. Şey geçenlerde resimlere bakıyorum işte falan, benim oda da böyle, ich hab noch Bilder von meinem Zimmer, duruyorlar orda yatakta. Anneme sordum. Anne, wo sind die überhaupt, sind die überhaupt mal hierher gekommen?",11.314586639404297,16.323498034377103,3,16.323498034377103
12,41,wo,wo,1,TR-DE,Multilingual,"İşte Türkiye’de resimlere bakıyordum, hätte ich dir schenken können. Ich war ja nicht da, als wir abfuhren. Şey geçenlerde resimlere bakıyorum işte falan, benim oda da böyle, ich hab noch Bilder von meinem Zimmer, duruyorlar orda yatakta. Anneme sordum. Anne, wo sind die überhaupt, sind die überhaupt mal hierher gekommen?",8.782282829284668,12.670155885493285,2,12.670155885493285
12,42,sind,sind,0,TR-DE,Multilingual,"İşte Türkiye’de resimlere bakıyordum, hätte ich dir schenken können. Ich war ja nicht da, als wir abfuhren. Şey geçenlerde resimlere bakıyorum işte falan, benim oda da böyle, ich hab noch Bilder von meinem Zimmer, duruyorlar orda yatakta. Anneme sordum. Anne, wo sind die überhaupt, sind die überhaupt mal hierher gekommen?",4.313499927520752,6.223064954309092,2,6.223064954309092
12,43,die,die,0,TR-DE,Multilingual,"İşte Türkiye’de resimlere bakıyordum, hätte ich dir schenken können. Ich war ja nicht da, als wir abfuhren. Şey geçenlerde resimlere bakıyorum işte falan, benim oda da böyle, ich hab noch Bilder von meinem Zimmer, duruyorlar orda yatakta. Anneme sordum. Anne, wo sind die überhaupt, sind die überhaupt mal hierher gekommen?",9.373199462890625,13.5226683823754,2,13.5226683823754
12,44,überhaupt,"überhaupt,",0,TR-DE,Multilingual,"İşte Türkiye’de resimlere bakıyordum, hätte ich dir schenken können. Ich war ja nicht da, als wir abfuhren. Şey geçenlerde resimlere bakıyorum işte falan, benim oda da böyle, ich hab noch Bilder von meinem Zimmer, duruyorlar orda yatakta. Anneme sordum. Anne, wo sind die überhaupt, sind die überhaupt mal hierher gekommen?",15.261926651000977,22.018305893810215,3,22.018305893810215
12,45,sind,sind,0,TR-DE,Multilingual,"İşte Türkiye’de resimlere bakıyordum, hätte ich dir schenken können. Ich war ja nicht da, als wir abfuhren. Şey geçenlerde resimlere bakıyorum işte falan, benim oda da böyle, ich hab noch Bilder von meinem Zimmer, duruyorlar orda yatakta. Anneme sordum. Anne, wo sind die überhaupt, sind die überhaupt mal hierher gekommen?",7.6075310707092285,10.975347349120911,2,10.975347349120911
12,46,die,die,0,TR-DE,Multilingual,"İşte Türkiye’de resimlere bakıyordum, hätte ich dir schenken können. Ich war ja nicht da, als wir abfuhren. Şey geçenlerde resimlere bakıyorum işte falan, benim oda da böyle, ich hab noch Bilder von meinem Zimmer, duruyorlar orda yatakta. Anneme sordum. Anne, wo sind die überhaupt, sind die überhaupt mal hierher gekommen?",5.757707595825195,8.306616195385725,2,8.306616195385725
12,47,überhaupt,überhaupt,0,TR-DE,Multilingual,"İşte Türkiye’de resimlere bakıyordum, hätte ich dir schenken können. Ich war ja nicht da, als wir abfuhren. Şey geçenlerde resimlere bakıyorum işte falan, benim oda da böyle, ich hab noch Bilder von meinem Zimmer, duruyorlar orda yatakta. Anneme sordum. Anne, wo sind die überhaupt, sind die überhaupt mal hierher gekommen?",9.175780296325684,13.237852729795728,2,13.237852729795728
12,48,mal,mal,0,TR-DE,Multilingual,"İşte Türkiye’de resimlere bakıyordum, hätte ich dir schenken können. Ich war ja nicht da, als wir abfuhren. Şey geçenlerde resimlere bakıyorum işte falan, benim oda da böyle, ich hab noch Bilder von meinem Zimmer, duruyorlar orda yatakta. Anneme sordum. Anne, wo sind die überhaupt, sind die überhaupt mal hierher gekommen?",9.209457397460938,13.286438516595075,2,13.286438516595075
12,49,hierher,hierher,0,TR-DE,Multilingual,"İşte Türkiye’de resimlere bakıyordum, hätte ich dir schenken können. Ich war ja nicht da, als wir abfuhren. Şey geçenlerde resimlere bakıyorum işte falan, benim oda da böyle, ich hab noch Bilder von meinem Zimmer, duruyorlar orda yatakta. Anneme sordum. Anne, wo sind die überhaupt, sind die überhaupt mal hierher gekommen?",10.343647956848145,14.922729612046076,3,14.922729612046076
12,50,gekommen,gekommen?,0,TR-DE,Multilingual,"İşte Türkiye’de resimlere bakıyordum, hätte ich dir schenken können. Ich war ja nicht da, als wir abfuhren. Şey geçenlerde resimlere bakıyorum işte falan, benim oda da böyle, ich hab noch Bilder von meinem Zimmer, duruyorlar orda yatakta. Anneme sordum. Anne, wo sind die überhaupt, sind die überhaupt mal hierher gekommen?",4.264949321746826,6.153021236126895,3,6.153021236126895
13,1,Buraya,Buraya,0,TR-DE,Multilingual,"Buraya bir geldim, herkes Spielautomat oynuyor, ben de böyle: Die gewinnen andauernd, ne, meint ich ja, Wenn die gewinnen, ich auch, attım böyle. Nix!",16.397340774536133,23.656362219189674,3,23.656362219189674
13,2,bir,bir,0,TR-DE,Multilingual,"Buraya bir geldim, herkes Spielautomat oynuyor, ben de böyle: Die gewinnen andauernd, ne, meint ich ja, Wenn die gewinnen, ich auch, attım böyle. Nix!",14.578423500061035,21.03221928751718,2,21.03221928751718
13,3,geldim,"geldim,",0,TR-DE,Multilingual,"Buraya bir geldim, herkes Spielautomat oynuyor, ben de böyle: Die gewinnen andauernd, ne, meint ich ja, Wenn die gewinnen, ich auch, attım böyle. Nix!",19.652605056762695,28.352715855940907,4,28.352715855940907
13,4,herkes,herkes,0,TR-DE,Multilingual,"Buraya bir geldim, herkes Spielautomat oynuyor, ben de böyle: Die gewinnen andauernd, ne, meint ich ja, Wenn die gewinnen, ich auch, attım böyle. Nix!",25.946056365966797,37.43224684980582,2,37.43224684980582
13,5,Spielautomat,Spielautomat,1,TR-DE,Multilingual,"Buraya bir geldim, herkes Spielautomat oynuyor, ben de böyle: Die gewinnen andauernd, ne, meint ich ja, Wenn die gewinnen, ich auch, attım böyle. Nix!",34.508522033691406,49.78527360641412,3,49.78527360641412
13,6,oynuyor,"oynuyor,",1,TR-DE,Multilingual,"Buraya bir geldim, herkes Spielautomat oynuyor, ben de böyle: Die gewinnen andauernd, ne, meint ich ja, Wenn die gewinnen, ich auch, attım böyle. Nix!",16.027206420898438,23.12237122273393,5,23.12237122273393
13,7,ben,ben,0,TR-DE,Multilingual,"Buraya bir geldim, herkes Spielautomat oynuyor, ben de böyle: Die gewinnen andauernd, ne, meint ich ja, Wenn die gewinnen, ich auch, attım böyle. Nix!",4.664693832397461,6.729730659265151,2,6.729730659265151
13,8,de,de,0,TR-DE,Multilingual,"Buraya bir geldim, herkes Spielautomat oynuyor, ben de böyle: Die gewinnen andauernd, ne, meint ich ja, Wenn die gewinnen, ich auch, attım böyle. Nix!",6.343196392059326,9.151297978208754,2,9.151297978208754
13,9,böyle,böyle:,0,TR-DE,Multilingual,"Buraya bir geldim, herkes Spielautomat oynuyor, ben de böyle: Die gewinnen andauernd, ne, meint ich ja, Wenn die gewinnen, ich auch, attım böyle. Nix!",22.25010871887207,32.10012150795703,3,32.10012150795703
13,10,Die,Die,1,TR-DE,Multilingual,"Buraya bir geldim, herkes Spielautomat oynuyor, ben de böyle: Die gewinnen andauernd, ne, meint ich ja, Wenn die gewinnen, ich auch, attım böyle. Nix!",21.019649505615234,30.324944102975252,2,30.324944102975252
13,11,gewinnen,gewinnen,0,TR-DE,Multilingual,"Buraya bir geldim, herkes Spielautomat oynuyor, ben de böyle: Die gewinnen andauernd, ne, meint ich ja, Wenn die gewinnen, ich auch, attım böyle. Nix!",20.244659423828125,29.206869755242856,2,29.206869755242856
13,12,andauernd,"andauernd,",0,TR-DE,Multilingual,"Buraya bir geldim, herkes Spielautomat oynuyor, ben de böyle: Die gewinnen andauernd, ne, meint ich ja, Wenn die gewinnen, ich auch, attım böyle. Nix!",29.49810791015625,42.55677399758993,5,42.55677399758993
13,13,ne,"ne,",0,TR-DE,Multilingual,"Buraya bir geldim, herkes Spielautomat oynuyor, ben de böyle: Die gewinnen andauernd, ne, meint ich ja, Wenn die gewinnen, ich auch, attım böyle. Nix!",23.10668182373047,33.335895278495094,3,33.335895278495094
13,14,meint,meint,0,TR-DE,Multilingual,"Buraya bir geldim, herkes Spielautomat oynuyor, ben de böyle: Die gewinnen andauernd, ne, meint ich ja, Wenn die gewinnen, ich auch, attım böyle. Nix!",18.485092163085938,26.668350794059524,3,26.668350794059524
13,15,ich,ich,0,TR-DE,Multilingual,"Buraya bir geldim, herkes Spielautomat oynuyor, ben de böyle: Die gewinnen andauernd, ne, meint ich ja, Wenn die gewinnen, ich auch, attım böyle. Nix!",11.207743644714355,16.1693561757842,2,16.1693561757842
13,16,ja,"ja,",0,TR-DE,Multilingual,"Buraya bir geldim, herkes Spielautomat oynuyor, ben de böyle: Die gewinnen andauernd, ne, meint ich ja, Wenn die gewinnen, ich auch, attım böyle. Nix!",15.500301361083984,22.362207905920314,3,22.362207905920314
13,17,Wenn,Wenn,0,TR-DE,Multilingual,"Buraya bir geldim, herkes Spielautomat oynuyor, ben de böyle: Die gewinnen andauernd, ne, meint ich ja, Wenn die gewinnen, ich auch, attım böyle. Nix!",11.57960033416748,16.705831977579606,2,16.705831977579606
13,18,die,die,0,TR-DE,Multilingual,"Buraya bir geldim, herkes Spielautomat oynuyor, ben de böyle: Die gewinnen andauernd, ne, meint ich ja, Wenn die gewinnen, ich auch, attım böyle. Nix!",7.640149116516113,11.022405242049992,2,11.022405242049992
13,19,gewinnen,"gewinnen,",0,TR-DE,Multilingual,"Buraya bir geldim, herkes Spielautomat oynuyor, ben de böyle: Die gewinnen andauernd, ne, meint ich ja, Wenn die gewinnen, ich auch, attım böyle. Nix!",11.454262733459473,16.525008042601243,3,16.525008042601243
13,20,ich,ich,0,TR-DE,Multilingual,"Buraya bir geldim, herkes Spielautomat oynuyor, ben de böyle: Die gewinnen andauernd, ne, meint ich ja, Wenn die gewinnen, ich auch, attım böyle. Nix!",8.293291091918945,11.964689930960079,2,11.964689930960079
13,21,auch,"auch,",0,TR-DE,Multilingual,"Buraya bir geldim, herkes Spielautomat oynuyor, ben de böyle: Die gewinnen andauernd, ne, meint ich ja, Wenn die gewinnen, ich auch, attım böyle. Nix!",15.390077590942383,22.203188619348943,3,22.203188619348943
13,22,attım,attım,1,TR-DE,Multilingual,"Buraya bir geldim, herkes Spielautomat oynuyor, ben de böyle: Die gewinnen andauernd, ne, meint ich ja, Wenn die gewinnen, ich auch, attım böyle. Nix!",30.76327896118164,44.38202999878054,3,44.38202999878054
13,23,böyle,böyle.,0,TR-DE,Multilingual,"Buraya bir geldim, herkes Spielautomat oynuyor, ben de böyle: Die gewinnen andauernd, ne, meint ich ja, Wenn die gewinnen, ich auch, attım böyle. Nix!",18.456344604492188,26.626876833838658,3,26.626876833838658
13,24,Nix,Nix!,1,TR-DE,Multilingual,"Buraya bir geldim, herkes Spielautomat oynuyor, ben de böyle: Die gewinnen andauernd, ne, meint ich ja, Wenn die gewinnen, ich auch, attım böyle. Nix!",21.9276065826416,31.634849275341228,4,31.634849275341228
14,1,İşte,"İşte,",0,TR-DE,Multilingual,"İşte, dört senem de o kampta geçti benim, Lehrerausbildung yapıyorum ya, da hab ich Kinder kennengelernt, yani wie frech sie sein können!",22.060192108154297,31.82612975549205,3,31.82612975549205
14,2,dört,dört,0,TR-DE,Multilingual,"İşte, dört senem de o kampta geçti benim, Lehrerausbildung yapıyorum ya, da hab ich Kinder kennengelernt, yani wie frech sie sein können!",14.484331130981445,20.896472693260563,2,20.896472693260563
14,3,senem,senem,0,TR-DE,Multilingual,"İşte, dört senem de o kampta geçti benim, Lehrerausbildung yapıyorum ya, da hab ich Kinder kennengelernt, yani wie frech sie sein können!",15.857775688171387,22.87793434485443,3,22.87793434485443
14,4,de,de,0,TR-DE,Multilingual,"İşte, dört senem de o kampta geçti benim, Lehrerausbildung yapıyorum ya, da hab ich Kinder kennengelernt, yani wie frech sie sein können!",8.508037567138672,12.274503605807963,2,12.274503605807963
14,5,o,o,0,TR-DE,Multilingual,"İşte, dört senem de o kampta geçti benim, Lehrerausbildung yapıyorum ya, da hab ich Kinder kennengelernt, yani wie frech sie sein können!",15.305879592895508,22.081716585113934,2,22.081716585113934
14,6,kampta,kampta,0,TR-DE,Multilingual,"İşte, dört senem de o kampta geçti benim, Lehrerausbildung yapıyorum ya, da hab ich Kinder kennengelernt, yani wie frech sie sein können!",17.72572135925293,25.572810301173778,3,25.572810301173778
14,7,geçti,geçti,0,TR-DE,Multilingual,"İşte, dört senem de o kampta geçti benim, Lehrerausbildung yapıyorum ya, da hab ich Kinder kennengelernt, yani wie frech sie sein können!",12.895339965820312,18.60404301926622,2,18.60404301926622
14,8,benim,"benim,",0,TR-DE,Multilingual,"İşte, dört senem de o kampta geçti benim, Lehrerausbildung yapıyorum ya, da hab ich Kinder kennengelernt, yani wie frech sie sein können!",27.9036865234375,40.256510169883484,3,40.256510169883484
14,9,Lehrerausbildung,Lehrerausbildung,1,TR-DE,Multilingual,"İşte, dört senem de o kampta geçti benim, Lehrerausbildung yapıyorum ya, da hab ich Kinder kennengelernt, yani wie frech sie sein können!",36.42426300048828,52.5491035988398,4,52.5491035988398
14,10,yapıyorum,yapıyorum,1,TR-DE,Multilingual,"İşte, dört senem de o kampta geçti benim, Lehrerausbildung yapıyorum ya, da hab ich Kinder kennengelernt, yani wie frech sie sein können!",15.033164978027344,21.68827256266569,3,21.68827256266569
14,11,ya,"ya,",0,TR-DE,Multilingual,"İşte, dört senem de o kampta geçti benim, Lehrerausbildung yapıyorum ya, da hab ich Kinder kennengelernt, yani wie frech sie sein können!",12.532242774963379,18.08020450265621,3,18.08020450265621
14,12,da,da,1,TR-DE,Multilingual,"İşte, dört senem de o kampta geçti benim, Lehrerausbildung yapıyorum ya, da hab ich Kinder kennengelernt, yani wie frech sie sein können!",16.02623748779297,23.120973347747714,2,23.120973347747714
14,13,hab,hab,0,TR-DE,Multilingual,"İşte, dört senem de o kampta geçti benim, Lehrerausbildung yapıyorum ya, da hab ich Kinder kennengelernt, yani wie frech sie sein können!",19.209117889404297,27.712899118895052,2,27.712899118895052
14,14,ich,ich,0,TR-DE,Multilingual,"İşte, dört senem de o kampta geçti benim, Lehrerausbildung yapıyorum ya, da hab ich Kinder kennengelernt, yani wie frech sie sein können!",16.976465225219727,24.49186219224844,2,24.49186219224844
14,15,Kinder,Kinder,0,TR-DE,Multilingual,"İşte, dört senem de o kampta geçti benim, Lehrerausbildung yapıyorum ya, da hab ich Kinder kennengelernt, yani wie frech sie sein können!",15.766820907592773,22.74671433396852,2,22.74671433396852
14,16,kennengelernt,"kennengelernt,",0,TR-DE,Multilingual,"İşte, dört senem de o kampta geçti benim, Lehrerausbildung yapıyorum ya, da hab ich Kinder kennengelernt, yani wie frech sie sein können!",18.090072631835938,26.098458075270866,5,26.098458075270866
14,17,yani,yani,1,TR-DE,Multilingual,"İşte, dört senem de o kampta geçti benim, Lehrerausbildung yapıyorum ya, da hab ich Kinder kennengelernt, yani wie frech sie sein können!",17.17332649230957,24.775872966022074,2,24.775872966022074
14,18,wie,wie,1,TR-DE,Multilingual,"İşte, dört senem de o kampta geçti benim, Lehrerausbildung yapıyorum ya, da hab ich Kinder kennengelernt, yani wie frech sie sein können!",23.453659057617188,33.836477613124835,2,33.836477613124835
14,19,frech,frech,0,TR-DE,Multilingual,"İşte, dört senem de o kampta geçti benim, Lehrerausbildung yapıyorum ya, da hab ich Kinder kennengelernt, yani wie frech sie sein können!",18.458101272583008,26.629411170181772,3,26.629411170181772
14,20,sie,sie,0,TR-DE,Multilingual,"İşte, dört senem de o kampta geçti benim, Lehrerausbildung yapıyorum ya, da hab ich Kinder kennengelernt, yani wie frech sie sein können!",9.996785163879395,14.422312380761166,2,14.422312380761166
14,21,sein,sein,0,TR-DE,Multilingual,"İşte, dört senem de o kampta geçti benim, Lehrerausbildung yapıyorum ya, da hab ich Kinder kennengelernt, yani wie frech sie sein können!",9.452383041381836,13.636906138384512,2,13.636906138384512
14,22,können,können!,0,TR-DE,Multilingual,"İşte, dört senem de o kampta geçti benim, Lehrerausbildung yapıyorum ya, da hab ich Kinder kennengelernt, yani wie frech sie sein können!",8.87246036529541,12.80025456949557,3,12.80025456949557
15,1,Ich,Ich,0,DE-TR,Multilingual,"Ich kam mir auch bisschen doof vor, yalnız, weißt du?",14.481313705444336,20.892119468401923,2,20.892119468401923
15,2,kam,kam,0,DE-TR,Multilingual,"Ich kam mir auch bisschen doof vor, yalnız, weißt du?",10.32258129119873,14.892336837985601,2,14.892336837985601
15,3,mir,mir,0,DE-TR,Multilingual,"Ich kam mir auch bisschen doof vor, yalnız, weißt du?",7.512629508972168,10.838433336630235,2,10.838433336630235
15,4,auch,auch,0,DE-TR,Multilingual,"Ich kam mir auch bisschen doof vor, yalnız, weißt du?",11.408498764038086,16.458984590865615,2,16.458984590865615
15,5,bisschen,bisschen,0,DE-TR,Multilingual,"Ich kam mir auch bisschen doof vor, yalnız, weißt du?",16.465900421142578,23.755272881353893,2,23.755272881353893
15,6,doof,doof,0,DE-TR,Multilingual,"Ich kam mir auch bisschen doof vor, yalnız, weißt du?",9.02488899230957,13.020162593778412,3,13.020162593778412
15,7,vor,"vor,",0,DE-TR,Multilingual,"Ich kam mir auch bisschen doof vor, yalnız, weißt du?",27.562278747558594,39.76396286470205,3,39.76396286470205
15,8,yalnız,"yalnız,",1,DE-TR,Multilingual,"Ich kam mir auch bisschen doof vor, yalnız, weißt du?",39.794952392578125,57.411980469184854,3,57.411980469184854
15,9,weißt,weißt,0,DE-TR,Multilingual,"Ich kam mir auch bisschen doof vor, yalnız, weißt du?",11.091625213623047,16.00183269109296,3,16.00183269109296
15,10,du,du?,0,DE-TR,Multilingual,"Ich kam mir auch bisschen doof vor, yalnız, weißt du?",3.7909865379333496,5.469237478353264,3,5.469237478353264
16,1,Wieviel,Wieviel,0,DE-TR,Multilingual,"Wieviel Personen in den Szenen auftreten, was für özellikler die haben.",20.367109298706055,29.38352758248672,3,29.38352758248672
16,2,Personen,Personen,0,DE-TR,Multilingual,"Wieviel Personen in den Szenen auftreten, was für özellikler die haben.",10.829917907714844,15.624268858694784,2,15.624268858694784
16,3,in,in,0,DE-TR,Multilingual,"Wieviel Personen in den Szenen auftreten, was für özellikler die haben.",6.35430908203125,9.167330200922185,2,9.167330200922185
16,4,den,den,0,DE-TR,Multilingual,"Wieviel Personen in den Szenen auftreten, was für özellikler die haben.",12.507242202758789,18.04413630111726,2,18.04413630111726
16,5,Szenen,Szenen,0,DE-TR,Multilingual,"Wieviel Personen in den Szenen auftreten, was für özellikler die haben.",16.002765655517578,23.08711065172343,3,23.08711065172343
16,6,auftreten,"auftreten,",0,DE-TR,Multilingual,"Wieviel Personen in den Szenen auftreten, was für özellikler die haben.",13.690205574035645,19.75079169041167,3,19.75079169041167
16,7,was,was,0,DE-TR,Multilingual,"Wieviel Personen in den Szenen auftreten, was für özellikler die haben.",8.33184814453125,12.020315999555146,2,12.020315999555146
16,8,für,für,0,DE-TR,Multilingual,"Wieviel Personen in den Szenen auftreten, was für özellikler die haben.",25.47816276550293,36.75721907275292,2,36.75721907275292
16,9,özellikler,özellikler,1,DE-TR,Multilingual,"Wieviel Personen in den Szenen auftreten, was für özellikler die haben.",26.09531593322754,37.64758288729812,2,37.64758288729812
16,10,die,die,1,DE-TR,Multilingual,"Wieviel Personen in den Szenen auftreten, was für özellikler die haben.",11.615159034729004,16.757132338540174,2,16.757132338540174
16,11,haben,haben.,0,DE-TR,Multilingual,"Wieviel Personen in den Szenen auftreten, was für özellikler die haben.",11.665731430053711,16.830092882481004,3,16.830092882481004
17,1,Aber,Aber,0,DE-TR,Multilingual,"Aber wir wollen ihnen ein özet geben, damit sie anhand dieses özets die Dialoge ausarbeiten.",12.89499568939209,18.603546333370527,2,18.603546333370527
17,2,wir,wir,0,DE-TR,Multilingual,"Aber wir wollen ihnen ein özet geben, damit sie anhand dieses özets die Dialoge ausarbeiten.",7.0687785148620605,10.198091708533946,2,10.198091708533946
17,3,wollen,wollen,0,DE-TR,Multilingual,"Aber wir wollen ihnen ein özet geben, damit sie anhand dieses özets die Dialoge ausarbeiten.",9.733072280883789,14.041855112244875,2,14.041855112244875
17,4,ihnen,ihnen,0,DE-TR,Multilingual,"Aber wir wollen ihnen ein özet geben, damit sie anhand dieses özets die Dialoge ausarbeiten.",10.562450408935547,15.238394824606917,2,15.238394824606917
17,5,ein,ein,0,DE-TR,Multilingual,"Aber wir wollen ihnen ein özet geben, damit sie anhand dieses özets die Dialoge ausarbeiten.",20.047016143798828,28.92173077527956,2,28.92173077527956
17,6,özet,özet,1,DE-TR,Multilingual,"Aber wir wollen ihnen ein özet geben, damit sie anhand dieses özets die Dialoge ausarbeiten.",23.431713104248047,33.8048162950316,3,33.8048162950316
17,7,geben,"geben,",1,DE-TR,Multilingual,"Aber wir wollen ihnen ein özet geben, damit sie anhand dieses özets die Dialoge ausarbeiten.",10.36046028137207,14.94698466926256,3,14.94698466926256
17,8,damit,damit,0,DE-TR,Multilingual,"Aber wir wollen ihnen ein özet geben, damit sie anhand dieses özets die Dialoge ausarbeiten.",3.5520737171173096,5.12455913655717,2,5.12455913655717
17,9,sie,sie,0,DE-TR,Multilingual,"Aber wir wollen ihnen ein özet geben, damit sie anhand dieses özets die Dialoge ausarbeiten.",5.759153366088867,8.308702000975389,2,8.308702000975389
17,10,anhand,anhand,0,DE-TR,Multilingual,"Aber wir wollen ihnen ein özet geben, damit sie anhand dieses özets die Dialoge ausarbeiten.",12.138465881347656,17.512104531020146,3,17.512104531020146
17,11,dieses,dieses,0,DE-TR,Multilingual,"Aber wir wollen ihnen ein özet geben, damit sie anhand dieses özets die Dialoge ausarbeiten.",9.782447814941406,14.113088950371043,2,14.113088950371043
17,12,özets,özets,1,DE-TR,Multilingual,"Aber wir wollen ihnen ein özet geben, damit sie anhand dieses özets die Dialoge ausarbeiten.",13.028932571411133,18.79677640885153,3,18.79677640885153
17,13,die,die,1,DE-TR,Multilingual,"Aber wir wollen ihnen ein özet geben, damit sie anhand dieses özets die Dialoge ausarbeiten.",14.893648147583008,21.486992323263102,2,21.486992323263102
17,14,Dialoge,Dialoge,0,DE-TR,Multilingual,"Aber wir wollen ihnen ein özet geben, damit sie anhand dieses özets die Dialoge ausarbeiten.",16.844146728515625,24.300966953235548,3,24.300966953235548
17,15,ausarbeiten,ausarbeiten.,0,DE-TR,Multilingual,"Aber wir wollen ihnen ein özet geben, damit sie anhand dieses özets die Dialoge ausarbeiten.",11.608860969543457,16.74804615112979,4,16.74804615112979
18,1,Ich,Ich,0,DE-TR,Multilingual,"Ich mach das immer, ich geh immer hin, weißt du. Ich hasse das, çünkü bir arkadaş var, kızıyla olunca hiç gelmiyor, selam vermiyor, böyle yapıyor tek, ich mag so was nicht, was soll das Alter, so entweder sieht sie das ein, oder soll gar nicht mit mir in der Stadt rumgehen, değil mi? Yani ama sonuçta sen onunla Stadtta dolaşıyorsun.",14.819016456604004,21.379321552794536,2,21.379321552794536
18,2,mach,mach,0,DE-TR,Multilingual,"Ich mach das immer, ich geh immer hin, weißt du. Ich hasse das, çünkü bir arkadaş var, kızıyla olunca hiç gelmiyor, selam vermiyor, böyle yapıyor tek, ich mag so was nicht, was soll das Alter, so entweder sieht sie das ein, oder soll gar nicht mit mir in der Stadt rumgehen, değil mi? Yani ama sonuçta sen onunla Stadtta dolaşıyorsun.",9.410521507263184,13.57651271070753,2,13.57651271070753
18,3,das,das,0,DE-TR,Multilingual,"Ich mach das immer, ich geh immer hin, weißt du. Ich hasse das, çünkü bir arkadaş var, kızıyla olunca hiç gelmiyor, selam vermiyor, böyle yapıyor tek, ich mag so was nicht, was soll das Alter, so entweder sieht sie das ein, oder soll gar nicht mit mir in der Stadt rumgehen, değil mi? Yani ama sonuçta sen onunla Stadtta dolaşıyorsun.",6.197366237640381,8.94090953761647,2,8.94090953761647
18,4,immer,"immer,",0,DE-TR,Multilingual,"Ich mach das immer, ich geh immer hin, weißt du. Ich hasse das, çünkü bir arkadaş var, kızıyla olunca hiç gelmiyor, selam vermiyor, böyle yapıyor tek, ich mag so was nicht, was soll das Alter, so entweder sieht sie das ein, oder soll gar nicht mit mir in der Stadt rumgehen, değil mi? Yani ama sonuçta sen onunla Stadtta dolaşıyorsun.",10.148418426513672,14.641072936797451,3,14.641072936797451
18,5,ich,ich,0,DE-TR,Multilingual,"Ich mach das immer, ich geh immer hin, weißt du. Ich hasse das, çünkü bir arkadaş var, kızıyla olunca hiç gelmiyor, selam vermiyor, böyle yapıyor tek, ich mag so was nicht, was soll das Alter, so entweder sieht sie das ein, oder soll gar nicht mit mir in der Stadt rumgehen, değil mi? Yani ama sonuçta sen onunla Stadtta dolaşıyorsun.",10.126165390014648,14.60896859139559,2,14.60896859139559
18,6,geh,geh,0,DE-TR,Multilingual,"Ich mach das immer, ich geh immer hin, weißt du. Ich hasse das, çünkü bir arkadaş var, kızıyla olunca hiç gelmiyor, selam vermiyor, böyle yapıyor tek, ich mag so was nicht, was soll das Alter, so entweder sieht sie das ein, oder soll gar nicht mit mir in der Stadt rumgehen, değil mi? Yani ama sonuçta sen onunla Stadtta dolaşıyorsun.",9.836389541625977,14.19091041195586,2,14.19091041195586
18,7,immer,immer,0,DE-TR,Multilingual,"Ich mach das immer, ich geh immer hin, weißt du. Ich hasse das, çünkü bir arkadaş var, kızıyla olunca hiç gelmiyor, selam vermiyor, böyle yapıyor tek, ich mag so was nicht, was soll das Alter, so entweder sieht sie das ein, oder soll gar nicht mit mir in der Stadt rumgehen, değil mi? Yani ama sonuçta sen onunla Stadtta dolaşıyorsun.",6.964666366577148,10.047889628507008,2,10.047889628507008
18,8,hin,"hin,",0,DE-TR,Multilingual,"Ich mach das immer, ich geh immer hin, weißt du. Ich hasse das, çünkü bir arkadaş var, kızıyla olunca hiç gelmiyor, selam vermiyor, böyle yapıyor tek, ich mag so was nicht, was soll das Alter, so entweder sieht sie das ein, oder soll gar nicht mit mir in der Stadt rumgehen, değil mi? Yani ama sonuçta sen onunla Stadtta dolaşıyorsun.",10.956526756286621,15.80692681666195,3,15.80692681666195
18,9,weißt,weißt,0,DE-TR,Multilingual,"Ich mach das immer, ich geh immer hin, weißt du. Ich hasse das, çünkü bir arkadaş var, kızıyla olunca hiç gelmiyor, selam vermiyor, böyle yapıyor tek, ich mag so was nicht, was soll das Alter, so entweder sieht sie das ein, oder soll gar nicht mit mir in der Stadt rumgehen, değil mi? Yani ama sonuçta sen onunla Stadtta dolaşıyorsun.",11.951627731323242,17.242554058531056,3,17.242554058531056
18,10,du,du.,0,DE-TR,Multilingual,"Ich mach das immer, ich geh immer hin, weißt du. Ich hasse das, çünkü bir arkadaş var, kızıyla olunca hiç gelmiyor, selam vermiyor, böyle yapıyor tek, ich mag so was nicht, was soll das Alter, so entweder sieht sie das ein, oder soll gar nicht mit mir in der Stadt rumgehen, değil mi? Yani ama sonuçta sen onunla Stadtta dolaşıyorsun.",7.028409004211426,10.139850815715162,3,10.139850815715162
18,11,Ich,Ich,0,DE-TR,Multilingual,"Ich mach das immer, ich geh immer hin, weißt du. Ich hasse das, çünkü bir arkadaş var, kızıyla olunca hiç gelmiyor, selam vermiyor, böyle yapıyor tek, ich mag so was nicht, was soll das Alter, so entweder sieht sie das ein, oder soll gar nicht mit mir in der Stadt rumgehen, değil mi? Yani ama sonuçta sen onunla Stadtta dolaşıyorsun.",9.426161766052246,13.59907683450073,2,13.59907683450073
18,12,hasse,hasse,0,DE-TR,Multilingual,"Ich mach das immer, ich geh immer hin, weißt du. Ich hasse das, çünkü bir arkadaş var, kızıyla olunca hiç gelmiyor, selam vermiyor, böyle yapıyor tek, ich mag so was nicht, was soll das Alter, so entweder sieht sie das ein, oder soll gar nicht mit mir in der Stadt rumgehen, değil mi? Yani ama sonuçta sen onunla Stadtta dolaşıyorsun.",9.16946029663086,13.228734897577585,3,13.228734897577585
18,13,das,"das,",0,DE-TR,Multilingual,"Ich mach das immer, ich geh immer hin, weißt du. Ich hasse das, çünkü bir arkadaş var, kızıyla olunca hiç gelmiyor, selam vermiyor, böyle yapıyor tek, ich mag so was nicht, was soll das Alter, so entweder sieht sie das ein, oder soll gar nicht mit mir in der Stadt rumgehen, değil mi? Yani ama sonuçta sen onunla Stadtta dolaşıyorsun.",23.885034561157227,34.45882091284303,3,34.45882091284303
18,14,çünkü,çünkü,1,DE-TR,Multilingual,"Ich mach das immer, ich geh immer hin, weißt du. Ich hasse das, çünkü bir arkadaş var, kızıyla olunca hiç gelmiyor, selam vermiyor, böyle yapıyor tek, ich mag so was nicht, was soll das Alter, so entweder sieht sie das ein, oder soll gar nicht mit mir in der Stadt rumgehen, değil mi? Yani ama sonuçta sen onunla Stadtta dolaşıyorsun.",25.35724639892578,36.582773630329754,2,36.582773630329754
18,15,bir,bir,0,DE-TR,Multilingual,"Ich mach das immer, ich geh immer hin, weißt du. Ich hasse das, çünkü bir arkadaş var, kızıyla olunca hiç gelmiyor, selam vermiyor, böyle yapıyor tek, ich mag so was nicht, was soll das Alter, so entweder sieht sie das ein, oder soll gar nicht mit mir in der Stadt rumgehen, değil mi? Yani ama sonuçta sen onunla Stadtta dolaşıyorsun.",12.137289047241211,17.510406718290827,2,17.510406718290827
18,16,arkadaş,arkadaş,0,DE-TR,Multilingual,"Ich mach das immer, ich geh immer hin, weißt du. Ich hasse das, çünkü bir arkadaş var, kızıyla olunca hiç gelmiyor, selam vermiyor, böyle yapıyor tek, ich mag so was nicht, was soll das Alter, so entweder sieht sie das ein, oder soll gar nicht mit mir in der Stadt rumgehen, değil mi? Yani ama sonuçta sen onunla Stadtta dolaşıyorsun.",11.257707595825195,16.241438920275023,2,16.241438920275023
18,17,var,"var,",0,DE-TR,Multilingual,"Ich mach das immer, ich geh immer hin, weißt du. Ich hasse das, çünkü bir arkadaş var, kızıyla olunca hiç gelmiyor, selam vermiyor, böyle yapıyor tek, ich mag so was nicht, was soll das Alter, so entweder sieht sie das ein, oder soll gar nicht mit mir in der Stadt rumgehen, değil mi? Yani ama sonuçta sen onunla Stadtta dolaşıyorsun.",13.612098693847656,19.63810728170515,3,19.63810728170515
18,18,kızıyla,kızıyla,0,DE-TR,Multilingual,"Ich mach das immer, ich geh immer hin, weißt du. Ich hasse das, çünkü bir arkadaş var, kızıyla olunca hiç gelmiyor, selam vermiyor, böyle yapıyor tek, ich mag so was nicht, was soll das Alter, so entweder sieht sie das ein, oder soll gar nicht mit mir in der Stadt rumgehen, değil mi? Yani ama sonuçta sen onunla Stadtta dolaşıyorsun.",22.38943099975586,32.30112107167341,3,32.30112107167341
18,19,olunca,olunca,0,DE-TR,Multilingual,"Ich mach das immer, ich geh immer hin, weißt du. Ich hasse das, çünkü bir arkadaş var, kızıyla olunca hiç gelmiyor, selam vermiyor, böyle yapıyor tek, ich mag so was nicht, was soll das Alter, so entweder sieht sie das ein, oder soll gar nicht mit mir in der Stadt rumgehen, değil mi? Yani ama sonuçta sen onunla Stadtta dolaşıyorsun.",15.24316692352295,21.991241328009238,3,21.991241328009238
18,20,hiç,hiç,0,DE-TR,Multilingual,"Ich mach das immer, ich geh immer hin, weißt du. Ich hasse das, çünkü bir arkadaş var, kızıyla olunca hiç gelmiyor, selam vermiyor, böyle yapıyor tek, ich mag so was nicht, was soll das Alter, so entweder sieht sie das ein, oder soll gar nicht mit mir in der Stadt rumgehen, değil mi? Yani ama sonuçta sen onunla Stadtta dolaşıyorsun.",9.767494201660156,14.091515446646813,2,14.091515446646813
18,21,gelmiyor,"gelmiyor,",0,DE-TR,Multilingual,"Ich mach das immer, ich geh immer hin, weißt du. Ich hasse das, çünkü bir arkadaş var, kızıyla olunca hiç gelmiyor, selam vermiyor, böyle yapıyor tek, ich mag so was nicht, was soll das Alter, so entweder sieht sie das ein, oder soll gar nicht mit mir in der Stadt rumgehen, değil mi? Yani ama sonuçta sen onunla Stadtta dolaşıyorsun.",17.914960861206055,25.84582519218185,4,25.84582519218185
18,22,selam,selam,0,DE-TR,Multilingual,"Ich mach das immer, ich geh immer hin, weißt du. Ich hasse das, çünkü bir arkadaş var, kızıyla olunca hiç gelmiyor, selam vermiyor, böyle yapıyor tek, ich mag so was nicht, was soll das Alter, so entweder sieht sie das ein, oder soll gar nicht mit mir in der Stadt rumgehen, değil mi? Yani ama sonuçta sen onunla Stadtta dolaşıyorsun.",12.350244522094727,17.81763652579215,2,17.81763652579215
18,23,vermiyor,"vermiyor,",0,DE-TR,Multilingual,"Ich mach das immer, ich geh immer hin, weißt du. Ich hasse das, çünkü bir arkadaş var, kızıyla olunca hiç gelmiyor, selam vermiyor, böyle yapıyor tek, ich mag so was nicht, was soll das Alter, so entweder sieht sie das ein, oder soll gar nicht mit mir in der Stadt rumgehen, değil mi? Yani ama sonuçta sen onunla Stadtta dolaşıyorsun.",11.35289192199707,16.378760875613548,4,16.378760875613548
18,24,böyle,böyle,0,DE-TR,Multilingual,"Ich mach das immer, ich geh immer hin, weißt du. Ich hasse das, çünkü bir arkadaş var, kızıyla olunca hiç gelmiyor, selam vermiyor, böyle yapıyor tek, ich mag so was nicht, was soll das Alter, so entweder sieht sie das ein, oder soll gar nicht mit mir in der Stadt rumgehen, değil mi? Yani ama sonuçta sen onunla Stadtta dolaşıyorsun.",11.926191329956055,17.20585708842055,2,17.20585708842055
18,25,yapıyor,yapıyor,0,DE-TR,Multilingual,"Ich mach das immer, ich geh immer hin, weißt du. Ich hasse das, çünkü bir arkadaş var, kızıyla olunca hiç gelmiyor, selam vermiyor, böyle yapıyor tek, ich mag so was nicht, was soll das Alter, so entweder sieht sie das ein, oder soll gar nicht mit mir in der Stadt rumgehen, değil mi? Yani ama sonuçta sen onunla Stadtta dolaşıyorsun.",16.265132904052734,23.465626580076783,2,23.465626580076783
18,26,tek,"tek,",0,DE-TR,Multilingual,"Ich mach das immer, ich geh immer hin, weißt du. Ich hasse das, çünkü bir arkadaş var, kızıyla olunca hiç gelmiyor, selam vermiyor, böyle yapıyor tek, ich mag so was nicht, was soll das Alter, so entweder sieht sie das ein, oder soll gar nicht mit mir in der Stadt rumgehen, değil mi? Yani ama sonuçta sen onunla Stadtta dolaşıyorsun.",22.860153198242188,32.98022965306598,3,32.98022965306598
18,27,ich,ich,1,DE-TR,Multilingual,"Ich mach das immer, ich geh immer hin, weißt du. Ich hasse das, çünkü bir arkadaş var, kızıyla olunca hiç gelmiyor, selam vermiyor, böyle yapıyor tek, ich mag so was nicht, was soll das Alter, so entweder sieht sie das ein, oder soll gar nicht mit mir in der Stadt rumgehen, değil mi? Yani ama sonuçta sen onunla Stadtta dolaşıyorsun.",12.591238021850586,18.1653166527764,2,18.1653166527764
18,28,mag,mag,0,DE-TR,Multilingual,"Ich mach das immer, ich geh immer hin, weißt du. Ich hasse das, çünkü bir arkadaş var, kızıyla olunca hiç gelmiyor, selam vermiyor, böyle yapıyor tek, ich mag so was nicht, was soll das Alter, so entweder sieht sie das ein, oder soll gar nicht mit mir in der Stadt rumgehen, değil mi? Yani ama sonuçta sen onunla Stadtta dolaşıyorsun.",11.65340805053711,16.81231400396541,2,16.81231400396541
18,29,so,so,0,DE-TR,Multilingual,"Ich mach das immer, ich geh immer hin, weißt du. Ich hasse das, çünkü bir arkadaş var, kızıyla olunca hiç gelmiyor, selam vermiyor, böyle yapıyor tek, ich mag so was nicht, was soll das Alter, so entweder sieht sie das ein, oder soll gar nicht mit mir in der Stadt rumgehen, değil mi? Yani ama sonuçta sen onunla Stadtta dolaşıyorsun.",11.566034317016602,16.68626035191142,2,16.68626035191142
18,30,was,was,0,DE-TR,Multilingual,"Ich mach das immer, ich geh immer hin, weißt du. Ich hasse das, çünkü bir arkadaş var, kızıyla olunca hiç gelmiyor, selam vermiyor, böyle yapıyor tek, ich mag so was nicht, was soll das Alter, so entweder sieht sie das ein, oder soll gar nicht mit mir in der Stadt rumgehen, değil mi? Yani ama sonuçta sen onunla Stadtta dolaşıyorsun.",9.489812850952148,13.690905939033021,2,13.690905939033021
18,31,nicht,"nicht,",0,DE-TR,Multilingual,"Ich mach das immer, ich geh immer hin, weißt du. Ich hasse das, çünkü bir arkadaş var, kızıyla olunca hiç gelmiyor, selam vermiyor, böyle yapıyor tek, ich mag so was nicht, was soll das Alter, so entweder sieht sie das ein, oder soll gar nicht mit mir in der Stadt rumgehen, değil mi? Yani ama sonuçta sen onunla Stadtta dolaşıyorsun.",10.055835723876953,14.50750433083136,3,14.50750433083136
18,32,was,was,0,DE-TR,Multilingual,"Ich mach das immer, ich geh immer hin, weißt du. Ich hasse das, çünkü bir arkadaş var, kızıyla olunca hiç gelmiyor, selam vermiyor, böyle yapıyor tek, ich mag so was nicht, was soll das Alter, so entweder sieht sie das ein, oder soll gar nicht mit mir in der Stadt rumgehen, değil mi? Yani ama sonuçta sen onunla Stadtta dolaşıyorsun.",7.8975300788879395,11.393727480083054,2,11.393727480083054
18,33,soll,soll,0,DE-TR,Multilingual,"Ich mach das immer, ich geh immer hin, weißt du. Ich hasse das, çünkü bir arkadaş var, kızıyla olunca hiç gelmiyor, selam vermiyor, böyle yapıyor tek, ich mag so was nicht, was soll das Alter, so entweder sieht sie das ein, oder soll gar nicht mit mir in der Stadt rumgehen, değil mi? Yani ama sonuçta sen onunla Stadtta dolaşıyorsun.",5.196683406829834,7.497229380103366,2,7.497229380103366
18,34,das,das,0,DE-TR,Multilingual,"Ich mach das immer, ich geh immer hin, weißt du. Ich hasse das, çünkü bir arkadaş var, kızıyla olunca hiç gelmiyor, selam vermiyor, böyle yapıyor tek, ich mag so was nicht, was soll das Alter, so entweder sieht sie das ein, oder soll gar nicht mit mir in der Stadt rumgehen, değil mi? Yani ama sonuçta sen onunla Stadtta dolaşıyorsun.",15.792142868041992,22.783246200734194,2,22.783246200734194
18,35,Alter,"Alter,",0,DE-TR,Multilingual,"Ich mach das immer, ich geh immer hin, weißt du. Ich hasse das, çünkü bir arkadaş var, kızıyla olunca hiç gelmiyor, selam vermiyor, böyle yapıyor tek, ich mag so was nicht, was soll das Alter, so entweder sieht sie das ein, oder soll gar nicht mit mir in der Stadt rumgehen, değil mi? Yani ama sonuçta sen onunla Stadtta dolaşıyorsun.",19.97209930419922,28.81364862231013,3,28.81364862231013
18,36,so,so,0,DE-TR,Multilingual,"Ich mach das immer, ich geh immer hin, weißt du. Ich hasse das, çünkü bir arkadaş var, kızıyla olunca hiç gelmiyor, selam vermiyor, böyle yapıyor tek, ich mag so was nicht, was soll das Alter, so entweder sieht sie das ein, oder soll gar nicht mit mir in der Stadt rumgehen, değil mi? Yani ama sonuçta sen onunla Stadtta dolaşıyorsun.",19.006595611572266,27.42072123299724,2,27.42072123299724
18,37,entweder,entweder,0,DE-TR,Multilingual,"Ich mach das immer, ich geh immer hin, weißt du. Ich hasse das, çünkü bir arkadaş var, kızıyla olunca hiç gelmiyor, selam vermiyor, böyle yapıyor tek, ich mag so was nicht, was soll das Alter, so entweder sieht sie das ein, oder soll gar nicht mit mir in der Stadt rumgehen, değil mi? Yani ama sonuçta sen onunla Stadtta dolaşıyorsun.",21.624000549316406,31.196838356679002,2,31.196838356679002
18,38,sieht,sieht,0,DE-TR,Multilingual,"Ich mach das immer, ich geh immer hin, weißt du. Ich hasse das, çünkü bir arkadaş var, kızıyla olunca hiç gelmiyor, selam vermiyor, böyle yapıyor tek, ich mag so was nicht, was soll das Alter, so entweder sieht sie das ein, oder soll gar nicht mit mir in der Stadt rumgehen, değil mi? Yani ama sonuçta sen onunla Stadtta dolaşıyorsun.",11.721084594726562,16.909950618652037,2,16.909950618652037
18,39,sie,sie,0,DE-TR,Multilingual,"Ich mach das immer, ich geh immer hin, weißt du. Ich hasse das, çünkü bir arkadaş var, kızıyla olunca hiç gelmiyor, selam vermiyor, böyle yapıyor tek, ich mag so was nicht, was soll das Alter, so entweder sieht sie das ein, oder soll gar nicht mit mir in der Stadt rumgehen, değil mi? Yani ama sonuçta sen onunla Stadtta dolaşıyorsun.",9.298511505126953,13.414916436095627,2,13.414916436095627
18,40,das,das,0,DE-TR,Multilingual,"Ich mach das immer, ich geh immer hin, weißt du. Ich hasse das, çünkü bir arkadaş var, kızıyla olunca hiç gelmiyor, selam vermiyor, böyle yapıyor tek, ich mag so was nicht, was soll das Alter, so entweder sieht sie das ein, oder soll gar nicht mit mir in der Stadt rumgehen, değil mi? Yani ama sonuçta sen onunla Stadtta dolaşıyorsun.",10.012693405151367,14.445263121553506,2,14.445263121553506
18,41,ein,"ein,",0,DE-TR,Multilingual,"Ich mach das immer, ich geh immer hin, weißt du. Ich hasse das, çünkü bir arkadaş var, kızıyla olunca hiç gelmiyor, selam vermiyor, böyle yapıyor tek, ich mag so was nicht, was soll das Alter, so entweder sieht sie das ein, oder soll gar nicht mit mir in der Stadt rumgehen, değil mi? Yani ama sonuçta sen onunla Stadtta dolaşıyorsun.",8.233142852783203,11.877914364640741,3,11.877914364640741
18,42,oder,oder,0,DE-TR,Multilingual,"Ich mach das immer, ich geh immer hin, weißt du. Ich hasse das, çünkü bir arkadaş var, kızıyla olunca hiç gelmiyor, selam vermiyor, böyle yapıyor tek, ich mag so was nicht, was soll das Alter, so entweder sieht sie das ein, oder soll gar nicht mit mir in der Stadt rumgehen, değil mi? Yani ama sonuçta sen onunla Stadtta dolaşıyorsun.",6.52432918548584,9.412617361027552,2,9.412617361027552
18,43,soll,soll,0,DE-TR,Multilingual,"Ich mach das immer, ich geh immer hin, weißt du. Ich hasse das, çünkü bir arkadaş var, kızıyla olunca hiç gelmiyor, selam vermiyor, böyle yapıyor tek, ich mag so was nicht, was soll das Alter, so entweder sieht sie das ein, oder soll gar nicht mit mir in der Stadt rumgehen, değil mi? Yani ama sonuçta sen onunla Stadtta dolaşıyorsun.",13.5236234664917,19.51046450995719,2,19.51046450995719
18,44,gar,gar,0,DE-TR,Multilingual,"Ich mach das immer, ich geh immer hin, weißt du. Ich hasse das, çünkü bir arkadaş var, kızıyla olunca hiç gelmiyor, selam vermiyor, böyle yapıyor tek, ich mag so was nicht, was soll das Alter, so entweder sieht sie das ein, oder soll gar nicht mit mir in der Stadt rumgehen, değil mi? Yani ama sonuçta sen onunla Stadtta dolaşıyorsun.",9.189481735229492,13.257619727755294,2,13.257619727755294
18,45,nicht,nicht,0,DE-TR,Multilingual,"Ich mach das immer, ich geh immer hin, weißt du. Ich hasse das, çünkü bir arkadaş var, kızıyla olunca hiç gelmiyor, selam vermiyor, böyle yapıyor tek, ich mag so was nicht, was soll das Alter, so entweder sieht sie das ein, oder soll gar nicht mit mir in der Stadt rumgehen, değil mi? Yani ama sonuçta sen onunla Stadtta dolaşıyorsun.",6.903354644775391,9.959435511515247,2,9.959435511515247
18,46,mit,mit,0,DE-TR,Multilingual,"Ich mach das immer, ich geh immer hin, weißt du. Ich hasse das, çünkü bir arkadaş var, kızıyla olunca hiç gelmiyor, selam vermiyor, böyle yapıyor tek, ich mag so was nicht, was soll das Alter, so entweder sieht sie das ein, oder soll gar nicht mit mir in der Stadt rumgehen, değil mi? Yani ama sonuçta sen onunla Stadtta dolaşıyorsun.",7.566330909729004,10.915908081190913,2,10.915908081190913
18,47,mir,mir,0,DE-TR,Multilingual,"Ich mach das immer, ich geh immer hin, weißt du. Ich hasse das, çünkü bir arkadaş var, kızıyla olunca hiç gelmiyor, selam vermiyor, böyle yapıyor tek, ich mag so was nicht, was soll das Alter, so entweder sieht sie das ein, oder soll gar nicht mit mir in der Stadt rumgehen, değil mi? Yani ama sonuçta sen onunla Stadtta dolaşıyorsun.",5.353478908538818,7.723437472852614,2,7.723437472852614
18,48,in,in,0,DE-TR,Multilingual,"Ich mach das immer, ich geh immer hin, weißt du. Ich hasse das, çünkü bir arkadaş var, kızıyla olunca hiç gelmiyor, selam vermiyor, böyle yapıyor tek, ich mag so was nicht, was soll das Alter, so entweder sieht sie das ein, oder soll gar nicht mit mir in der Stadt rumgehen, değil mi? Yani ama sonuçta sen onunla Stadtta dolaşıyorsun.",5.831191062927246,8.412630428961181,2,8.412630428961181
18,49,der,der,0,DE-TR,Multilingual,"Ich mach das immer, ich geh immer hin, weißt du. Ich hasse das, çünkü bir arkadaş var, kızıyla olunca hiç gelmiyor, selam vermiyor, böyle yapıyor tek, ich mag so was nicht, was soll das Alter, so entweder sieht sie das ein, oder soll gar nicht mit mir in der Stadt rumgehen, değil mi? Yani ama sonuçta sen onunla Stadtta dolaşıyorsun.",6.202096462249756,8.947733809202708,2,8.947733809202708
18,50,Stadt,Stadt,0,DE-TR,Multilingual,"Ich mach das immer, ich geh immer hin, weißt du. Ich hasse das, çünkü bir arkadaş var, kızıyla olunca hiç gelmiyor, selam vermiyor, böyle yapıyor tek, ich mag so was nicht, was soll das Alter, so entweder sieht sie das ein, oder soll gar nicht mit mir in der Stadt rumgehen, değil mi? Yani ama sonuçta sen onunla Stadtta dolaşıyorsun.",9.542333602905273,13.766677367419554,2,13.766677367419554
18,51,rumgehen,"rumgehen,",0,DE-TR,Multilingual,"Ich mach das immer, ich geh immer hin, weißt du. Ich hasse das, çünkü bir arkadaş var, kızıyla olunca hiç gelmiyor, selam vermiyor, böyle yapıyor tek, ich mag so was nicht, was soll das Alter, so entweder sieht sie das ein, oder soll gar nicht mit mir in der Stadt rumgehen, değil mi? Yani ama sonuçta sen onunla Stadtta dolaşıyorsun.",19.91571044921875,28.7322967008684,4,28.7322967008684
18,52,değil,değil,1,DE-TR,Multilingual,"Ich mach das immer, ich geh immer hin, weißt du. Ich hasse das, çünkü bir arkadaş var, kızıyla olunca hiç gelmiyor, selam vermiyor, böyle yapıyor tek, ich mag so was nicht, was soll das Alter, so entweder sieht sie das ein, oder soll gar nicht mit mir in der Stadt rumgehen, değil mi? Yani ama sonuçta sen onunla Stadtta dolaşıyorsun.",11.516827583312988,16.615270041218874,2,16.615270041218874
18,53,mi,mi?,0,DE-TR,Multilingual,"Ich mach das immer, ich geh immer hin, weißt du. Ich hasse das, çünkü bir arkadaş var, kızıyla olunca hiç gelmiyor, selam vermiyor, böyle yapıyor tek, ich mag so was nicht, was soll das Alter, so entweder sieht sie das ein, oder soll gar nicht mit mir in der Stadt rumgehen, değil mi? Yani ama sonuçta sen onunla Stadtta dolaşıyorsun.",9.588326454162598,13.83303102584484,3,13.83303102584484
18,54,Yani,Yani,0,DE-TR,Multilingual,"Ich mach das immer, ich geh immer hin, weißt du. Ich hasse das, çünkü bir arkadaş var, kızıyla olunca hiç gelmiyor, selam vermiyor, böyle yapıyor tek, ich mag so was nicht, was soll das Alter, so entweder sieht sie das ein, oder soll gar nicht mit mir in der Stadt rumgehen, değil mi? Yani ama sonuçta sen onunla Stadtta dolaşıyorsun.",14.65480899810791,21.14242026674524,2,21.14242026674524
18,55,ama,ama,0,DE-TR,Multilingual,"Ich mach das immer, ich geh immer hin, weißt du. Ich hasse das, çünkü bir arkadaş var, kızıyla olunca hiç gelmiyor, selam vermiyor, böyle yapıyor tek, ich mag so was nicht, was soll das Alter, so entweder sieht sie das ein, oder soll gar nicht mit mir in der Stadt rumgehen, değil mi? Yani ama sonuçta sen onunla Stadtta dolaşıyorsun.",20.79396629333496,29.99935205180661,2,29.99935205180661
18,56,sonuçta,sonuçta,0,DE-TR,Multilingual,"Ich mach das immer, ich geh immer hin, weißt du. Ich hasse das, çünkü bir arkadaş var, kızıyla olunca hiç gelmiyor, selam vermiyor, böyle yapıyor tek, ich mag so was nicht, was soll das Alter, so entweder sieht sie das ein, oder soll gar nicht mit mir in der Stadt rumgehen, değil mi? Yani ama sonuçta sen onunla Stadtta dolaşıyorsun.",20.48866081237793,29.55888934847368,3,29.55888934847368
18,57,sen,sen,0,DE-TR,Multilingual,"Ich mach das immer, ich geh immer hin, weißt du. Ich hasse das, çünkü bir arkadaş var, kızıyla olunca hiç gelmiyor, selam vermiyor, böyle yapıyor tek, ich mag so was nicht, was soll das Alter, so entweder sieht sie das ein, oder soll gar nicht mit mir in der Stadt rumgehen, değil mi? Yani ama sonuçta sen onunla Stadtta dolaşıyorsun.",18.614477157592773,26.855013883999984,2,26.855013883999984
18,58,onunla,onunla,0,DE-TR,Multilingual,"Ich mach das immer, ich geh immer hin, weißt du. Ich hasse das, çünkü bir arkadaş var, kızıyla olunca hiç gelmiyor, selam vermiyor, böyle yapıyor tek, ich mag so was nicht, was soll das Alter, so entweder sieht sie das ein, oder soll gar nicht mit mir in der Stadt rumgehen, değil mi? Yani ama sonuçta sen onunla Stadtta dolaşıyorsun.",22.307743072509766,32.183270304134965,2,32.183270304134965
18,59,Stadtta,Stadtta,1,DE-TR,Multilingual,"Ich mach das immer, ich geh immer hin, weißt du. Ich hasse das, çünkü bir arkadaş var, kızıyla olunca hiç gelmiyor, selam vermiyor, böyle yapıyor tek, ich mag so was nicht, was soll das Alter, so entweder sieht sie das ein, oder soll gar nicht mit mir in der Stadt rumgehen, değil mi? Yani ama sonuçta sen onunla Stadtta dolaşıyorsun.",25.102752685546875,36.215616812100585,3,36.215616812100585
18,60,dolaşıyorsun,dolaşıyorsun.,1,DE-TR,Multilingual,"Ich mach das immer, ich geh immer hin, weißt du. Ich hasse das, çünkü bir arkadaş var, kızıyla olunca hiç gelmiyor, selam vermiyor, böyle yapıyor tek, ich mag so was nicht, was soll das Alter, so entweder sieht sie das ein, oder soll gar nicht mit mir in der Stadt rumgehen, değil mi? Yani ama sonuçta sen onunla Stadtta dolaşıyorsun.",14.80855941772461,21.36423523466085,6,21.36423523466085
19,1,Wir,Wir,0,DE-TR,Multilingual,"Wir sind nicht dran gewöhnt, weißt du yani aile içinde hep ben Türkçe konuşuyorum, bana annem kızıyor Almanca konuştuğum zaman.",10.770545959472656,15.538613243397863,2,15.538613243397863
19,2,sind,sind,0,DE-TR,Multilingual,"Wir sind nicht dran gewöhnt, weißt du yani aile içinde hep ben Türkçe konuşuyorum, bana annem kızıyor Almanca konuştuğum zaman.",6.759295463562012,9.751602045184182,2,9.751602045184182
19,3,nicht,nicht,0,DE-TR,Multilingual,"Wir sind nicht dran gewöhnt, weißt du yani aile içinde hep ben Türkçe konuşuyorum, bana annem kızıyor Almanca konuştuğum zaman.",8.285415649414062,11.953328069113478,2,11.953328069113478
19,4,dran,dran,0,DE-TR,Multilingual,"Wir sind nicht dran gewöhnt, weißt du yani aile içinde hep ben Türkçe konuşuyorum, bana annem kızıyor Almanca konuştuğum zaman.",15.163909912109375,21.876897630687193,3,21.876897630687193
19,5,gewöhnt,"gewöhnt,",0,DE-TR,Multilingual,"Wir sind nicht dran gewöhnt, weißt du yani aile içinde hep ben Türkçe konuşuyorum, bana annem kızıyor Almanca konuştuğum zaman.",16.302324295043945,23.519282415423568,5,23.519282415423568
19,6,weißt,weißt,0,DE-TR,Multilingual,"Wir sind nicht dran gewöhnt, weißt du yani aile içinde hep ben Türkçe konuşuyorum, bana annem kızıyor Almanca konuştuğum zaman.",11.588021278381348,16.717980832036556,3,16.717980832036556
19,7,du,du,0,DE-TR,Multilingual,"Wir sind nicht dran gewöhnt, weißt du yani aile içinde hep ben Türkçe konuşuyorum, bana annem kızıyor Almanca konuştuğum zaman.",21.833030700683594,31.498405119452713,2,31.498405119452713
19,8,yani,yani,1,DE-TR,Multilingual,"Wir sind nicht dran gewöhnt, weißt du yani aile içinde hep ben Türkçe konuşuyorum, bana annem kızıyor Almanca konuştuğum zaman.",33.236427307128906,47.9500288528614,2,47.9500288528614
19,9,aile,aile,0,DE-TR,Multilingual,"Wir sind nicht dran gewöhnt, weißt du yani aile içinde hep ben Türkçe konuşuyorum, bana annem kızıyor Almanca konuştuğum zaman.",21.76226043701172,31.396305211010894,2,31.396305211010894
19,10,içinde,içinde,0,DE-TR,Multilingual,"Wir sind nicht dran gewöhnt, weißt du yani aile içinde hep ben Türkçe konuşuyorum, bana annem kızıyor Almanca konuştuğum zaman.",16.799667358398438,24.236796786545618,2,24.236796786545618
19,11,hep,hep,0,DE-TR,Multilingual,"Wir sind nicht dran gewöhnt, weißt du yani aile içinde hep ben Türkçe konuşuyorum, bana annem kızıyor Almanca konuştuğum zaman.",13.641170501708984,19.680049034736367,2,19.680049034736367
19,12,ben,ben,0,DE-TR,Multilingual,"Wir sind nicht dran gewöhnt, weißt du yani aile içinde hep ben Türkçe konuşuyorum, bana annem kızıyor Almanca konuştuğum zaman.",14.74460220336914,21.27196447868114,2,21.27196447868114
19,13,Türkçe,Türkçe,0,DE-TR,Multilingual,"Wir sind nicht dran gewöhnt, weißt du yani aile içinde hep ben Türkçe konuşuyorum, bana annem kızıyor Almanca konuştuğum zaman.",10.441739082336426,15.064245192343238,2,15.064245192343238
19,14,konuşuyorum,"konuşuyorum,",0,DE-TR,Multilingual,"Wir sind nicht dran gewöhnt, weißt du yani aile içinde hep ben Türkçe konuşuyorum, bana annem kızıyor Almanca konuştuğum zaman.",12.909998893737793,18.625191381877517,4,18.625191381877517
19,15,bana,bana,0,DE-TR,Multilingual,"Wir sind nicht dran gewöhnt, weißt du yani aile içinde hep ben Türkçe konuşuyorum, bana annem kızıyor Almanca konuştuğum zaman.",14.157867431640625,20.425485133191295,2,20.425485133191295
19,16,annem,annem,0,DE-TR,Multilingual,"Wir sind nicht dran gewöhnt, weißt du yani aile içinde hep ben Türkçe konuşuyorum, bana annem kızıyor Almanca konuştuğum zaman.",13.819154739379883,19.936826011780575,3,19.936826011780575
19,17,kızıyor,kızıyor,0,DE-TR,Multilingual,"Wir sind nicht dran gewöhnt, weißt du yani aile içinde hep ben Türkçe konuşuyorum, bana annem kızıyor Almanca konuştuğum zaman.",17.954782485961914,25.903275652737268,3,25.903275652737268
19,18,Almanca,Almanca,0,DE-TR,Multilingual,"Wir sind nicht dran gewöhnt, weißt du yani aile içinde hep ben Türkçe konuşuyorum, bana annem kızıyor Almanca konuştuğum zaman.",14.544496536254883,20.983273025081626,3,20.983273025081626
19,19,konuştuğum,konuştuğum,0,DE-TR,Multilingual,"Wir sind nicht dran gewöhnt, weißt du yani aile içinde hep ben Türkçe konuşuyorum, bana annem kızıyor Almanca konuştuğum zaman.",11.75718879699707,16.96203797222295,4,16.96203797222295
19,20,zaman,zaman.,0,DE-TR,Multilingual,"Wir sind nicht dran gewöhnt, weißt du yani aile içinde hep ben Türkçe konuşuyorum, bana annem kızıyor Almanca konuştuğum zaman.",8.99690055847168,12.979783819078238,3,12.979783819078238
20,1,Da,Da,0,DE,Monolingual,"Da sagt sie ja, wenn ich nur Deutsch mit ihr rede, dann meint sie nur mit meinen Geschwistern rede ich zu Hause Deutsch.",19.595335006713867,28.270092638744,2,28.270092638744
20,2,sagt,sagt,0,DE,Monolingual,"Da sagt sie ja, wenn ich nur Deutsch mit ihr rede, dann meint sie nur mit meinen Geschwistern rede ich zu Hause Deutsch.",15.266215324401855,22.024493141657654,2,22.024493141657654
20,3,sie,sie,0,DE,Monolingual,"Da sagt sie ja, wenn ich nur Deutsch mit ihr rede, dann meint sie nur mit meinen Geschwistern rede ich zu Hause Deutsch.",8.70118236541748,12.5531526484583,2,12.5531526484583
20,4,ja,"ja,",0,DE,Monolingual,"Da sagt sie ja, wenn ich nur Deutsch mit ihr rede, dann meint sie nur mit meinen Geschwistern rede ich zu Hause Deutsch.",9.957515716552734,14.365658543844543,3,14.365658543844543
20,5,wenn,wenn,0,DE,Monolingual,"Da sagt sie ja, wenn ich nur Deutsch mit ihr rede, dann meint sie nur mit meinen Geschwistern rede ich zu Hause Deutsch.",5.430708408355713,7.834856089248783,2,7.834856089248783
20,6,ich,ich,0,DE,Monolingual,"Da sagt sie ja, wenn ich nur Deutsch mit ihr rede, dann meint sie nur mit meinen Geschwistern rede ich zu Hause Deutsch.",6.927412986755371,9.994144362181776,2,9.994144362181776
20,7,nur,nur,0,DE,Monolingual,"Da sagt sie ja, wenn ich nur Deutsch mit ihr rede, dann meint sie nur mit meinen Geschwistern rede ich zu Hause Deutsch.",13.528887748718262,19.51805926381929,2,19.51805926381929
20,8,Deutsch,Deutsch,0,DE,Monolingual,"Da sagt sie ja, wenn ich nur Deutsch mit ihr rede, dann meint sie nur mit meinen Geschwistern rede ich zu Hause Deutsch.",12.56512451171875,18.127642821208998,2,18.127642821208998
20,9,mit,mit,0,DE,Monolingual,"Da sagt sie ja, wenn ich nur Deutsch mit ihr rede, dann meint sie nur mit meinen Geschwistern rede ich zu Hause Deutsch.",8.027230262756348,11.580845292152393,2,11.580845292152393
20,10,ihr,ihr,0,DE,Monolingual,"Da sagt sie ja, wenn ich nur Deutsch mit ihr rede, dann meint sie nur mit meinen Geschwistern rede ich zu Hause Deutsch.",8.875029563903809,12.803961139586965,2,12.803961139586965
20,11,rede,"rede,",0,DE,Monolingual,"Da sagt sie ja, wenn ich nur Deutsch mit ihr rede, dann meint sie nur mit meinen Geschwistern rede ich zu Hause Deutsch.",8.384347915649414,12.096057158995126,3,12.096057158995126
20,12,dann,dann,0,DE,Monolingual,"Da sagt sie ja, wenn ich nur Deutsch mit ihr rede, dann meint sie nur mit meinen Geschwistern rede ich zu Hause Deutsch.",8.765877723693848,12.64648832101215,2,12.64648832101215
20,13,meint,meint,0,DE,Monolingual,"Da sagt sie ja, wenn ich nur Deutsch mit ihr rede, dann meint sie nur mit meinen Geschwistern rede ich zu Hause Deutsch.",7.94060754776001,11.45587513079884,3,11.45587513079884
20,14,sie,sie,0,DE,Monolingual,"Da sagt sie ja, wenn ich nur Deutsch mit ihr rede, dann meint sie nur mit meinen Geschwistern rede ich zu Hause Deutsch.",4.253093242645264,6.1359165296026825,2,6.1359165296026825
20,15,nur,nur,0,DE,Monolingual,"Da sagt sie ja, wenn ich nur Deutsch mit ihr rede, dann meint sie nur mit meinen Geschwistern rede ich zu Hause Deutsch.",8.76706314086914,12.648198516492329,2,12.648198516492329
20,16,mit,mit,0,DE,Monolingual,"Da sagt sie ja, wenn ich nur Deutsch mit ihr rede, dann meint sie nur mit meinen Geschwistern rede ich zu Hause Deutsch.",10.265010833740234,14.80928022450852,2,14.80928022450852
20,17,meinen,meinen,0,DE,Monolingual,"Da sagt sie ja, wenn ich nur Deutsch mit ihr rede, dann meint sie nur mit meinen Geschwistern rede ich zu Hause Deutsch.",11.873353958129883,17.129628874113326,2,17.129628874113326
20,18,Geschwistern,Geschwistern,0,DE,Monolingual,"Da sagt sie ja, wenn ich nur Deutsch mit ihr rede, dann meint sie nur mit meinen Geschwistern rede ich zu Hause Deutsch.",16.387840270996094,23.642655889846512,4,23.642655889846512
20,19,rede,rede,0,DE,Monolingual,"Da sagt sie ja, wenn ich nur Deutsch mit ihr rede, dann meint sie nur mit meinen Geschwistern rede ich zu Hause Deutsch.",13.39246940612793,19.321249197477925,2,19.321249197477925
20,20,ich,ich,0,DE,Monolingual,"Da sagt sie ja, wenn ich nur Deutsch mit ihr rede, dann meint sie nur mit meinen Geschwistern rede ich zu Hause Deutsch.",9.350394248962402,13.489767413334741,2,13.489767413334741
20,21,zu,zu,0,DE,Monolingual,"Da sagt sie ja, wenn ich nur Deutsch mit ihr rede, dann meint sie nur mit meinen Geschwistern rede ich zu Hause Deutsch.",11.39383316040039,16.437826597225868,2,16.437826597225868
20,22,Hause,Hause,0,DE,Monolingual,"Da sagt sie ja, wenn ich nur Deutsch mit ihr rede, dann meint sie nur mit meinen Geschwistern rede ich zu Hause Deutsch.",10.178044319152832,14.683814065189877,2,14.683814065189877
20,23,Deutsch,Deutsch.,0,DE,Monolingual,"Da sagt sie ja, wenn ich nur Deutsch mit ihr rede, dann meint sie nur mit meinen Geschwistern rede ich zu Hause Deutsch.",6.766556739807129,9.762077852413537,3,9.762077852413537
21,1,Weißt,Weißt,0,DE-TR,Multilingual,"Weißt du wie mich meine Eltern Schüler Austausch nach England böyle, betteln, wirklich, kaç öğretmen geldi bize de, böyle yalvara yakara böyle gönderdiler!",15.54731273651123,22.430030984114573,3,22.430030984114573
21,2,du,du,0,DE-TR,Multilingual,"Weißt du wie mich meine Eltern Schüler Austausch nach England böyle, betteln, wirklich, kaç öğretmen geldi bize de, böyle yalvara yakara böyle gönderdiler!",3.333501100540161,4.809225506547192,2,4.809225506547192
21,3,wie,wie,0,DE-TR,Multilingual,"Weißt du wie mich meine Eltern Schüler Austausch nach England böyle, betteln, wirklich, kaç öğretmen geldi bize de, böyle yalvara yakara böyle gönderdiler!",10.290033340454102,14.845380070855228,2,14.845380070855228
21,4,mich,mich,0,DE-TR,Multilingual,"Weißt du wie mich meine Eltern Schüler Austausch nach England böyle, betteln, wirklich, kaç öğretmen geldi bize de, böyle yalvara yakara böyle gönderdiler!",11.039188385009766,15.926182338492634,2,15.926182338492634
21,5,meine,meine,0,DE-TR,Multilingual,"Weißt du wie mich meine Eltern Schüler Austausch nach England böyle, betteln, wirklich, kaç öğretmen geldi bize de, böyle yalvara yakara böyle gönderdiler!",8.010711669921875,11.557014000187635,2,11.557014000187635
21,6,Eltern,Eltern,0,DE-TR,Multilingual,"Weißt du wie mich meine Eltern Schüler Austausch nach England böyle, betteln, wirklich, kaç öğretmen geldi bize de, böyle yalvara yakara böyle gönderdiler!",16.171316146850586,23.33027760970896,2,23.33027760970896
21,7,Schüler,Schüler,0,DE-TR,Multilingual,"Weißt du wie mich meine Eltern Schüler Austausch nach England böyle, betteln, wirklich, kaç öğretmen geldi bize de, böyle yalvara yakara böyle gönderdiler!",25.77760124206543,37.18921747794098,2,37.18921747794098
21,8,Austausch,Austausch,0,DE-TR,Multilingual,"Weißt du wie mich meine Eltern Schüler Austausch nach England böyle, betteln, wirklich, kaç öğretmen geldi bize de, böyle yalvara yakara böyle gönderdiler!",19.41030502319336,28.003150799103196,2,28.003150799103196
21,9,nach,nach,0,DE-TR,Multilingual,"Weißt du wie mich meine Eltern Schüler Austausch nach England böyle, betteln, wirklich, kaç öğretmen geldi bize de, böyle yalvara yakara böyle gönderdiler!",10.489543914794922,15.133212987061638,2,15.133212987061638
21,10,England,England,0,DE-TR,Multilingual,"Weißt du wie mich meine Eltern Schüler Austausch nach England böyle, betteln, wirklich, kaç öğretmen geldi bize de, böyle yalvara yakara böyle gönderdiler!",26.75430679321289,38.59830573299014,2,38.59830573299014
21,11,böyle,"böyle,",1,DE-TR,Multilingual,"Weißt du wie mich meine Eltern Schüler Austausch nach England böyle, betteln, wirklich, kaç öğretmen geldi bize de, böyle yalvara yakara böyle gönderdiler!",38.297630310058594,55.251801326120386,3,55.251801326120386
21,12,betteln,"betteln,",0,DE-TR,Multilingual,"Weißt du wie mich meine Eltern Schüler Austausch nach England böyle, betteln, wirklich, kaç öğretmen geldi bize de, böyle yalvara yakara böyle gönderdiler!",22.90522575378418,33.045255605426604,5,33.045255605426604
21,13,wirklich,"wirklich,",0,DE-TR,Multilingual,"Weißt du wie mich meine Eltern Schüler Austausch nach England böyle, betteln, wirklich, kaç öğretmen geldi bize de, böyle yalvara yakara böyle gönderdiler!",23.008033752441406,33.19357619525311,3,33.19357619525311
21,14,kaç,kaç,1,DE-TR,Multilingual,"Weißt du wie mich meine Eltern Schüler Austausch nach England böyle, betteln, wirklich, kaç öğretmen geldi bize de, böyle yalvara yakara böyle gönderdiler!",22.578758239746094,32.57426254191251,2,32.57426254191251
21,15,öğretmen,öğretmen,0,DE-TR,Multilingual,"Weißt du wie mich meine Eltern Schüler Austausch nach England böyle, betteln, wirklich, kaç öğretmen geldi bize de, böyle yalvara yakara böyle gönderdiler!",15.578502655029297,22.475028524886316,2,22.475028524886316
21,16,geldi,geldi,0,DE-TR,Multilingual,"Weißt du wie mich meine Eltern Schüler Austausch nach England böyle, betteln, wirklich, kaç öğretmen geldi bize de, böyle yalvara yakara böyle gönderdiler!",12.845206260681152,18.531715371480566,2,18.531715371480566
21,17,bize,bize,0,DE-TR,Multilingual,"Weißt du wie mich meine Eltern Schüler Austausch nach England böyle, betteln, wirklich, kaç öğretmen geldi bize de, böyle yalvara yakara böyle gönderdiler!",11.06468391418457,15.962964611997965,2,15.962964611997965
21,18,de,"de,",0,DE-TR,Multilingual,"Weißt du wie mich meine Eltern Schüler Austausch nach England böyle, betteln, wirklich, kaç öğretmen geldi bize de, böyle yalvara yakara böyle gönderdiler!",15.098363876342773,21.782334689936786,3,21.782334689936786
21,19,böyle,böyle,0,DE-TR,Multilingual,"Weißt du wie mich meine Eltern Schüler Austausch nach England böyle, betteln, wirklich, kaç öğretmen geldi bize de, böyle yalvara yakara böyle gönderdiler!",17.253807067871094,24.891981893272575,2,24.891981893272575
21,20,yalvara,yalvara,0,DE-TR,Multilingual,"Weißt du wie mich meine Eltern Schüler Austausch nach England böyle, betteln, wirklich, kaç öğretmen geldi bize de, böyle yalvara yakara böyle gönderdiler!",21.997243881225586,31.735314660669246,3,31.735314660669246
21,21,yakara,yakara,0,DE-TR,Multilingual,"Weißt du wie mich meine Eltern Schüler Austausch nach England böyle, betteln, wirklich, kaç öğretmen geldi bize de, böyle yalvara yakara böyle gönderdiler!",20.007884979248047,28.865276438237938,3,28.865276438237938
21,22,böyle,böyle,0,DE-TR,Multilingual,"Weißt du wie mich meine Eltern Schüler Austausch nach England böyle, betteln, wirklich, kaç öğretmen geldi bize de, böyle yalvara yakara böyle gönderdiler!",15.14415168762207,21.84839253820259,2,21.84839253820259
21,23,gönderdiler,gönderdiler!,0,DE-TR,Multilingual,"Weißt du wie mich meine Eltern Schüler Austausch nach England böyle, betteln, wirklich, kaç öğretmen geldi bize de, böyle yalvara yakara böyle gönderdiler!",16.185266494750977,23.35040370744353,4,23.35040370744353
22,1,Ich,Ich,0,DE-TR,Multilingual,"Ich so: “Mutti, ich will unbedingt nach Frankreich! Bütün sınıf gidiyor, ben niye gidemeyeceğim?“ ""Ja, du bist ein Mädchen, du bist Türke, du kannst nicht!"" Mutti warum kann ich nicht? Bütün sınıf gidiyor, ihr habt mich aufs Gymnasium geschickt, also, siz bu yollara katlanacaksınız, ne? Ist so.",15.912766456604004,22.95726925376684,2,22.95726925376684
22,2,so,so:,0,DE-TR,Multilingual,"Ich so: “Mutti, ich will unbedingt nach Frankreich! Bütün sınıf gidiyor, ben niye gidemeyeceğim?“ ""Ja, du bist ein Mädchen, du bist Türke, du kannst nicht!"" Mutti warum kann ich nicht? Bütün sınıf gidiyor, ihr habt mich aufs Gymnasium geschickt, also, siz bu yollara katlanacaksınız, ne? Ist so.",19.579240798950195,28.246873605016315,3,28.246873605016315
22,3,Mutti,"“Mutti,",0,DE-TR,Multilingual,"Ich so: “Mutti, ich will unbedingt nach Frankreich! Bütün sınıf gidiyor, ben niye gidemeyeceğim?“ ""Ja, du bist ein Mädchen, du bist Türke, du kannst nicht!"" Mutti warum kann ich nicht? Bütün sınıf gidiyor, ihr habt mich aufs Gymnasium geschickt, also, siz bu yollara katlanacaksınız, ne? Ist so.",18.05377197265625,26.046087294291333,5,26.046087294291333
22,4,ich,ich,0,DE-TR,Multilingual,"Ich so: “Mutti, ich will unbedingt nach Frankreich! Bütün sınıf gidiyor, ben niye gidemeyeceğim?“ ""Ja, du bist ein Mädchen, du bist Türke, du kannst nicht!"" Mutti warum kann ich nicht? Bütün sınıf gidiyor, ihr habt mich aufs Gymnasium geschickt, also, siz bu yollara katlanacaksınız, ne? Ist so.",5.246458530426025,7.569039704075226,2,7.569039704075226
22,5,will,will,0,DE-TR,Multilingual,"Ich so: “Mutti, ich will unbedingt nach Frankreich! Bütün sınıf gidiyor, ben niye gidemeyeceğim?“ ""Ja, du bist ein Mädchen, du bist Türke, du kannst nicht!"" Mutti warum kann ich nicht? Bütün sınıf gidiyor, ihr habt mich aufs Gymnasium geschickt, also, siz bu yollara katlanacaksınız, ne? Ist so.",8.039661407470703,11.598779642984368,2,11.598779642984368
22,6,unbedingt,unbedingt,0,DE-TR,Multilingual,"Ich so: “Mutti, ich will unbedingt nach Frankreich! Bütün sınıf gidiyor, ben niye gidemeyeceğim?“ ""Ja, du bist ein Mädchen, du bist Türke, du kannst nicht!"" Mutti warum kann ich nicht? Bütün sınıf gidiyor, ihr habt mich aufs Gymnasium geschickt, also, siz bu yollara katlanacaksınız, ne? Ist so.",9.270561218261719,13.37459269584373,2,13.37459269584373
22,7,nach,nach,0,DE-TR,Multilingual,"Ich so: “Mutti, ich will unbedingt nach Frankreich! Bütün sınıf gidiyor, ben niye gidemeyeceğim?“ ""Ja, du bist ein Mädchen, du bist Türke, du kannst nicht!"" Mutti warum kann ich nicht? Bütün sınıf gidiyor, ihr habt mich aufs Gymnasium geschickt, also, siz bu yollara katlanacaksınız, ne? Ist so.",9.509323120117188,13.719053307603831,2,13.719053307603831
22,8,Frankreich,Frankreich!,0,DE-TR,Multilingual,"Ich so: “Mutti, ich will unbedingt nach Frankreich! Bütün sınıf gidiyor, ben niye gidemeyeceğim?“ ""Ja, du bist ein Mädchen, du bist Türke, du kannst nicht!"" Mutti warum kann ich nicht? Bütün sınıf gidiyor, ihr habt mich aufs Gymnasium geschickt, also, siz bu yollara katlanacaksınız, ne? Ist so.",30.479351043701172,43.97240860026153,3,43.97240860026153
22,9,Bütün,Bütün,1,DE-TR,Multilingual,"Ich so: “Mutti, ich will unbedingt nach Frankreich! Bütün sınıf gidiyor, ben niye gidemeyeceğim?“ ""Ja, du bist ein Mädchen, du bist Türke, du kannst nicht!"" Mutti warum kann ich nicht? Bütün sınıf gidiyor, ihr habt mich aufs Gymnasium geschickt, also, siz bu yollara katlanacaksınız, ne? Ist so.",33.591278076171875,48.46197029761532,2,48.46197029761532
22,10,sınıf,sınıf,0,DE-TR,Multilingual,"Ich so: “Mutti, ich will unbedingt nach Frankreich! Bütün sınıf gidiyor, ben niye gidemeyeceğim?“ ""Ja, du bist ein Mädchen, du bist Türke, du kannst nicht!"" Mutti warum kann ich nicht? Bütün sınıf gidiyor, ihr habt mich aufs Gymnasium geschickt, also, siz bu yollara katlanacaksınız, ne? Ist so.",20.397985458374023,29.428072464921392,2,29.428072464921392
22,11,gidiyor,"gidiyor,",0,DE-TR,Multilingual,"Ich so: “Mutti, ich will unbedingt nach Frankreich! Bütün sınıf gidiyor, ben niye gidemeyeceğim?“ ""Ja, du bist ein Mädchen, du bist Türke, du kannst nicht!"" Mutti warum kann ich nicht? Bütün sınıf gidiyor, ihr habt mich aufs Gymnasium geschickt, also, siz bu yollara katlanacaksınız, ne? Ist so.",16.351770401000977,23.590618067279046,3,23.590618067279046
22,12,ben,ben,0,DE-TR,Multilingual,"Ich so: “Mutti, ich will unbedingt nach Frankreich! Bütün sınıf gidiyor, ben niye gidemeyeceğim?“ ""Ja, du bist ein Mädchen, du bist Türke, du kannst nicht!"" Mutti warum kann ich nicht? Bütün sınıf gidiyor, ihr habt mich aufs Gymnasium geschickt, also, siz bu yollara katlanacaksınız, ne? Ist so.",13.311049461364746,19.203785046938627,2,19.203785046938627
22,13,niye,niye,0,DE-TR,Multilingual,"Ich so: “Mutti, ich will unbedingt nach Frankreich! Bütün sınıf gidiyor, ben niye gidemeyeceğim?“ ""Ja, du bist ein Mädchen, du bist Türke, du kannst nicht!"" Mutti warum kann ich nicht? Bütün sınıf gidiyor, ihr habt mich aufs Gymnasium geschickt, also, siz bu yollara katlanacaksınız, ne? Ist so.",11.917017936706543,17.192622679471356,2,17.192622679471356
22,14,gidemeyeceğim,gidemeyeceğim?“,0,DE-TR,Multilingual,"Ich so: “Mutti, ich will unbedingt nach Frankreich! Bütün sınıf gidiyor, ben niye gidemeyeceğim?“ ""Ja, du bist ein Mädchen, du bist Türke, du kannst nicht!"" Mutti warum kann ich nicht? Bütün sınıf gidiyor, ihr habt mich aufs Gymnasium geschickt, also, siz bu yollara katlanacaksınız, ne? Ist so.",33.220848083496094,47.92755278418544,6,47.92755278418544
22,15,Ja,"""Ja,",1,DE-TR,Multilingual,"Ich so: “Mutti, ich will unbedingt nach Frankreich! Bütün sınıf gidiyor, ben niye gidemeyeceğim?“ ""Ja, du bist ein Mädchen, du bist Türke, du kannst nicht!"" Mutti warum kann ich nicht? Bütün sınıf gidiyor, ihr habt mich aufs Gymnasium geschickt, also, siz bu yollara katlanacaksınız, ne? Ist so.",15.400184631347656,22.217769996419694,4,22.217769996419694
22,16,du,du,0,DE-TR,Multilingual,"Ich so: “Mutti, ich will unbedingt nach Frankreich! Bütün sınıf gidiyor, ben niye gidemeyeceğim?“ ""Ja, du bist ein Mädchen, du bist Türke, du kannst nicht!"" Mutti warum kann ich nicht? Bütün sınıf gidiyor, ihr habt mich aufs Gymnasium geschickt, also, siz bu yollara katlanacaksınız, ne? Ist so.",4.6440935134887695,6.700010681334851,2,6.700010681334851
22,17,bist,bist,0,DE-TR,Multilingual,"Ich so: “Mutti, ich will unbedingt nach Frankreich! Bütün sınıf gidiyor, ben niye gidemeyeceğim?“ ""Ja, du bist ein Mädchen, du bist Türke, du kannst nicht!"" Mutti warum kann ich nicht? Bütün sınıf gidiyor, ihr habt mich aufs Gymnasium geschickt, also, siz bu yollara katlanacaksınız, ne? Ist so.",4.950571060180664,7.142164318091062,2,7.142164318091062
22,18,ein,ein,0,DE-TR,Multilingual,"Ich so: “Mutti, ich will unbedingt nach Frankreich! Bütün sınıf gidiyor, ben niye gidemeyeceğim?“ ""Ja, du bist ein Mädchen, du bist Türke, du kannst nicht!"" Mutti warum kann ich nicht? Bütün sınıf gidiyor, ihr habt mich aufs Gymnasium geschickt, also, siz bu yollara katlanacaksınız, ne? Ist so.",7.4414520263671875,10.73574593545307,2,10.73574593545307
22,19,Mädchen,"Mädchen,",0,DE-TR,Multilingual,"Ich so: “Mutti, ich will unbedingt nach Frankreich! Bütün sınıf gidiyor, ben niye gidemeyeceğim?“ ""Ja, du bist ein Mädchen, du bist Türke, du kannst nicht!"" Mutti warum kann ich nicht? Bütün sınıf gidiyor, ihr habt mich aufs Gymnasium geschickt, also, siz bu yollara katlanacaksınız, ne? Ist so.",6.574738502502441,9.485342632702002,3,9.485342632702002
22,20,du,du,0,DE-TR,Multilingual,"Ich so: “Mutti, ich will unbedingt nach Frankreich! Bütün sınıf gidiyor, ben niye gidemeyeceğim?“ ""Ja, du bist ein Mädchen, du bist Türke, du kannst nicht!"" Mutti warum kann ich nicht? Bütün sınıf gidiyor, ihr habt mich aufs Gymnasium geschickt, also, siz bu yollara katlanacaksınız, ne? Ist so.",2.555187702178955,3.686356626474044,2,3.686356626474044
22,21,bist,bist,0,DE-TR,Multilingual,"Ich so: “Mutti, ich will unbedingt nach Frankreich! Bütün sınıf gidiyor, ben niye gidemeyeceğim?“ ""Ja, du bist ein Mädchen, du bist Türke, du kannst nicht!"" Mutti warum kann ich nicht? Bütün sınıf gidiyor, ihr habt mich aufs Gymnasium geschickt, also, siz bu yollara katlanacaksınız, ne? Ist so.",9.884848594665527,14.260822047462195,2,14.260822047462195
22,22,Türke,"Türke,",0,DE-TR,Multilingual,"Ich so: “Mutti, ich will unbedingt nach Frankreich! Bütün sınıf gidiyor, ben niye gidemeyeceğim?“ ""Ja, du bist ein Mädchen, du bist Türke, du kannst nicht!"" Mutti warum kann ich nicht? Bütün sınıf gidiyor, ihr habt mich aufs Gymnasium geschickt, also, siz bu yollara katlanacaksınız, ne? Ist so.",10.642740249633789,15.354228579616036,3,15.354228579616036
22,23,du,du,0,DE-TR,Multilingual,"Ich so: “Mutti, ich will unbedingt nach Frankreich! Bütün sınıf gidiyor, ben niye gidemeyeceğim?“ ""Ja, du bist ein Mädchen, du bist Türke, du kannst nicht!"" Mutti warum kann ich nicht? Bütün sınıf gidiyor, ihr habt mich aufs Gymnasium geschickt, also, siz bu yollara katlanacaksınız, ne? Ist so.",4.553741455078125,6.569660214731703,2,6.569660214731703
22,24,kannst,kannst,0,DE-TR,Multilingual,"Ich so: “Mutti, ich will unbedingt nach Frankreich! Bütün sınıf gidiyor, ben niye gidemeyeceğim?“ ""Ja, du bist ein Mädchen, du bist Türke, du kannst nicht!"" Mutti warum kann ich nicht? Bütün sınıf gidiyor, ihr habt mich aufs Gymnasium geschickt, also, siz bu yollara katlanacaksınız, ne? Ist so.",6.90415096282959,9.960584355623011,2,9.960584355623011
22,25,nicht,"nicht!""",0,DE-TR,Multilingual,"Ich so: “Mutti, ich will unbedingt nach Frankreich! Bütün sınıf gidiyor, ben niye gidemeyeceğim?“ ""Ja, du bist ein Mädchen, du bist Türke, du kannst nicht!"" Mutti warum kann ich nicht? Bütün sınıf gidiyor, ihr habt mich aufs Gymnasium geschickt, also, siz bu yollara katlanacaksınız, ne? Ist so.",19.243717193603516,27.762815363481472,3,27.762815363481472
22,26,Mutti,Mutti,0,DE-TR,Multilingual,"Ich so: “Mutti, ich will unbedingt nach Frankreich! Bütün sınıf gidiyor, ben niye gidemeyeceğim?“ ""Ja, du bist ein Mädchen, du bist Türke, du kannst nicht!"" Mutti warum kann ich nicht? Bütün sınıf gidiyor, ihr habt mich aufs Gymnasium geschickt, also, siz bu yollara katlanacaksınız, ne? Ist so.",18.8543701171875,27.20110626715147,3,27.20110626715147
22,27,warum,warum,0,DE-TR,Multilingual,"Ich so: “Mutti, ich will unbedingt nach Frankreich! Bütün sınıf gidiyor, ben niye gidemeyeceğim?“ ""Ja, du bist ein Mädchen, du bist Türke, du kannst nicht!"" Mutti warum kann ich nicht? Bütün sınıf gidiyor, ihr habt mich aufs Gymnasium geschickt, also, siz bu yollara katlanacaksınız, ne? Ist so.",16.1358699798584,23.27913960037081,2,23.27913960037081
22,28,kann,kann,0,DE-TR,Multilingual,"Ich so: “Mutti, ich will unbedingt nach Frankreich! Bütün sınıf gidiyor, ben niye gidemeyeceğim?“ ""Ja, du bist ein Mädchen, du bist Türke, du kannst nicht!"" Mutti warum kann ich nicht? Bütün sınıf gidiyor, ihr habt mich aufs Gymnasium geschickt, also, siz bu yollara katlanacaksınız, ne? Ist so.",7.207791805267334,10.398645493219291,2,10.398645493219291
22,29,ich,ich,0,DE-TR,Multilingual,"Ich so: “Mutti, ich will unbedingt nach Frankreich! Bütün sınıf gidiyor, ben niye gidemeyeceğim?“ ""Ja, du bist ein Mädchen, du bist Türke, du kannst nicht!"" Mutti warum kann ich nicht? Bütün sınıf gidiyor, ihr habt mich aufs Gymnasium geschickt, also, siz bu yollara katlanacaksınız, ne? Ist so.",2.4757184982299805,3.571706800033465,2,3.571706800033465
22,30,nicht,nicht?,0,DE-TR,Multilingual,"Ich so: “Mutti, ich will unbedingt nach Frankreich! Bütün sınıf gidiyor, ben niye gidemeyeceğim?“ ""Ja, du bist ein Mädchen, du bist Türke, du kannst nicht!"" Mutti warum kann ich nicht? Bütün sınıf gidiyor, ihr habt mich aufs Gymnasium geschickt, also, siz bu yollara katlanacaksınız, ne? Ist so.",18.136470794677734,26.165396474709084,3,26.165396474709084
22,31,Bütün,Bütün,1,DE-TR,Multilingual,"Ich so: “Mutti, ich will unbedingt nach Frankreich! Bütün sınıf gidiyor, ben niye gidemeyeceğim?“ ""Ja, du bist ein Mädchen, du bist Türke, du kannst nicht!"" Mutti warum kann ich nicht? Bütün sınıf gidiyor, ihr habt mich aufs Gymnasium geschickt, also, siz bu yollara katlanacaksınız, ne? Ist so.",15.283316612243652,22.04916508481983,2,22.04916508481983
22,32,sınıf,sınıf,0,DE-TR,Multilingual,"Ich so: “Mutti, ich will unbedingt nach Frankreich! Bütün sınıf gidiyor, ben niye gidemeyeceğim?“ ""Ja, du bist ein Mädchen, du bist Türke, du kannst nicht!"" Mutti warum kann ich nicht? Bütün sınıf gidiyor, ihr habt mich aufs Gymnasium geschickt, also, siz bu yollara katlanacaksınız, ne? Ist so.",1.4583148956298828,2.103903667979738,2,2.103903667979738
22,33,gidiyor,"gidiyor,",0,DE-TR,Multilingual,"Ich so: “Mutti, ich will unbedingt nach Frankreich! Bütün sınıf gidiyor, ben niye gidemeyeceğim?“ ""Ja, du bist ein Mädchen, du bist Türke, du kannst nicht!"" Mutti warum kann ich nicht? Bütün sınıf gidiyor, ihr habt mich aufs Gymnasium geschickt, also, siz bu yollara katlanacaksınız, ne? Ist so.",7.650744438171387,11.037691060058679,3,11.037691060058679
22,34,ihr,ihr,1,DE-TR,Multilingual,"Ich so: “Mutti, ich will unbedingt nach Frankreich! Bütün sınıf gidiyor, ben niye gidemeyeceğim?“ ""Ja, du bist ein Mädchen, du bist Türke, du kannst nicht!"" Mutti warum kann ich nicht? Bütün sınıf gidiyor, ihr habt mich aufs Gymnasium geschickt, also, siz bu yollara katlanacaksınız, ne? Ist so.",8.155892372131348,11.76646547929802,2,11.76646547929802
22,35,habt,habt,0,DE-TR,Multilingual,"Ich so: “Mutti, ich will unbedingt nach Frankreich! Bütün sınıf gidiyor, ben niye gidemeyeceğim?“ ""Ja, du bist ein Mädchen, du bist Türke, du kannst nicht!"" Mutti warum kann ich nicht? Bütün sınıf gidiyor, ihr habt mich aufs Gymnasium geschickt, also, siz bu yollara katlanacaksınız, ne? Ist so.",7.024251937866211,10.133853436714274,3,10.133853436714274
22,36,mich,mich,0,DE-TR,Multilingual,"Ich so: “Mutti, ich will unbedingt nach Frankreich! Bütün sınıf gidiyor, ben niye gidemeyeceğim?“ ""Ja, du bist ein Mädchen, du bist Türke, du kannst nicht!"" Mutti warum kann ich nicht? Bütün sınıf gidiyor, ihr habt mich aufs Gymnasium geschickt, also, siz bu yollara katlanacaksınız, ne? Ist so.",7.496667861938477,10.81540554761031,2,10.81540554761031
22,37,aufs,aufs,0,DE-TR,Multilingual,"Ich so: “Mutti, ich will unbedingt nach Frankreich! Bütün sınıf gidiyor, ben niye gidemeyeceğim?“ ""Ja, du bist ein Mädchen, du bist Türke, du kannst nicht!"" Mutti warum kann ich nicht? Bütün sınıf gidiyor, ihr habt mich aufs Gymnasium geschickt, also, siz bu yollara katlanacaksınız, ne? Ist so.",13.067949295043945,18.853065642548327,3,18.853065642548327
22,38,Gymnasium,Gymnasium,0,DE-TR,Multilingual,"Ich so: “Mutti, ich will unbedingt nach Frankreich! Bütün sınıf gidiyor, ben niye gidemeyeceğim?“ ""Ja, du bist ein Mädchen, du bist Türke, du kannst nicht!"" Mutti warum kann ich nicht? Bütün sınıf gidiyor, ihr habt mich aufs Gymnasium geschickt, also, siz bu yollara katlanacaksınız, ne? Ist so.",8.08676528930664,11.666736179715695,3,11.666736179715695
22,39,geschickt,"geschickt,",0,DE-TR,Multilingual,"Ich so: “Mutti, ich will unbedingt nach Frankreich! Bütün sınıf gidiyor, ben niye gidemeyeceğim?“ ""Ja, du bist ein Mädchen, du bist Türke, du kannst nicht!"" Mutti warum kann ich nicht? Bütün sınıf gidiyor, ihr habt mich aufs Gymnasium geschickt, also, siz bu yollara katlanacaksınız, ne? Ist so.",8.569766998291016,12.363560350008346,4,12.363560350008346
22,40,also,"also,",0,DE-TR,Multilingual,"Ich so: “Mutti, ich will unbedingt nach Frankreich! Bütün sınıf gidiyor, ben niye gidemeyeceğim?“ ""Ja, du bist ein Mädchen, du bist Türke, du kannst nicht!"" Mutti warum kann ich nicht? Bütün sınıf gidiyor, ihr habt mich aufs Gymnasium geschickt, also, siz bu yollara katlanacaksınız, ne? Ist so.",16.946491241455078,24.448618874515496,3,24.448618874515496
22,41,siz,siz,1,DE-TR,Multilingual,"Ich so: “Mutti, ich will unbedingt nach Frankreich! Bütün sınıf gidiyor, ben niye gidemeyeceğim?“ ""Ja, du bist ein Mädchen, du bist Türke, du kannst nicht!"" Mutti warum kann ich nicht? Bütün sınıf gidiyor, ihr habt mich aufs Gymnasium geschickt, also, siz bu yollara katlanacaksınız, ne? Ist so.",15.354599952697754,22.152005206590964,2,22.152005206590964
22,42,bu,bu,0,DE-TR,Multilingual,"Ich so: “Mutti, ich will unbedingt nach Frankreich! Bütün sınıf gidiyor, ben niye gidemeyeceğim?“ ""Ja, du bist ein Mädchen, du bist Türke, du kannst nicht!"" Mutti warum kann ich nicht? Bütün sınıf gidiyor, ihr habt mich aufs Gymnasium geschickt, also, siz bu yollara katlanacaksınız, ne? Ist so.",16.504501342773438,23.81096223956448,2,23.81096223956448
22,43,yollara,yollara,0,DE-TR,Multilingual,"Ich so: “Mutti, ich will unbedingt nach Frankreich! Bütün sınıf gidiyor, ben niye gidemeyeceğim?“ ""Ja, du bist ein Mädchen, du bist Türke, du kannst nicht!"" Mutti warum kann ich nicht? Bütün sınıf gidiyor, ihr habt mich aufs Gymnasium geschickt, also, siz bu yollara katlanacaksınız, ne? Ist so.",18.23762321472168,26.311328569480402,3,26.311328569480402
22,44,katlanacaksınız,"katlanacaksınız,",0,DE-TR,Multilingual,"Ich so: “Mutti, ich will unbedingt nach Frankreich! Bütün sınıf gidiyor, ben niye gidemeyeceğim?“ ""Ja, du bist ein Mädchen, du bist Türke, du kannst nicht!"" Mutti warum kann ich nicht? Bütün sınıf gidiyor, ihr habt mich aufs Gymnasium geschickt, also, siz bu yollara katlanacaksınız, ne? Ist so.",18.731334686279297,27.023603661126568,5,27.023603661126568
22,45,ne,ne?,1,DE-TR,Multilingual,"Ich so: “Mutti, ich will unbedingt nach Frankreich! Bütün sınıf gidiyor, ben niye gidemeyeceğim?“ ""Ja, du bist ein Mädchen, du bist Türke, du kannst nicht!"" Mutti warum kann ich nicht? Bütün sınıf gidiyor, ihr habt mich aufs Gymnasium geschickt, also, siz bu yollara katlanacaksınız, ne? Ist so.",12.376091957092285,17.854926492082825,3,17.854926492082825
22,46,Ist,Ist,0,DE-TR,Multilingual,"Ich so: “Mutti, ich will unbedingt nach Frankreich! Bütün sınıf gidiyor, ben niye gidemeyeceğim?“ ""Ja, du bist ein Mädchen, du bist Türke, du kannst nicht!"" Mutti warum kann ich nicht? Bütün sınıf gidiyor, ihr habt mich aufs Gymnasium geschickt, also, siz bu yollara katlanacaksınız, ne? Ist so.",11.275042533874512,16.26644794943289,2,16.26644794943289
22,47,so,so.,0,DE-TR,Multilingual,"Ich so: “Mutti, ich will unbedingt nach Frankreich! Bütün sınıf gidiyor, ben niye gidemeyeceğim?“ ""Ja, du bist ein Mädchen, du bist Türke, du kannst nicht!"" Mutti warum kann ich nicht? Bütün sınıf gidiyor, ihr habt mich aufs Gymnasium geschickt, also, siz bu yollara katlanacaksınız, ne? Ist so.",8.93432903289795,12.88951218943216,3,12.88951218943216
23,1,Und,Und,0,DE-TR,Multilingual,"Und dann ist es natürlich toll, buraya ilk geldiğinde falan böyle, die Straße war schon die Zimmerstraße, böyle, mir kamen die Tränen in der Art!",11.460552215576172,16.534081847260765,2,16.534081847260765
23,2,dann,dann,0,DE-TR,Multilingual,"Und dann ist es natürlich toll, buraya ilk geldiğinde falan böyle, die Straße war schon die Zimmerstraße, böyle, mir kamen die Tränen in der Art!",5.7494049072265625,8.294637947718433,2,8.294637947718433
23,3,ist,ist,0,DE-TR,Multilingual,"Und dann ist es natürlich toll, buraya ilk geldiğinde falan böyle, die Straße war schon die Zimmerstraße, böyle, mir kamen die Tränen in der Art!",4.443333148956299,6.410374699016795,2,6.410374699016795
23,4,es,es,0,DE-TR,Multilingual,"Und dann ist es natürlich toll, buraya ilk geldiğinde falan böyle, die Straße war schon die Zimmerstraße, böyle, mir kamen die Tränen in der Art!",6.969577312469482,10.054974625791951,2,10.054974625791951
23,5,natürlich,natürlich,0,DE-TR,Multilingual,"Und dann ist es natürlich toll, buraya ilk geldiğinde falan böyle, die Straße war schon die Zimmerstraße, böyle, mir kamen die Tränen in der Art!",11.098197937011719,16.01131512653093,2,16.01131512653093
23,6,toll,"toll,",0,DE-TR,Multilingual,"Und dann ist es natürlich toll, buraya ilk geldiğinde falan böyle, die Straße war schon die Zimmerstraße, böyle, mir kamen die Tränen in der Art!",33.88639831542969,48.887738803258536,3,48.887738803258536
23,7,buraya,buraya,1,DE-TR,Multilingual,"Und dann ist es natürlich toll, buraya ilk geldiğinde falan böyle, die Straße war schon die Zimmerstraße, böyle, mir kamen die Tränen in der Art!",35.840003967285156,51.706195989043074,2,51.706195989043074
23,8,ilk,ilk,0,DE-TR,Multilingual,"Und dann ist es natürlich toll, buraya ilk geldiğinde falan böyle, die Straße war schon die Zimmerstraße, böyle, mir kamen die Tränen in der Art!",13.183792114257812,19.02019150335077,2,19.02019150335077
23,9,geldiğinde,geldiğinde,0,DE-TR,Multilingual,"Und dann ist es natürlich toll, buraya ilk geldiğinde falan böyle, die Straße war schon die Zimmerstraße, böyle, mir kamen die Tränen in der Art!",16.756370544433594,24.174332687752248,3,24.174332687752248
23,10,falan,falan,0,DE-TR,Multilingual,"Und dann ist es natürlich toll, buraya ilk geldiğinde falan böyle, die Straße war schon die Zimmerstraße, böyle, mir kamen die Tränen in der Art!",16.976638793945312,24.492112598988097,2,24.492112598988097
23,11,böyle,"böyle,",0,DE-TR,Multilingual,"Und dann ist es natürlich toll, buraya ilk geldiğinde falan böyle, die Straße war schon die Zimmerstraße, böyle, mir kamen die Tränen in der Art!",19.062904357910156,27.501957582097592,3,27.501957582097592
23,12,die,die,1,DE-TR,Multilingual,"Und dann ist es natürlich toll, buraya ilk geldiğinde falan böyle, die Straße war schon die Zimmerstraße, böyle, mir kamen die Tränen in der Art!",15.13994026184082,21.842316735112906,2,21.842316735112906
23,13,Straße,Straße,0,DE-TR,Multilingual,"Und dann ist es natürlich toll, buraya ilk geldiğinde falan böyle, die Straße war schon die Zimmerstraße, böyle, mir kamen die Tränen in der Art!",13.706857681274414,19.774815602945395,2,19.774815602945395
23,14,war,war,0,DE-TR,Multilingual,"Und dann ist es natürlich toll, buraya ilk geldiğinde falan böyle, die Straße war schon die Zimmerstraße, böyle, mir kamen die Tränen in der Art!",10.024609565734863,14.462454507333753,2,14.462454507333753
23,15,schon,schon,0,DE-TR,Multilingual,"Und dann ist es natürlich toll, buraya ilk geldiğinde falan böyle, die Straße war schon die Zimmerstraße, böyle, mir kamen die Tränen in der Art!",10.60634708404541,15.301724340099431,2,15.301724340099431
23,16,die,die,0,DE-TR,Multilingual,"Und dann ist es natürlich toll, buraya ilk geldiğinde falan böyle, die Straße war schon die Zimmerstraße, böyle, mir kamen die Tränen in der Art!",16.880430221557617,24.35331296871336,2,24.35331296871336
23,17,Zimmerstraße,"Zimmerstraße,",0,DE-TR,Multilingual,"Und dann ist es natürlich toll, buraya ilk geldiğinde falan böyle, die Straße war schon die Zimmerstraße, böyle, mir kamen die Tränen in der Art!",27.656269073486328,39.899562241809534,4,39.899562241809534
23,18,böyle,"böyle,",1,DE-TR,Multilingual,"Und dann ist es natürlich toll, buraya ilk geldiğinde falan böyle, die Straße war schon die Zimmerstraße, böyle, mir kamen die Tränen in der Art!",20.622488021850586,29.75196119991589,3,29.75196119991589
23,19,mir,mir,1,DE-TR,Multilingual,"Und dann ist es natürlich toll, buraya ilk geldiğinde falan böyle, die Straße war schon die Zimmerstraße, böyle, mir kamen die Tränen in der Art!",13.367431640625,19.28512733735191,2,19.28512733735191
23,20,kamen,kamen,0,DE-TR,Multilingual,"Und dann ist es natürlich toll, buraya ilk geldiğinde falan böyle, die Straße war schon die Zimmerstraße, böyle, mir kamen die Tränen in der Art!",7.4220733642578125,10.707788435728812,2,10.707788435728812
23,21,die,die,0,DE-TR,Multilingual,"Und dann ist es natürlich toll, buraya ilk geldiğinde falan böyle, die Straße war schon die Zimmerstraße, böyle, mir kamen die Tränen in der Art!",6.273294448852539,9.050450791395821,2,9.050450791395821
23,22,Tränen,Tränen,0,DE-TR,Multilingual,"Und dann ist es natürlich toll, buraya ilk geldiğinde falan böyle, die Straße war schon die Zimmerstraße, böyle, mir kamen die Tränen in der Art!",5.991183280944824,8.643450408475967,3,8.643450408475967
23,23,in,in,0,DE-TR,Multilingual,"Und dann ist es natürlich toll, buraya ilk geldiğinde falan böyle, die Straße war schon die Zimmerstraße, böyle, mir kamen die Tränen in der Art!",6.150150775909424,8.872792025123937,2,8.872792025123937
23,24,der,der,0,DE-TR,Multilingual,"Und dann ist es natürlich toll, buraya ilk geldiğinde falan böyle, die Straße war schon die Zimmerstraße, böyle, mir kamen die Tränen in der Art!",10.600622177124023,15.293465045274395,2,15.293465045274395
23,25,Art,Art!,0,DE-TR,Multilingual,"Und dann ist es natürlich toll, buraya ilk geldiğinde falan böyle, die Straße war schon die Zimmerstraße, böyle, mir kamen die Tränen in der Art!",12.970015525817871,18.711777079350306,3,18.711777079350306
24,1,An,An,0,DE-TR,Multilingual,"An dem Wagen genau, onlar konuşuyor, Cennet total verliebte Augen und so, und ich hab den Kerl nicht gemocht, die waren wieviel waren die acht Monate zusammen, und Cennet die ersten paar Monate hiç böyle yalnız gitmek istemiyordu yanına.",16.856365203857422,24.318594487018384,2,24.318594487018384
24,2,dem,dem,0,DE-TR,Multilingual,"An dem Wagen genau, onlar konuşuyor, Cennet total verliebte Augen und so, und ich hab den Kerl nicht gemocht, die waren wieviel waren die acht Monate zusammen, und Cennet die ersten paar Monate hiç böyle yalnız gitmek istemiyordu yanına.",18.37208366394043,26.505313992763995,2,26.505313992763995
24,3,Wagen,Wagen,0,DE-TR,Multilingual,"An dem Wagen genau, onlar konuşuyor, Cennet total verliebte Augen und so, und ich hab den Kerl nicht gemocht, die waren wieviel waren die acht Monate zusammen, und Cennet die ersten paar Monate hiç böyle yalnız gitmek istemiyordu yanına.",16.147960662841797,23.296582768751918,2,23.296582768751918
24,4,genau,"genau,",0,DE-TR,Multilingual,"An dem Wagen genau, onlar konuşuyor, Cennet total verliebte Augen und so, und ich hab den Kerl nicht gemocht, die waren wieviel waren die acht Monate zusammen, und Cennet die ersten paar Monate hiç böyle yalnız gitmek istemiyordu yanına.",40.4088134765625,58.29759481084383,3,58.29759481084383
24,5,onlar,onlar,1,DE-TR,Multilingual,"An dem Wagen genau, onlar konuşuyor, Cennet total verliebte Augen und so, und ich hab den Kerl nicht gemocht, die waren wieviel waren die acht Monate zusammen, und Cennet die ersten paar Monate hiç böyle yalnız gitmek istemiyordu yanına.",38.58000946044922,55.659188326039384,2,55.659188326039384
24,6,konuşuyor,"konuşuyor,",0,DE-TR,Multilingual,"An dem Wagen genau, onlar konuşuyor, Cennet total verliebte Augen und so, und ich hab den Kerl nicht gemocht, die waren wieviel waren die acht Monate zusammen, und Cennet die ersten paar Monate hiç böyle yalnız gitmek istemiyordu yanına.",21.800769805908203,31.451862486545615,4,31.451862486545615
24,7,Cennet,Cennet,0,DE-TR,Multilingual,"An dem Wagen genau, onlar konuşuyor, Cennet total verliebte Augen und so, und ich hab den Kerl nicht gemocht, die waren wieviel waren die acht Monate zusammen, und Cennet die ersten paar Monate hiç böyle yalnız gitmek istemiyordu yanına.",26.517166137695312,38.256184085281774,3,38.256184085281774
24,8,total,total,1,DE-TR,Multilingual,"An dem Wagen genau, onlar konuşuyor, Cennet total verliebte Augen und so, und ich hab den Kerl nicht gemocht, die waren wieviel waren die acht Monate zusammen, und Cennet die ersten paar Monate hiç böyle yalnız gitmek istemiyordu yanına.",22.21110725402832,32.04385428803954,2,32.04385428803954
24,9,verliebte,verliebte,0,DE-TR,Multilingual,"An dem Wagen genau, onlar konuşuyor, Cennet total verliebte Augen und so, und ich hab den Kerl nicht gemocht, die waren wieviel waren die acht Monate zusammen, und Cennet die ersten paar Monate hiç böyle yalnız gitmek istemiyordu yanına.",33.360958099365234,48.129688809258724,4,48.129688809258724
24,10,Augen,Augen,0,DE-TR,Multilingual,"An dem Wagen genau, onlar konuşuyor, Cennet total verliebte Augen und so, und ich hab den Kerl nicht gemocht, die waren wieviel waren die acht Monate zusammen, und Cennet die ersten paar Monate hiç böyle yalnız gitmek istemiyordu yanına.",16.447723388671875,23.72904896675033,2,23.72904896675033
24,11,und,und,0,DE-TR,Multilingual,"An dem Wagen genau, onlar konuşuyor, Cennet total verliebte Augen und so, und ich hab den Kerl nicht gemocht, die waren wieviel waren die acht Monate zusammen, und Cennet die ersten paar Monate hiç böyle yalnız gitmek istemiyordu yanına.",7.704714775085449,11.115553797479704,2,11.115553797479704
24,12,so,"so,",0,DE-TR,Multilingual,"An dem Wagen genau, onlar konuşuyor, Cennet total verliebte Augen und so, und ich hab den Kerl nicht gemocht, die waren wieviel waren die acht Monate zusammen, und Cennet die ersten paar Monate hiç böyle yalnız gitmek istemiyordu yanına.",13.527997970581055,19.516775585313248,3,19.516775585313248
24,13,und,und,0,DE-TR,Multilingual,"An dem Wagen genau, onlar konuşuyor, Cennet total verliebte Augen und so, und ich hab den Kerl nicht gemocht, die waren wieviel waren die acht Monate zusammen, und Cennet die ersten paar Monate hiç böyle yalnız gitmek istemiyordu yanına.",11.177213668823242,16.12531073096763,2,16.12531073096763
24,14,ich,ich,0,DE-TR,Multilingual,"An dem Wagen genau, onlar konuşuyor, Cennet total verliebte Augen und so, und ich hab den Kerl nicht gemocht, die waren wieviel waren die acht Monate zusammen, und Cennet die ersten paar Monate hiç böyle yalnız gitmek istemiyordu yanına.",8.397159576416016,12.114540478448655,2,12.114540478448655
24,15,hab,hab,0,DE-TR,Multilingual,"An dem Wagen genau, onlar konuşuyor, Cennet total verliebte Augen und so, und ich hab den Kerl nicht gemocht, die waren wieviel waren die acht Monate zusammen, und Cennet die ersten paar Monate hiç böyle yalnız gitmek istemiyordu yanına.",7.567831993103027,10.918073686730578,2,10.918073686730578
24,16,den,den,0,DE-TR,Multilingual,"An dem Wagen genau, onlar konuşuyor, Cennet total verliebte Augen und so, und ich hab den Kerl nicht gemocht, die waren wieviel waren die acht Monate zusammen, und Cennet die ersten paar Monate hiç böyle yalnız gitmek istemiyordu yanına.",10.507332801818848,15.15887692615399,2,15.15887692615399
24,17,Kerl,Kerl,0,DE-TR,Multilingual,"An dem Wagen genau, onlar konuşuyor, Cennet total verliebte Augen und so, und ich hab den Kerl nicht gemocht, die waren wieviel waren die acht Monate zusammen, und Cennet die ersten paar Monate hiç böyle yalnız gitmek istemiyordu yanına.",10.823295593261719,15.614714878474054,3,15.614714878474054
24,18,nicht,nicht,0,DE-TR,Multilingual,"An dem Wagen genau, onlar konuşuyor, Cennet total verliebte Augen und so, und ich hab den Kerl nicht gemocht, die waren wieviel waren die acht Monate zusammen, und Cennet die ersten paar Monate hiç böyle yalnız gitmek istemiyordu yanına.",13.505101203918457,19.48374253359673,2,19.48374253359673
24,19,gemocht,"gemocht,",0,DE-TR,Multilingual,"An dem Wagen genau, onlar konuşuyor, Cennet total verliebte Augen und so, und ich hab den Kerl nicht gemocht, die waren wieviel waren die acht Monate zusammen, und Cennet die ersten paar Monate hiç böyle yalnız gitmek istemiyordu yanına.",14.549778938293457,20.990893920306657,4,20.990893920306657
24,20,die,die,0,DE-TR,Multilingual,"An dem Wagen genau, onlar konuşuyor, Cennet total verliebte Augen und so, und ich hab den Kerl nicht gemocht, die waren wieviel waren die acht Monate zusammen, und Cennet die ersten paar Monate hiç böyle yalnız gitmek istemiyordu yanına.",9.13473129272461,13.178631535867025,2,13.178631535867025
24,21,waren,waren,0,DE-TR,Multilingual,"An dem Wagen genau, onlar konuşuyor, Cennet total verliebte Augen und so, und ich hab den Kerl nicht gemocht, die waren wieviel waren die acht Monate zusammen, und Cennet die ersten paar Monate hiç böyle yalnız gitmek istemiyordu yanına.",10.17135238647461,14.674159647101042,2,14.674159647101042
24,22,wieviel,wieviel,0,DE-TR,Multilingual,"An dem Wagen genau, onlar konuşuyor, Cennet total verliebte Augen und so, und ich hab den Kerl nicht gemocht, die waren wieviel waren die acht Monate zusammen, und Cennet die ersten paar Monate hiç böyle yalnız gitmek istemiyordu yanına.",19.220937728881836,27.7299515426934,3,27.7299515426934
24,23,waren,waren,0,DE-TR,Multilingual,"An dem Wagen genau, onlar konuşuyor, Cennet total verliebte Augen und so, und ich hab den Kerl nicht gemocht, die waren wieviel waren die acht Monate zusammen, und Cennet die ersten paar Monate hiç böyle yalnız gitmek istemiyordu yanına.",10.371037483215332,14.962244345908315,2,14.962244345908315
24,24,die,die,0,DE-TR,Multilingual,"An dem Wagen genau, onlar konuşuyor, Cennet total verliebte Augen und so, und ich hab den Kerl nicht gemocht, die waren wieviel waren die acht Monate zusammen, und Cennet die ersten paar Monate hiç böyle yalnız gitmek istemiyordu yanına.",11.743408203125,16.94215677778321,2,16.94215677778321
24,25,acht,acht,0,DE-TR,Multilingual,"An dem Wagen genau, onlar konuşuyor, Cennet total verliebte Augen und so, und ich hab den Kerl nicht gemocht, die waren wieviel waren die acht Monate zusammen, und Cennet die ersten paar Monate hiç böyle yalnız gitmek istemiyordu yanına.",13.912473678588867,20.071456782598393,2,20.071456782598393
24,26,Monate,Monate,0,DE-TR,Multilingual,"An dem Wagen genau, onlar konuşuyor, Cennet total verliebte Augen und so, und ich hab den Kerl nicht gemocht, die waren wieviel waren die acht Monate zusammen, und Cennet die ersten paar Monate hiç böyle yalnız gitmek istemiyordu yanına.",10.456441879272461,15.085456844570054,2,15.085456844570054
24,27,zusammen,"zusammen,",0,DE-TR,Multilingual,"An dem Wagen genau, onlar konuşuyor, Cennet total verliebte Augen und so, und ich hab den Kerl nicht gemocht, die waren wieviel waren die acht Monate zusammen, und Cennet die ersten paar Monate hiç böyle yalnız gitmek istemiyordu yanına.",8.706271171569824,12.560494243858331,3,12.560494243858331
24,28,und,und,0,DE-TR,Multilingual,"An dem Wagen genau, onlar konuşuyor, Cennet total verliebte Augen und so, und ich hab den Kerl nicht gemocht, die waren wieviel waren die acht Monate zusammen, und Cennet die ersten paar Monate hiç böyle yalnız gitmek istemiyordu yanına.",8.797891616821289,12.692674605866658,2,12.692674605866658
24,29,Cennet,Cennet,1,DE-TR,Multilingual,"An dem Wagen genau, onlar konuşuyor, Cennet total verliebte Augen und so, und ich hab den Kerl nicht gemocht, die waren wieviel waren die acht Monate zusammen, und Cennet die ersten paar Monate hiç böyle yalnız gitmek istemiyordu yanına.",11.826854705810547,17.062544633387176,3,17.062544633387176
24,30,die,die,1,DE-TR,Multilingual,"An dem Wagen genau, onlar konuşuyor, Cennet total verliebte Augen und so, und ich hab den Kerl nicht gemocht, die waren wieviel waren die acht Monate zusammen, und Cennet die ersten paar Monate hiç böyle yalnız gitmek istemiyordu yanına.",10.541006088256836,15.207457209508508,2,15.207457209508508
24,31,ersten,ersten,0,DE-TR,Multilingual,"An dem Wagen genau, onlar konuşuyor, Cennet total verliebte Augen und so, und ich hab den Kerl nicht gemocht, die waren wieviel waren die acht Monate zusammen, und Cennet die ersten paar Monate hiç böyle yalnız gitmek istemiyordu yanına.",10.099203109741211,14.570070243354044,2,14.570070243354044
24,32,paar,paar,0,DE-TR,Multilingual,"An dem Wagen genau, onlar konuşuyor, Cennet total verliebte Augen und so, und ich hab den Kerl nicht gemocht, die waren wieviel waren die acht Monate zusammen, und Cennet die ersten paar Monate hiç böyle yalnız gitmek istemiyordu yanına.",5.743945598602295,8.28676183023952,2,8.28676183023952
24,33,Monate,Monate,0,DE-TR,Multilingual,"An dem Wagen genau, onlar konuşuyor, Cennet total verliebte Augen und so, und ich hab den Kerl nicht gemocht, die waren wieviel waren die acht Monate zusammen, und Cennet die ersten paar Monate hiç böyle yalnız gitmek istemiyordu yanına.",14.100054740905762,20.342079050967662,2,20.342079050967662
24,34,hiç,hiç,1,DE-TR,Multilingual,"An dem Wagen genau, onlar konuşuyor, Cennet total verliebte Augen und so, und ich hab den Kerl nicht gemocht, die waren wieviel waren die acht Monate zusammen, und Cennet die ersten paar Monate hiç böyle yalnız gitmek istemiyordu yanına.",19.87408447265625,28.672243110909523,2,28.672243110909523
24,35,böyle,böyle,0,DE-TR,Multilingual,"An dem Wagen genau, onlar konuşuyor, Cennet total verliebte Augen und so, und ich hab den Kerl nicht gemocht, die waren wieviel waren die acht Monate zusammen, und Cennet die ersten paar Monate hiç böyle yalnız gitmek istemiyordu yanına.",14.899555206298828,21.495514407578657,2,21.495514407578657
24,36,yalnız,yalnız,0,DE-TR,Multilingual,"An dem Wagen genau, onlar konuşuyor, Cennet total verliebte Augen und so, und ich hab den Kerl nicht gemocht, die waren wieviel waren die acht Monate zusammen, und Cennet die ersten paar Monate hiç böyle yalnız gitmek istemiyordu yanına.",13.834583282470703,19.95908469438584,2,19.95908469438584
24,37,gitmek,gitmek,0,DE-TR,Multilingual,"An dem Wagen genau, onlar konuşuyor, Cennet total verliebte Augen und so, und ich hab den Kerl nicht gemocht, die waren wieviel waren die acht Monate zusammen, und Cennet die ersten paar Monate hiç böyle yalnız gitmek istemiyordu yanına.",11.255438804626465,16.238165746463803,3,16.238165746463803
24,38,istemiyordu,istemiyordu,0,DE-TR,Multilingual,"An dem Wagen genau, onlar konuşuyor, Cennet total verliebte Augen und so, und ich hab den Kerl nicht gemocht, die waren wieviel waren die acht Monate zusammen, und Cennet die ersten paar Monate hiç böyle yalnız gitmek istemiyordu yanına.",16.909616470336914,24.395419825089405,3,24.395419825089405
24,39,yanına,yanına.,0,DE-TR,Multilingual,"An dem Wagen genau, onlar konuşuyor, Cennet total verliebte Augen und so, und ich hab den Kerl nicht gemocht, die waren wieviel waren die acht Monate zusammen, und Cennet die ersten paar Monate hiç böyle yalnız gitmek istemiyordu yanına.",18.12065315246582,26.1425764407314,3,26.1425764407314
25,1,Weißt,Weißt,0,DE-TR,Multilingual,"Weißt du, das ist so ein Typ, er hat gedacht, weil, Cennet sieht ja nicht aus wie eine Türkin, tamam, und dass sie total anders wäre.",15.54731273651123,22.430030984114573,3,22.430030984114573
25,2,du,"du,",0,DE-TR,Multilingual,"Weißt du, das ist so ein Typ, er hat gedacht, weil, Cennet sieht ja nicht aus wie eine Türkin, tamam, und dass sie total anders wäre.",5.358950614929199,7.731331476527217,3,7.731331476527217
25,3,das,das,0,DE-TR,Multilingual,"Weißt du, das ist so ein Typ, er hat gedacht, weil, Cennet sieht ja nicht aus wie eine Türkin, tamam, und dass sie total anders wäre.",5.83042049407959,8.411518733106004,2,8.411518733106004
25,4,ist,ist,0,DE-TR,Multilingual,"Weißt du, das ist so ein Typ, er hat gedacht, weil, Cennet sieht ja nicht aus wie eine Türkin, tamam, und dass sie total anders wäre.",5.495454788208008,7.9282653703772015,2,7.9282653703772015
25,5,so,so,0,DE-TR,Multilingual,"Weißt du, das ist so ein Typ, er hat gedacht, weil, Cennet sieht ja nicht aus wie eine Türkin, tamam, und dass sie total anders wäre.",6.634617805480957,9.571730206160995,2,9.571730206160995
25,6,ein,ein,0,DE-TR,Multilingual,"Weißt du, das ist so ein Typ, er hat gedacht, weil, Cennet sieht ja nicht aus wie eine Türkin, tamam, und dass sie total anders wäre.",9.315902709960938,13.4400066410647,2,13.4400066410647
25,7,Typ,"Typ,",0,DE-TR,Multilingual,"Weißt du, das ist so ein Typ, er hat gedacht, weil, Cennet sieht ja nicht aus wie eine Türkin, tamam, und dass sie total anders wäre.",13.243419647216797,19.10621584945114,3,19.10621584945114
25,8,er,er,0,DE-TR,Multilingual,"Weißt du, das ist so ein Typ, er hat gedacht, weil, Cennet sieht ja nicht aus wie eine Türkin, tamam, und dass sie total anders wäre.",6.846973896026611,9.878095284893778,2,9.878095284893778
25,9,hat,hat,0,DE-TR,Multilingual,"Weißt du, das ist so ein Typ, er hat gedacht, weil, Cennet sieht ja nicht aus wie eine Türkin, tamam, und dass sie total anders wäre.",10.549737930297852,15.220054594718908,2,15.220054594718908
25,10,gedacht,"gedacht,",0,DE-TR,Multilingual,"Weißt du, das ist so ein Typ, er hat gedacht, weil, Cennet sieht ja nicht aus wie eine Türkin, tamam, und dass sie total anders wäre.",15.41960334777832,22.245785282314642,3,22.245785282314642
25,11,weil,"weil,",0,DE-TR,Multilingual,"Weißt du, das ist so ein Typ, er hat gedacht, weil, Cennet sieht ja nicht aus wie eine Türkin, tamam, und dass sie total anders wäre.",22.10565185546875,31.891714307502678,3,31.891714307502678
25,12,Cennet,Cennet,1,DE-TR,Multilingual,"Weißt du, das ist so ein Typ, er hat gedacht, weil, Cennet sieht ja nicht aus wie eine Türkin, tamam, und dass sie total anders wäre.",25.33906364440918,36.55654146055895,3,36.55654146055895
25,13,sieht,sieht,0,DE-TR,Multilingual,"Weißt du, das ist so ein Typ, er hat gedacht, weil, Cennet sieht ja nicht aus wie eine Türkin, tamam, und dass sie total anders wäre.",11.900611877441406,17.168953739129012,2,17.168953739129012
25,14,ja,ja,0,DE-TR,Multilingual,"Weißt du, das ist so ein Typ, er hat gedacht, weil, Cennet sieht ja nicht aus wie eine Türkin, tamam, und dass sie total anders wäre.",7.160846710205078,10.330918037378915,2,10.330918037378915
25,15,nicht,nicht,0,DE-TR,Multilingual,"Weißt du, das ist so ein Typ, er hat gedacht, weil, Cennet sieht ja nicht aus wie eine Türkin, tamam, und dass sie total anders wäre.",5.172345161437988,7.462116714172611,2,7.462116714172611
25,16,aus,aus,0,DE-TR,Multilingual,"Weißt du, das ist so ein Typ, er hat gedacht, weil, Cennet sieht ja nicht aus wie eine Türkin, tamam, und dass sie total anders wäre.",3.2013447284698486,4.618564163939475,2,4.618564163939475
25,17,wie,wie,0,DE-TR,Multilingual,"Weißt du, das ist so ein Typ, er hat gedacht, weil, Cennet sieht ja nicht aus wie eine Türkin, tamam, und dass sie total anders wäre.",3.674225330352783,5.300786663208574,2,5.300786663208574
25,18,eine,eine,1,DE-TR,Multilingual,"Weißt du, das ist so ein Typ, er hat gedacht, weil, Cennet sieht ja nicht aus wie eine Türkin, tamam, und dass sie total anders wäre.",11.571863174438477,16.69466961560801,2,16.69466961560801
25,19,Türkin,"Türkin,",0,DE-TR,Multilingual,"Weißt du, das ist so ein Typ, er hat gedacht, weil, Cennet sieht ja nicht aus wie eine Türkin, tamam, und dass sie total anders wäre.",29.173980712890625,42.08915729747757,4,42.08915729747757
25,20,tamam,"tamam,",1,DE-TR,Multilingual,"Weißt du, das ist so ein Typ, er hat gedacht, weil, Cennet sieht ja nicht aus wie eine Türkin, tamam, und dass sie total anders wäre.",25.632034301757812,36.9792087750418,3,36.9792087750418
25,21,und,und,1,DE-TR,Multilingual,"Weißt du, das ist so ein Typ, er hat gedacht, weil, Cennet sieht ja nicht aus wie eine Türkin, tamam, und dass sie total anders wäre.",9.300597190856934,13.417925444555122,2,13.417925444555122
25,22,dass,dass,0,DE-TR,Multilingual,"Weißt du, das ist so ein Typ, er hat gedacht, weil, Cennet sieht ja nicht aus wie eine Türkin, tamam, und dass sie total anders wäre.",7.922985076904297,11.430451279487093,2,11.430451279487093
25,23,sie,sie,0,DE-TR,Multilingual,"Weißt du, das ist so ein Typ, er hat gedacht, weil, Cennet sieht ja nicht aus wie eine Türkin, tamam, und dass sie total anders wäre.",10.286514282226562,14.840303143001757,2,14.840303143001757
25,24,total,total,0,DE-TR,Multilingual,"Weißt du, das ist so ein Typ, er hat gedacht, weil, Cennet sieht ja nicht aus wie eine Türkin, tamam, und dass sie total anders wäre.",12.308032035827637,17.756736781191023,2,17.756736781191023
25,25,anders,anders,0,DE-TR,Multilingual,"Weißt du, das ist so ein Typ, er hat gedacht, weil, Cennet sieht ja nicht aus wie eine Türkin, tamam, und dass sie total anders wäre.",10.211874008178711,14.732619989782329,2,14.732619989782329
25,26,wäre,wäre.,0,DE-TR,Multilingual,"Weißt du, das ist so ein Typ, er hat gedacht, weil, Cennet sieht ja nicht aus wie eine Türkin, tamam, und dass sie total anders wäre.",8.01884651184082,11.568750096282514,3,11.568750096282514
26,1,Er,Er,0,DE-TR,Multilingual,"Er hat gedacht, er hat sie sitzengelassen, şimdi ağlıyordur falan.",14.798254013061523,21.34936767845906,2,21.34936767845906
26,2,hat,hat,0,DE-TR,Multilingual,"Er hat gedacht, er hat sie sitzengelassen, şimdi ağlıyordur falan.",14.777435302734375,21.31933262831238,2,21.31933262831238
26,3,gedacht,"gedacht,",0,DE-TR,Multilingual,"Er hat gedacht, er hat sie sitzengelassen, şimdi ağlıyordur falan.",11.49615478515625,16.585445497836847,3,16.585445497836847
26,4,er,er,0,DE-TR,Multilingual,"Er hat gedacht, er hat sie sitzengelassen, şimdi ağlıyordur falan.",7.003359317779541,10.103711757324058,2,10.103711757324058
26,5,hat,hat,0,DE-TR,Multilingual,"Er hat gedacht, er hat sie sitzengelassen, şimdi ağlıyordur falan.",9.204347610473633,13.27906665224849,2,13.27906665224849
26,6,sie,sie,0,DE-TR,Multilingual,"Er hat gedacht, er hat sie sitzengelassen, şimdi ağlıyordur falan.",8.651128768920898,12.480940573014024,2,12.480940573014024
26,7,sitzengelassen,"sitzengelassen,",0,DE-TR,Multilingual,"Er hat gedacht, er hat sie sitzengelassen, şimdi ağlıyordur falan.",37.29424285888672,53.80421922622451,5,53.80421922622451
26,8,şimdi,şimdi,1,DE-TR,Multilingual,"Er hat gedacht, er hat sie sitzengelassen, şimdi ağlıyordur falan.",29.40983772277832,42.42942703600145,2,42.42942703600145
26,9,ağlıyordur,ağlıyordur,0,DE-TR,Multilingual,"Er hat gedacht, er hat sie sitzengelassen, şimdi ağlıyordur falan.",26.712482452392578,38.53796596390023,4,38.53796596390023
26,10,falan,falan.,0,DE-TR,Multilingual,"Er hat gedacht, er hat sie sitzengelassen, şimdi ağlıyordur falan.",12.159897804260254,17.543024259922863,3,17.543024259922863
27,1,Deswegen,Deswegen,0,DE-TR,Multilingual,"Deswegen ist bisschen billiger, yoksa eh wir wollten auch größere Wohnung nehmen, aber über 1000 Euro Miete.",15.877813339233398,22.906842564672658,3,22.906842564672658
27,2,ist,ist,0,DE-TR,Multilingual,"Deswegen ist bisschen billiger, yoksa eh wir wollten auch größere Wohnung nehmen, aber über 1000 Euro Miete.",15.790409088134766,22.780744885060045,2,22.780744885060045
27,3,bisschen,bisschen,0,DE-TR,Multilingual,"Deswegen ist bisschen billiger, yoksa eh wir wollten auch größere Wohnung nehmen, aber über 1000 Euro Miete.",20.599525451660156,29.718833213776094,2,29.718833213776094
27,4,billiger,"billiger,",0,DE-TR,Multilingual,"Deswegen ist bisschen billiger, yoksa eh wir wollten auch größere Wohnung nehmen, aber über 1000 Euro Miete.",35.2523193359375,50.85834628579115,4,50.85834628579115
27,5,yoksa,yoksa,1,DE-TR,Multilingual,"Deswegen ist bisschen billiger, yoksa eh wir wollten auch größere Wohnung nehmen, aber über 1000 Euro Miete.",33.51935958862305,48.35821385228039,2,48.35821385228039
27,6,eh,eh,1,DE-TR,Multilingual,"Deswegen ist bisschen billiger, yoksa eh wir wollten auch größere Wohnung nehmen, aber über 1000 Euro Miete.",15.383476257324219,22.193664908074762,2,22.193664908074762
27,7,wir,wir,0,DE-TR,Multilingual,"Deswegen ist bisschen billiger, yoksa eh wir wollten auch größere Wohnung nehmen, aber über 1000 Euro Miete.",15.962207794189453,23.028598026316285,2,23.028598026316285
27,8,wollten,wollten,0,DE-TR,Multilingual,"Deswegen ist bisschen billiger, yoksa eh wir wollten auch größere Wohnung nehmen, aber über 1000 Euro Miete.",11.352424621582031,16.378086703622163,2,16.378086703622163
27,9,auch,auch,0,DE-TR,Multilingual,"Deswegen ist bisschen billiger, yoksa eh wir wollten auch größere Wohnung nehmen, aber über 1000 Euro Miete.",11.952658653259277,17.244041364495715,2,17.244041364495715
27,10,größere,größere,0,DE-TR,Multilingual,"Deswegen ist bisschen billiger, yoksa eh wir wollten auch größere Wohnung nehmen, aber über 1000 Euro Miete.",12.704322814941406,18.328463522968484,2,18.328463522968484
27,11,Wohnung,Wohnung,0,DE-TR,Multilingual,"Deswegen ist bisschen billiger, yoksa eh wir wollten auch größere Wohnung nehmen, aber über 1000 Euro Miete.",9.853018760681152,14.21490130382062,2,14.21490130382062
27,12,nehmen,"nehmen,",0,DE-TR,Multilingual,"Deswegen ist bisschen billiger, yoksa eh wir wollten auch größere Wohnung nehmen, aber über 1000 Euro Miete.",10.08032512664795,14.54283507076341,3,14.54283507076341
27,13,aber,aber,0,DE-TR,Multilingual,"Deswegen ist bisschen billiger, yoksa eh wir wollten auch größere Wohnung nehmen, aber über 1000 Euro Miete.",9.434915542602539,13.611705864518887,2,13.611705864518887
27,14,über,über,0,DE-TR,Multilingual,"Deswegen ist bisschen billiger, yoksa eh wir wollten auch größere Wohnung nehmen, aber über 1000 Euro Miete.",12.438583374023438,17.945082549387525,2,17.945082549387525
27,15,1000,1000,0,DE-TR,Multilingual,"Deswegen ist bisschen billiger, yoksa eh wir wollten auch größere Wohnung nehmen, aber über 1000 Euro Miete.",6.4777655601501465,9.345440249669934,2,9.345440249669934
27,16,Euro,Euro,0,DE-TR,Multilingual,"Deswegen ist bisschen billiger, yoksa eh wir wollten auch größere Wohnung nehmen, aber über 1000 Euro Miete.",6.380447864532471,9.205040492811573,2,9.205040492811573
27,17,Miete,Miete.,0,DE-TR,Multilingual,"Deswegen ist bisschen billiger, yoksa eh wir wollten auch größere Wohnung nehmen, aber über 1000 Euro Miete.",9.504166603088379,13.71161402605811,4,13.71161402605811
28,1,Hepsini,Hepsini,0,TR,Monolingual,Hepsini işte üç çantaya sığdırmaya çalıştım.,29.300609588623047,42.27184414853008,3,42.27184414853008
28,2,işte,işte,0,TR,Monolingual,Hepsini işte üç çantaya sığdırmaya çalıştım.,22.60204315185547,32.60785556914024,2,32.60785556914024
28,3,üç,üç,0,TR,Monolingual,Hepsini işte üç çantaya sığdırmaya çalıştım.,12.462727546691895,17.979915227562675,2,17.979915227562675
28,4,çantaya,çantaya,0,TR,Monolingual,Hepsini işte üç çantaya sığdırmaya çalıştım.,14.987478256225586,21.622360555687823,4,21.622360555687823
28,5,sığdırmaya,sığdırmaya,0,TR,Monolingual,Hepsini işte üç çantaya sığdırmaya çalıştım.,7.772042274475098,11.212686846964603,4,11.212686846964603
28,6,çalıştım,çalıştım.,0,TR,Monolingual,Hepsini işte üç çantaya sığdırmaya çalıştım.,4.056380748748779,5.852120390177324,4,5.852120390177324
29,1,O,O,0,TR,Monolingual,O eski aile düzeni kalktı ortadan. Bir de biz modern bir toplum olmaya çalıştık.,17.318891525268555,24.98587891719884,2,24.98587891719884
29,2,eski,eski,0,TR,Monolingual,O eski aile düzeni kalktı ortadan. Bir de biz modern bir toplum olmaya çalıştık.,20.77012062072754,29.96495001818922,2,29.96495001818922
29,3,aile,aile,0,TR,Monolingual,O eski aile düzeni kalktı ortadan. Bir de biz modern bir toplum olmaya çalıştık.,15.942959785461426,23.00082901957737,2,23.00082901957737
29,4,düzeni,düzeni,0,TR,Monolingual,O eski aile düzeni kalktı ortadan. Bir de biz modern bir toplum olmaya çalıştık.,15.46154499053955,22.306294282333006,3,22.306294282333006
29,5,kalktı,kalktı,0,TR,Monolingual,O eski aile düzeni kalktı ortadan. Bir de biz modern bir toplum olmaya çalıştık.,18.8955135345459,27.260463671339657,3,27.260463671339657
29,6,ortadan,ortadan.,0,TR,Monolingual,O eski aile düzeni kalktı ortadan. Bir de biz modern bir toplum olmaya çalıştık.,17.391254425048828,25.090276513856185,4,25.090276513856185
29,7,Bir,Bir,0,TR,Monolingual,O eski aile düzeni kalktı ortadan. Bir de biz modern bir toplum olmaya çalıştık.,6.498574256896973,9.375460853273943,2,9.375460853273943
29,8,de,de,0,TR,Monolingual,O eski aile düzeni kalktı ortadan. Bir de biz modern bir toplum olmaya çalıştık.,9.792718887329102,14.127906975569383,2,14.127906975569383
29,9,biz,biz,0,TR,Monolingual,O eski aile düzeni kalktı ortadan. Bir de biz modern bir toplum olmaya çalıştık.,15.023885726928711,21.67488543312253,2,21.67488543312253
29,10,modern,modern,0,TR,Monolingual,O eski aile düzeni kalktı ortadan. Bir de biz modern bir toplum olmaya çalıştık.,10.566048622131348,15.243585948940561,2,15.243585948940561
29,11,bir,bir,0,TR,Monolingual,O eski aile düzeni kalktı ortadan. Bir de biz modern bir toplum olmaya çalıştık.,4.617708206176758,6.66194472932348,2,6.66194472932348
29,12,toplum,toplum,0,TR,Monolingual,O eski aile düzeni kalktı ortadan. Bir de biz modern bir toplum olmaya çalıştık.,8.138872146606445,11.741910484338431,2,11.741910484338431
29,13,olmaya,olmaya,0,TR,Monolingual,O eski aile düzeni kalktı ortadan. Bir de biz modern bir toplum olmaya çalıştık.,9.993887901306152,14.418132514414596,2,14.418132514414596
29,14,çalıştık,çalıştık.,0,TR,Monolingual,O eski aile düzeni kalktı ortadan. Bir de biz modern bir toplum olmaya çalıştık.,6.97830867767334,10.067571323071748,4,10.067571323071748
30,1,Bir,Bir,0,TR,Monolingual,Bir Türk olarak Almanya'da Almanca olarak ne kadar şansım var? Öğretmenlikte ne kadar yükselebileceğim?,16.977378845214844,24.493180267284654,2,24.493180267284654
30,2,Türk,Türk,0,TR,Monolingual,Bir Türk olarak Almanya'da Almanca olarak ne kadar şansım var? Öğretmenlikte ne kadar yükselebileceğim?,13.445027351379395,19.397074284451527,2,19.397074284451527
30,3,olarak,olarak,0,TR,Monolingual,Bir Türk olarak Almanya'da Almanca olarak ne kadar şansım var? Öğretmenlikte ne kadar yükselebileceğim?,11.186084747314453,16.138108991914237,2,16.138108991914237
30,4,Almanya'da,Almanya'da,0,TR,Monolingual,Bir Türk olarak Almanya'da Almanca olarak ne kadar şansım var? Öğretmenlikte ne kadar yükselebileceğim?,15.461751937866211,22.306592844214904,4,22.306592844214904
30,5,Almanca,Almanca,0,TR,Monolingual,Bir Türk olarak Almanya'da Almanca olarak ne kadar şansım var? Öğretmenlikte ne kadar yükselebileceğim?,14.96498966217041,21.589916372567856,3,21.589916372567856
30,6,olarak,olarak,0,TR,Monolingual,Bir Türk olarak Almanya'da Almanca olarak ne kadar şansım var? Öğretmenlikte ne kadar yükselebileceğim?,11.847002983093262,17.091612453105405,2,17.091612453105405
30,7,ne,ne,0,TR,Monolingual,Bir Türk olarak Almanya'da Almanca olarak ne kadar şansım var? Öğretmenlikte ne kadar yükselebileceğim?,8.551499366760254,12.33720572859013,2,12.33720572859013
30,8,kadar,kadar,0,TR,Monolingual,Bir Türk olarak Almanya'da Almanca olarak ne kadar şansım var? Öğretmenlikte ne kadar yükselebileceğim?,8.029163360595703,11.583634162818786,2,11.583634162818786
30,9,şansım,şansım,0,TR,Monolingual,Bir Türk olarak Almanya'da Almanca olarak ne kadar şansım var? Öğretmenlikte ne kadar yükselebileceğim?,10.097617149353027,14.567782186166964,3,14.567782186166964
30,10,var,var?,0,TR,Monolingual,Bir Türk olarak Almanya'da Almanca olarak ne kadar şansım var? Öğretmenlikte ne kadar yükselebileceğim?,10.081999778747559,14.54525108304273,3,14.54525108304273
30,11,Öğretmenlikte,Öğretmenlikte,0,TR,Monolingual,Bir Türk olarak Almanya'da Almanca olarak ne kadar şansım var? Öğretmenlikte ne kadar yükselebileceğim?,17.711776733398438,25.55269245860645,3,25.55269245860645
30,12,ne,ne,0,TR,Monolingual,Bir Türk olarak Almanya'da Almanca olarak ne kadar şansım var? Öğretmenlikte ne kadar yükselebileceğim?,3.7694666385650635,5.438190826254208,2,5.438190826254208
30,13,kadar,kadar,0,TR,Monolingual,Bir Türk olarak Almanya'da Almanca olarak ne kadar şansım var? Öğretmenlikte ne kadar yükselebileceğim?,7.5940961837768555,10.955964904368672,2,10.955964904368672
30,14,yükselebileceğim,yükselebileceğim?,0,TR,Monolingual,Bir Türk olarak Almanya'da Almanca olarak ne kadar şansım var? Öğretmenlikte ne kadar yükselebileceğim?,14.367921829223633,20.72852957090122,5,20.72852957090122
31,1,Özel,Özel,0,TR,Monolingual,Özel okul en az beş yıl öğretmenlik yapmanızı istiyor.,16.164897918701172,23.321018063786507,2,23.321018063786507
31,2,okul,okul,0,TR,Monolingual,Özel okul en az beş yıl öğretmenlik yapmanızı istiyor.,13.552071571350098,19.55150644975909,2,19.55150644975909
31,3,en,en,0,TR,Monolingual,Özel okul en az beş yıl öğretmenlik yapmanızı istiyor.,10.648710250854492,15.362841470771246,2,15.362841470771246
31,4,az,az,0,TR,Monolingual,Özel okul en az beş yıl öğretmenlik yapmanızı istiyor.,7.261602401733398,10.47627777388816,2,10.47627777388816
31,5,beş,beş,0,TR,Monolingual,Özel okul en az beş yıl öğretmenlik yapmanızı istiyor.,6.637093544006348,9.575301941854113,2,9.575301941854113
31,6,yıl,yıl,0,TR,Monolingual,Özel okul en az beş yıl öğretmenlik yapmanızı istiyor.,6.875792980194092,9.919672434705163,2,9.919672434705163
31,7,öğretmenlik,öğretmenlik,0,TR,Monolingual,Özel okul en az beş yıl öğretmenlik yapmanızı istiyor.,8.678621292114258,12.520603899886607,3,12.520603899886607
31,8,yapmanızı,yapmanızı,0,TR,Monolingual,Özel okul en az beş yıl öğretmenlik yapmanızı istiyor.,13.843148231506348,19.971441303885033,3,19.971441303885033
31,9,istiyor,istiyor.,0,TR,Monolingual,Özel okul en az beş yıl öğretmenlik yapmanızı istiyor.,7.961938858032227,11.48664970634423,3,11.48664970634423
32,1,Siz,Siz,0,TR,Monolingual,Siz o civarda mı oturuyorsunuz?,17.884958267211914,25.802540598612698,2,25.802540598612698
32,2,o,o,0,TR,Monolingual,Siz o civarda mı oturuyorsunuz?,16.231008529663086,23.416395514371402,2,23.416395514371402
32,3,civarda,civarda,0,TR,Monolingual,Siz o civarda mı oturuyorsunuz?,14.563760757446289,21.011065421461055,3,21.011065421461055
32,4,mı,mı,0,TR,Monolingual,Siz o civarda mı oturuyorsunuz?,8.473984718322754,12.225375729693097,2,12.225375729693097
32,5,oturuyorsunuz,oturuyorsunuz?,0,TR,Monolingual,Siz o civarda mı oturuyorsunuz?,4.976141929626465,7.179055284631739,4,7.179055284631739
33,1,Geçen,Geçen,0,TR,Monolingual,Geçen sene mayısta dediler ki özel okullarda müracaat var.,14.379707336425781,20.74553246369612,3,20.74553246369612
33,2,sene,sene,0,TR,Monolingual,Geçen sene mayısta dediler ki özel okullarda müracaat var.,7.234778881072998,10.437579613652218,2,10.437579613652218
33,3,mayısta,mayısta,0,TR,Monolingual,Geçen sene mayısta dediler ki özel okullarda müracaat var.,18.720264434814453,27.007632664236844,4,27.007632664236844
33,4,dediler,dediler,0,TR,Monolingual,Geçen sene mayısta dediler ki özel okullarda müracaat var.,10.926219940185547,15.763203323367796,3,15.763203323367796
33,5,ki,ki,0,TR,Monolingual,Geçen sene mayısta dediler ki özel okullarda müracaat var.,9.72465991973877,14.029718640538789,2,14.029718640538789
33,6,özel,özel,0,TR,Monolingual,Geçen sene mayısta dediler ki özel okullarda müracaat var.,12.702224731445312,18.325436628313298,2,18.325436628313298
33,7,okullarda,okullarda,0,TR,Monolingual,Geçen sene mayısta dediler ki özel okullarda müracaat var.,15.158266067504883,21.868755284064743,3,21.868755284064743
33,8,müracaat,müracaat,0,TR,Monolingual,Geçen sene mayısta dediler ki özel okullarda müracaat var.,13.599559783935547,19.6200174585568,4,19.6200174585568
33,9,var,var.,0,TR,Monolingual,Geçen sene mayısta dediler ki özel okullarda müracaat var.,7.598282814025879,10.962004935066973,3,10.962004935066973
34,1,Çocuk,Çocuk,0,TR,Monolingual,Çocuk biraz sıkılıyor herhalde?,20.662538528442383,29.809741867160966,2,29.809741867160966
34,2,biraz,biraz,0,TR,Monolingual,Çocuk biraz sıkılıyor herhalde?,15.371824264526367,22.176854635848827,2,22.176854635848827
34,3,sıkılıyor,sıkılıyor,0,TR,Monolingual,Çocuk biraz sıkılıyor herhalde?,14.222625732421875,20.5189116125848,3,20.5189116125848
34,4,herhalde,herhalde?,0,TR,Monolingual,Çocuk biraz sıkılıyor herhalde?,9.620758056640625,13.879819937907971,5,13.879819937907971
35,1,Konuşacak,Konuşacak,0,TR,Monolingual,Konuşacak çok şeylerimiz var.,24.350839614868164,35.13083555385282,4,35.13083555385282
35,2,çok,çok,0,TR,Monolingual,Konuşacak çok şeylerimiz var.,6.5860700607299805,9.501690615562417,2,9.501690615562417
35,3,şeylerimiz,şeylerimiz,0,TR,Monolingual,Konuşacak çok şeylerimiz var.,13.208260536193848,19.055491974336267,3,19.055491974336267
35,4,var,var.,0,TR,Monolingual,Konuşacak çok şeylerimiz var.,3.548541307449341,5.119462946646802,3,5.119462946646802
36,1,Zaten,Zaten,0,TR,Monolingual,"Zaten bölüm bölüm ya, sence o bölümleri diyalog haline çevireyim mi?",26.742666244506836,38.58151197109869,3,38.58151197109869
36,2,bölüm,bölüm,0,TR,Monolingual,"Zaten bölüm bölüm ya, sence o bölümleri diyalog haline çevireyim mi?",16.073673248291016,23.189408684179046,2,23.189408684179046
36,3,bölüm,bölüm,0,TR,Monolingual,"Zaten bölüm bölüm ya, sence o bölümleri diyalog haline çevireyim mi?",11.352554321289062,16.3782738207463,2,16.3782738207463
36,4,ya,"ya,",0,TR,Monolingual,"Zaten bölüm bölüm ya, sence o bölümleri diyalog haline çevireyim mi?",19.35031509399414,27.916603625744205,3,27.916603625744205
36,5,sence,sence,0,TR,Monolingual,"Zaten bölüm bölüm ya, sence o bölümleri diyalog haline çevireyim mi?",14.240111351013184,20.544138027813357,3,20.544138027813357
36,6,o,o,0,TR,Monolingual,"Zaten bölüm bölüm ya, sence o bölümleri diyalog haline çevireyim mi?",11.340160369873047,16.3603931285014,2,16.3603931285014
36,7,bölümleri,bölümleri,0,TR,Monolingual,"Zaten bölüm bölüm ya, sence o bölümleri diyalog haline çevireyim mi?",15.631152153015137,22.550985694535782,2,22.550985694535782
36,8,diyalog,diyalog,0,TR,Monolingual,"Zaten bölüm bölüm ya, sence o bölümleri diyalog haline çevireyim mi?",19.725223541259766,28.4574821834017,3,28.4574821834017
36,9,haline,haline,0,TR,Monolingual,"Zaten bölüm bölüm ya, sence o bölümleri diyalog haline çevireyim mi?",12.363846778869629,17.8372604341862,2,17.8372604341862
36,10,çevireyim,çevireyim,0,TR,Monolingual,"Zaten bölüm bölüm ya, sence o bölümleri diyalog haline çevireyim mi?",12.334773063659668,17.79531592943257,3,17.79531592943257
36,11,mi,mi?,0,TR,Monolingual,"Zaten bölüm bölüm ya, sence o bölümleri diyalog haline çevireyim mi?",3.0300867557525635,4.371491135987551,3,4.371491135987551
37,1,Gerçekten,Gerçekten,0,TR-DE,Multilingual,"Gerçekten eğer bir akademik kariyer düşünüyorsanız, yani bir şeyler yapma amacındaysanız master düşünün.",16.879465103149414,24.351920597171976,3,24.351920597171976
37,2,eğer,eğer,0,TR-DE,Multilingual,"Gerçekten eğer bir akademik kariyer düşünüyorsanız, yani bir şeyler yapma amacındaysanız master düşünün.",10.745880126953125,15.503027969142538,3,15.503027969142538
37,3,bir,bir,0,TR-DE,Multilingual,"Gerçekten eğer bir akademik kariyer düşünüyorsanız, yani bir şeyler yapma amacındaysanız master düşünün.",12.46009635925293,17.97611922649283,2,17.97611922649283
37,4,akademik,akademik,0,TR-DE,Multilingual,"Gerçekten eğer bir akademik kariyer düşünüyorsanız, yani bir şeyler yapma amacındaysanız master düşünün.",14.95552921295166,21.576267829395384,2,21.576267829395384
37,5,kariyer,kariyer,0,TR-DE,Multilingual,"Gerçekten eğer bir akademik kariyer düşünüyorsanız, yani bir şeyler yapma amacındaysanız master düşünün.",11.20460033416748,16.16482133724625,3,16.16482133724625
37,6,düşünüyorsanız,"düşünüyorsanız,",0,TR-DE,Multilingual,"Gerçekten eğer bir akademik kariyer düşünüyorsanız, yani bir şeyler yapma amacındaysanız master düşünün.",13.836928367614746,19.962467937093614,4,19.962467937093614
37,7,yani,yani,0,TR-DE,Multilingual,"Gerçekten eğer bir akademik kariyer düşünüyorsanız, yani bir şeyler yapma amacındaysanız master düşünün.",9.024450302124023,13.019529697623236,2,13.019529697623236
37,8,bir,bir,0,TR-DE,Multilingual,"Gerçekten eğer bir akademik kariyer düşünüyorsanız, yani bir şeyler yapma amacındaysanız master düşünün.",7.687004089355469,11.090002679006318,2,11.090002679006318
37,9,şeyler,şeyler,0,TR-DE,Multilingual,"Gerçekten eğer bir akademik kariyer düşünüyorsanız, yani bir şeyler yapma amacındaysanız master düşünün.",9.609890937805176,13.864141999455317,2,13.864141999455317
37,10,yapma,yapma,0,TR-DE,Multilingual,"Gerçekten eğer bir akademik kariyer düşünüyorsanız, yani bir şeyler yapma amacındaysanız master düşünün.",11.248795509338379,16.22858149729652,2,16.22858149729652
37,11,amacındaysanız,amacındaysanız,0,TR-DE,Multilingual,"Gerçekten eğer bir akademik kariyer düşünüyorsanız, yani bir şeyler yapma amacındaysanız master düşünün.",24.66128921508789,35.57871965253578,5,35.57871965253578
37,12,master,master,1,TR-DE,Multilingual,"Gerçekten eğer bir akademik kariyer düşünüyorsanız, yani bir şeyler yapma amacındaysanız master düşünün.",21.388504028320312,30.85708869369133,2,30.85708869369133
37,13,düşünün,düşünün.,0,TR-DE,Multilingual,"Gerçekten eğer bir akademik kariyer düşünüyorsanız, yani bir şeyler yapma amacındaysanız master düşünün.",13.556173324584961,19.557424028809976,4,19.557424028809976
38,1,Geçen,Geçen,0,TR,Monolingual,"Geçen sene yarışmaya başvurdum, gelmedi başvuru formu nedense.",14.379707336425781,20.74553246369612,3,20.74553246369612
38,2,sene,sene,0,TR,Monolingual,"Geçen sene yarışmaya başvurdum, gelmedi başvuru formu nedense.",10.95352840423584,15.802601109027448,2,15.802601109027448
38,3,yarışmaya,yarışmaya,0,TR,Monolingual,"Geçen sene yarışmaya başvurdum, gelmedi başvuru formu nedense.",15.008463859558105,21.65263638154571,3,21.65263638154571
38,4,başvurdum,"başvurdum,",0,TR,Monolingual,"Geçen sene yarışmaya başvurdum, gelmedi başvuru formu nedense.",18.510818481445312,26.705466025976925,4,26.705466025976925
38,5,gelmedi,gelmedi,0,TR,Monolingual,"Geçen sene yarışmaya başvurdum, gelmedi başvuru formu nedense.",19.015613555908203,27.433731376569714,3,27.433731376569714
38,6,başvuru,başvuru,0,TR,Monolingual,"Geçen sene yarışmaya başvurdum, gelmedi başvuru formu nedense.",12.44746208190918,17.957891817223786,2,17.957891817223786
38,7,formu,formu,0,TR,Monolingual,"Geçen sene yarışmaya başvurdum, gelmedi başvuru formu nedense.",11.436223983764648,16.498983627872683,2,16.498983627872683
38,8,nedense,nedense.,0,TR,Monolingual,"Geçen sene yarışmaya başvurdum, gelmedi başvuru formu nedense.",13.85641860961914,19.99058641257908,4,19.99058641257908
39,1,Ben,Ben,0,TR,Monolingual,"Ben hiç Türkçe bilmiyordum, Türkiye'ye geldiğimde.",21.64963722229004,31.233824257642954,2,31.233824257642954
39,2,hiç,hiç,0,TR,Monolingual,"Ben hiç Türkçe bilmiyordum, Türkiye'ye geldiğimde.",20.56172752380371,29.66430233070172,2,29.66430233070172
39,3,Türkçe,Türkçe,0,TR,Monolingual,"Ben hiç Türkçe bilmiyordum, Türkiye'ye geldiğimde.",8.673398971557617,12.51306968391761,2,12.51306968391761
39,4,bilmiyordum,"bilmiyordum,",0,TR,Monolingual,"Ben hiç Türkçe bilmiyordum, Türkiye'ye geldiğimde.",10.929280281066895,15.767618461980746,4,15.767618461980746
39,5,Türkiye'ye,Türkiye'ye,0,TR,Monolingual,"Ben hiç Türkçe bilmiyordum, Türkiye'ye geldiğimde.",12.871952056884766,18.570301399028143,4,18.570301399028143
39,6,geldiğimde,geldiğimde.,0,TR,Monolingual,"Ben hiç Türkçe bilmiyordum, Türkiye'ye geldiğimde.",11.738773345947266,16.935470092317665,5,16.935470092317665
40,1,Bunlarla,Bunlarla,0,TR,Monolingual,Bunlarla yarın bir tanışalım.,29.932506561279297,43.183478777334,3,43.183478777334
40,2,yarın,yarın,0,TR,Monolingual,Bunlarla yarın bir tanışalım.,20.287601470947266,29.26882203366726,3,29.26882203366726
40,3,bir,bir,0,TR,Monolingual,Bunlarla yarın bir tanışalım.,11.100828170776367,16.01510975173957,2,16.01510975173957
40,4,tanışalım,tanışalım.,0,TR,Monolingual,Bunlarla yarın bir tanışalım.,10.785906791687012,15.560774239857443,4,15.560774239857443
41,1,Der,Der,0,DE,Monolingual,Der Text ist auch viel zu schwierig.,13.428482055664062,19.373204468372975,2,19.373204468372975
41,2,Text,Text,0,DE,Monolingual,Der Text ist auch viel zu schwierig.,7.469559192657471,10.776296004873503,2,10.776296004873503
41,3,ist,ist,0,DE,Monolingual,Der Text ist auch viel zu schwierig.,6.789160251617432,9.794687826808936,2,9.794687826808936
41,4,auch,auch,0,DE,Monolingual,Der Text ist auch viel zu schwierig.,12.220890045166016,17.631017463410313,2,17.631017463410313
41,5,viel,viel,0,DE,Monolingual,Der Text ist auch viel zu schwierig.,9.06993293762207,13.08514727030283,2,13.08514727030283
41,6,zu,zu,0,DE,Monolingual,Der Text ist auch viel zu schwierig.,9.152229309082031,13.203875837291271,2,13.203875837291271
41,7,schwierig,schwierig.,0,DE,Monolingual,Der Text ist auch viel zu schwierig.,10.315016746520996,14.881423506892451,3,14.881423506892451
42,1,Was,Was,0,DE,Monolingual,"Was das Problem zwischen diesen Personen ist, ja?",14.172231674194336,20.44620835468966,2,20.44620835468966
42,2,das,das,0,DE,Monolingual,"Was das Problem zwischen diesen Personen ist, ja?",10.729745864868164,15.479751149244162,2,15.479751149244162
42,3,Problem,Problem,0,DE,Monolingual,"Was das Problem zwischen diesen Personen ist, ja?",13.238972663879395,19.09980020864335,2,19.09980020864335
42,4,zwischen,zwischen,0,DE,Monolingual,"Was das Problem zwischen diesen Personen ist, ja?",14.092489242553711,20.331164344013303,2,20.331164344013303
42,5,diesen,diesen,0,DE,Monolingual,"Was das Problem zwischen diesen Personen ist, ja?",12.171916961669922,17.560364238713454,2,17.560364238713454
42,6,Personen,Personen,0,DE,Monolingual,"Was das Problem zwischen diesen Personen ist, ja?",7.995142936706543,11.534553065984953,2,11.534553065984953
42,7,ist,"ist,",0,DE,Monolingual,"Was das Problem zwischen diesen Personen ist, ja?",10.178754806518555,14.68483908178902,3,14.68483908178902
42,8,ja,ja?,0,DE,Monolingual,"Was das Problem zwischen diesen Personen ist, ja?",10.509612083435059,15.162165234438486,3,15.162165234438486
43,1,Denn,Denn,0,DE,Monolingual,Denn ich möchte die einzelnen Szenen für verschiedene Gruppen gebrauchen.,14.164204597473145,20.434627730911163,2,20.434627730911163
43,2,ich,ich,0,DE,Monolingual,Denn ich möchte die einzelnen Szenen für verschiedene Gruppen gebrauchen.,7.586495399475098,10.94499929054966,2,10.94499929054966
43,3,möchte,möchte,0,DE,Monolingual,Denn ich möchte die einzelnen Szenen für verschiedene Gruppen gebrauchen.,7.207573890686035,10.398331108933515,2,10.398331108933515
43,4,die,die,0,DE,Monolingual,Denn ich möchte die einzelnen Szenen für verschiedene Gruppen gebrauchen.,11.599422454833984,16.734429252765075,2,16.734429252765075
43,5,einzelnen,einzelnen,0,DE,Monolingual,Denn ich möchte die einzelnen Szenen für verschiedene Gruppen gebrauchen.,14.229011535644531,20.52812437922622,2,20.52812437922622
43,6,Szenen,Szenen,0,DE,Monolingual,Denn ich möchte die einzelnen Szenen für verschiedene Gruppen gebrauchen.,11.312034606933594,16.31981622978743,3,16.31981622978743
43,7,für,für,0,DE,Monolingual,Denn ich möchte die einzelnen Szenen für verschiedene Gruppen gebrauchen.,12.530563354492188,18.077781611070854,2,18.077781611070854
43,8,verschiedene,verschiedene,0,DE,Monolingual,Denn ich möchte die einzelnen Szenen für verschiedene Gruppen gebrauchen.,12.112388610839844,17.474482982178603,2,17.474482982178603
43,9,Gruppen,Gruppen,0,DE,Monolingual,Denn ich möchte die einzelnen Szenen für verschiedene Gruppen gebrauchen.,13.280726432800293,19.160038164003957,2,19.160038164003957
43,10,gebrauchen,gebrauchen.,0,DE,Monolingual,Denn ich möchte die einzelnen Szenen für verschiedene Gruppen gebrauchen.,10.58070182800293,15.264726056384617,4,15.264726056384617
44,1,Es,Es,0,DE,Monolingual,"Es muß ja nicht sein, daß jede Gruppe ein Theaterstück aufführt, sondern daß eine die elektrische Welt übernimmt, eine übernimmt das Schlaraffenland, eine übernimmt verkehrte Welt.",15.348636627197266,22.143401946464202,2,22.143401946464202
44,2,muß,muß,0,DE,Monolingual,"Es muß ja nicht sein, daß jede Gruppe ein Theaterstück aufführt, sondern daß eine die elektrische Welt übernimmt, eine übernimmt das Schlaraffenland, eine übernimmt verkehrte Welt.",14.784719467163086,21.3298414562107,3,21.3298414562107
44,3,ja,ja,0,DE,Monolingual,"Es muß ja nicht sein, daß jede Gruppe ein Theaterstück aufführt, sondern daß eine die elektrische Welt übernimmt, eine übernimmt das Schlaraffenland, eine übernimmt verkehrte Welt.",6.35422945022583,9.16721531651141,2,9.16721531651141
44,4,nicht,nicht,0,DE,Monolingual,"Es muß ja nicht sein, daß jede Gruppe ein Theaterstück aufführt, sondern daß eine die elektrische Welt übernimmt, eine übernimmt das Schlaraffenland, eine übernimmt verkehrte Welt.",5.325632095336914,7.683263013541666,2,7.683263013541666
44,5,sein,"sein,",0,DE,Monolingual,"Es muß ja nicht sein, daß jede Gruppe ein Theaterstück aufführt, sondern daß eine die elektrische Welt übernimmt, eine übernimmt das Schlaraffenland, eine übernimmt verkehrte Welt.",4.297643184661865,6.200188510021925,3,6.200188510021925
44,6,daß,daß,0,DE,Monolingual,"Es muß ja nicht sein, daß jede Gruppe ein Theaterstück aufführt, sondern daß eine die elektrische Welt übernimmt, eine übernimmt das Schlaraffenland, eine übernimmt verkehrte Welt.",7.3890299797058105,10.66011690870145,2,10.66011690870145
44,7,jede,jede,0,DE,Monolingual,"Es muß ja nicht sein, daß jede Gruppe ein Theaterstück aufführt, sondern daß eine die elektrische Welt übernimmt, eine übernimmt das Schlaraffenland, eine übernimmt verkehrte Welt.",12.386170387268066,17.869466593317373,2,17.869466593317373
44,8,Gruppe,Gruppe,0,DE,Monolingual,"Es muß ja nicht sein, daß jede Gruppe ein Theaterstück aufführt, sondern daß eine die elektrische Welt übernimmt, eine übernimmt das Schlaraffenland, eine übernimmt verkehrte Welt.",9.233842849731445,13.32161928765557,2,13.32161928765557
44,9,ein,ein,0,DE,Monolingual,"Es muß ja nicht sein, daß jede Gruppe ein Theaterstück aufführt, sondern daß eine die elektrische Welt übernimmt, eine übernimmt das Schlaraffenland, eine übernimmt verkehrte Welt.",12.586406707763672,18.158346539902233,2,18.158346539902233
44,10,Theaterstück,Theaterstück,0,DE,Monolingual,"Es muß ja nicht sein, daß jede Gruppe ein Theaterstück aufführt, sondern daß eine die elektrische Welt übernimmt, eine übernimmt das Schlaraffenland, eine übernimmt verkehrte Welt.",14.224889755249023,20.522177907089986,3,20.522177907089986
44,11,aufführt,"aufführt,",0,DE,Monolingual,"Es muß ja nicht sein, daß jede Gruppe ein Theaterstück aufführt, sondern daß eine die elektrische Welt übernimmt, eine übernimmt das Schlaraffenland, eine übernimmt verkehrte Welt.",8.354242324829102,12.05262397241563,4,12.05262397241563
44,12,sondern,sondern,0,DE,Monolingual,"Es muß ja nicht sein, daß jede Gruppe ein Theaterstück aufführt, sondern daß eine die elektrische Welt übernimmt, eine übernimmt das Schlaraffenland, eine übernimmt verkehrte Welt.",2.7116968631744385,3.9121516168959203,2,3.9121516168959203
44,13,daß,daß,0,DE,Monolingual,"Es muß ja nicht sein, daß jede Gruppe ein Theaterstück aufführt, sondern daß eine die elektrische Welt übernimmt, eine übernimmt das Schlaraffenland, eine übernimmt verkehrte Welt.",4.6562018394470215,6.717479303148288,2,6.717479303148288
44,14,eine,eine,0,DE,Monolingual,"Es muß ja nicht sein, daß jede Gruppe ein Theaterstück aufführt, sondern daß eine die elektrische Welt übernimmt, eine übernimmt das Schlaraffenland, eine übernimmt verkehrte Welt.",11.36760139465332,16.39998215886881,2,16.39998215886881
44,15,die,die,0,DE,Monolingual,"Es muß ja nicht sein, daß jede Gruppe ein Theaterstück aufführt, sondern daß eine die elektrische Welt übernimmt, eine übernimmt das Schlaraffenland, eine übernimmt verkehrte Welt.",20.52312660217285,29.608612972491137,2,29.608612972491137
44,16,elektrische,elektrische,0,DE,Monolingual,"Es muß ja nicht sein, daß jede Gruppe ein Theaterstück aufführt, sondern daß eine die elektrische Welt übernimmt, eine übernimmt das Schlaraffenland, eine übernimmt verkehrte Welt.",19.561737060546875,28.221621048424826,2,28.221621048424826
44,17,Welt,Welt,0,DE,Monolingual,"Es muß ja nicht sein, daß jede Gruppe ein Theaterstück aufführt, sondern daß eine die elektrische Welt übernimmt, eine übernimmt das Schlaraffenland, eine übernimmt verkehrte Welt.",14.469341278076172,20.87484690681047,2,20.87484690681047
44,18,übernimmt,"übernimmt,",0,DE,Monolingual,"Es muß ja nicht sein, daß jede Gruppe ein Theaterstück aufführt, sondern daß eine die elektrische Welt übernimmt, eine übernimmt das Schlaraffenland, eine übernimmt verkehrte Welt.",13.853523254394531,19.986409297954925,3,19.986409297954925
44,19,eine,eine,0,DE,Monolingual,"Es muß ja nicht sein, daß jede Gruppe ein Theaterstück aufführt, sondern daß eine die elektrische Welt übernimmt, eine übernimmt das Schlaraffenland, eine übernimmt verkehrte Welt.",13.56751823425293,19.573791273727288,2,19.573791273727288
44,20,übernimmt,übernimmt,0,DE,Monolingual,"Es muß ja nicht sein, daß jede Gruppe ein Theaterstück aufführt, sondern daß eine die elektrische Welt übernimmt, eine übernimmt das Schlaraffenland, eine übernimmt verkehrte Welt.",12.593335151672363,18.16834217157038,2,18.16834217157038
44,21,das,das,0,DE,Monolingual,"Es muß ja nicht sein, daß jede Gruppe ein Theaterstück aufführt, sondern daß eine die elektrische Welt übernimmt, eine übernimmt das Schlaraffenland, eine übernimmt verkehrte Welt.",13.527706146240234,19.516354571783936,2,19.516354571783936
44,22,Schlaraffenland,"Schlaraffenland,",0,DE,Monolingual,"Es muß ja nicht sein, daß jede Gruppe ein Theaterstück aufführt, sondern daß eine die elektrische Welt übernimmt, eine übernimmt das Schlaraffenland, eine übernimmt verkehrte Welt.",15.48858642578125,22.345306826854724,6,22.345306826854724
44,23,eine,eine,0,DE,Monolingual,"Es muß ja nicht sein, daß jede Gruppe ein Theaterstück aufführt, sondern daß eine die elektrische Welt übernimmt, eine übernimmt das Schlaraffenland, eine übernimmt verkehrte Welt.",2.349154472351074,3.3891135075430245,2,3.3891135075430245
44,24,übernimmt,übernimmt,0,DE,Monolingual,"Es muß ja nicht sein, daß jede Gruppe ein Theaterstück aufführt, sondern daß eine die elektrische Welt übernimmt, eine übernimmt das Schlaraffenland, eine übernimmt verkehrte Welt.",7.6832051277160645,11.08452193588862,2,11.08452193588862
44,25,verkehrte,verkehrte,0,DE,Monolingual,"Es muß ja nicht sein, daß jede Gruppe ein Theaterstück aufführt, sondern daß eine die elektrische Welt übernimmt, eine übernimmt das Schlaraffenland, eine übernimmt verkehrte Welt.",15.417754173278809,22.243117487434457,4,22.243117487434457
44,26,Welt,Welt.,0,DE,Monolingual,"Es muß ja nicht sein, daß jede Gruppe ein Theaterstück aufführt, sondern daß eine die elektrische Welt übernimmt, eine übernimmt das Schlaraffenland, eine übernimmt verkehrte Welt.",4.195607662200928,6.052982367773016,3,6.052982367773016
45,1,Um,Um,0,DE,Monolingual,"Um ins Schlaraffenland zu kommen, muß man jene und diese Bedingung erfüllen.",14.478412628173828,20.887934098610526,2,20.887934098610526
45,2,ins,ins,0,DE,Monolingual,"Um ins Schlaraffenland zu kommen, muß man jene und diese Bedingung erfüllen.",23.441326141357422,33.81868497599717,3,33.81868497599717
45,3,Schlaraffenland,Schlaraffenland,0,DE,Monolingual,"Um ins Schlaraffenland zu kommen, muß man jene und diese Bedingung erfüllen.",18.362539291381836,26.491544373805315,5,26.491544373805315
45,4,zu,zu,0,DE,Monolingual,"Um ins Schlaraffenland zu kommen, muß man jene und diese Bedingung erfüllen.",3.346622943878174,4.8281563248582655,2,4.8281563248582655
45,5,kommen,"kommen,",0,DE,Monolingual,"Um ins Schlaraffenland zu kommen, muß man jene und diese Bedingung erfüllen.",6.852642059326172,9.886272715977002,3,9.886272715977002
45,6,muß,muß,0,DE,Monolingual,"Um ins Schlaraffenland zu kommen, muß man jene und diese Bedingung erfüllen.",5.191019058227539,7.4890574524649685,3,7.4890574524649685
45,7,man,man,0,DE,Monolingual,"Um ins Schlaraffenland zu kommen, muß man jene und diese Bedingung erfüllen.",7.7571539878845215,11.191207589733045,2,11.191207589733045
45,8,jene,jene,0,DE,Monolingual,"Um ins Schlaraffenland zu kommen, muß man jene und diese Bedingung erfüllen.",17.13637924194336,24.72256935114426,3,24.72256935114426
45,9,und,und,0,DE,Monolingual,"Um ins Schlaraffenland zu kommen, muß man jene und diese Bedingung erfüllen.",12.293968200683594,17.736446955972834,2,17.736446955972834
45,10,diese,diese,0,DE,Monolingual,"Um ins Schlaraffenland zu kommen, muß man jene und diese Bedingung erfüllen.",13.888443946838379,20.036789207768074,2,20.036789207768074
45,11,Bedingung,Bedingung,0,DE,Monolingual,"Um ins Schlaraffenland zu kommen, muß man jene und diese Bedingung erfüllen.",10.442999839782715,15.066064080858762,4,15.066064080858762
45,12,erfüllen,erfüllen.,0,DE,Monolingual,"Um ins Schlaraffenland zu kommen, muß man jene und diese Bedingung erfüllen.",3.083958148956299,4.4492111278083595,3,4.4492111278083595
46,1,Denn,Denn,0,DE,Monolingual,"Denn da sind so viele Personen drin, die Kinder die überhaupt noch keine Fremdsprache können.",15.351656913757324,22.14775929890646,2,22.14775929890646
46,2,da,da,0,DE,Monolingual,"Denn da sind so viele Personen drin, die Kinder die überhaupt noch keine Fremdsprache können.",9.809762001037598,14.152494991197937,2,14.152494991197937
46,3,sind,sind,0,DE,Monolingual,"Denn da sind so viele Personen drin, die Kinder die überhaupt noch keine Fremdsprache können.",9.693885803222656,13.985320975253252,2,13.985320975253252
46,4,so,so,0,DE,Monolingual,"Denn da sind so viele Personen drin, die Kinder die überhaupt noch keine Fremdsprache können.",5.91141939163208,8.528375440922455,2,8.528375440922455
46,5,viele,viele,0,DE,Monolingual,"Denn da sind so viele Personen drin, die Kinder die überhaupt noch keine Fremdsprache können.",6.459240913391113,9.318714833656458,2,9.318714833656458
46,6,Personen,Personen,0,DE,Monolingual,"Denn da sind so viele Personen drin, die Kinder die überhaupt noch keine Fremdsprache können.",9.548585891723633,13.775697513492005,2,13.775697513492005
46,7,drin,"drin,",0,DE,Monolingual,"Denn da sind so viele Personen drin, die Kinder die überhaupt noch keine Fremdsprache können.",5.358887672424316,7.731240669687561,3,7.731240669687561
46,8,die,die,0,DE,Monolingual,"Denn da sind so viele Personen drin, die Kinder die überhaupt noch keine Fremdsprache können.",8.950071334838867,12.912223530374499,2,12.912223530374499
46,9,Kinder,Kinder,0,DE,Monolingual,"Denn da sind so viele Personen drin, die Kinder die überhaupt noch keine Fremdsprache können.",13.640939712524414,19.679716076324294,2,19.679716076324294
46,10,die,die,0,DE,Monolingual,"Denn da sind so viele Personen drin, die Kinder die überhaupt noch keine Fremdsprache können.",14.255212783813477,20.56592479002466,2,20.56592479002466
46,11,überhaupt,überhaupt,0,DE,Monolingual,"Denn da sind so viele Personen drin, die Kinder die überhaupt noch keine Fremdsprache können.",10.464764595031738,15.09746398532269,2,15.09746398532269
46,12,noch,noch,0,DE,Monolingual,"Denn da sind so viele Personen drin, die Kinder die überhaupt noch keine Fremdsprache können.",6.945925712585449,10.020852579930168,2,10.020852579930168
46,13,keine,keine,0,DE,Monolingual,"Denn da sind so viele Personen drin, die Kinder die überhaupt noch keine Fremdsprache können.",14.13838005065918,20.39737078528945,2,20.39737078528945
46,14,Fremdsprache,Fremdsprache,0,DE,Monolingual,"Denn da sind so viele Personen drin, die Kinder die überhaupt noch keine Fremdsprache können.",14.140198707580566,20.399994552611012,4,20.399994552611012
46,15,können,können.,0,DE,Monolingual,"Denn da sind so viele Personen drin, die Kinder die überhaupt noch keine Fremdsprache können.",6.546902179718018,9.44518330786433,3,9.44518330786433
47,1,Ich,Ich,0,DE,Monolingual,"Ich hab mich auch gewundert, ich hab nämlich für mich eine Kassette gekauft.",11.575063705444336,16.699287005818373,2,16.699287005818373
47,2,hab,hab,0,DE,Monolingual,"Ich hab mich auch gewundert, ich hab nämlich für mich eine Kassette gekauft.",6.537980556488037,9.432312126273757,2,9.432312126273757
47,3,mich,mich,0,DE,Monolingual,"Ich hab mich auch gewundert, ich hab nämlich für mich eine Kassette gekauft.",6.327184677124023,9.128197956475466,2,9.128197956475466
47,4,auch,auch,0,DE,Monolingual,"Ich hab mich auch gewundert, ich hab nämlich für mich eine Kassette gekauft.",7.48676061630249,10.801112413462402,2,10.801112413462402
47,5,gewundert,"gewundert,",0,DE,Monolingual,"Ich hab mich auch gewundert, ich hab nämlich für mich eine Kassette gekauft.",12.06213665008545,17.401984727603292,5,17.401984727603292
47,6,ich,ich,0,DE,Monolingual,"Ich hab mich auch gewundert, ich hab nämlich für mich eine Kassette gekauft.",8.667288780212402,12.504254541164986,2,12.504254541164986
47,7,hab,hab,0,DE,Monolingual,"Ich hab mich auch gewundert, ich hab nämlich für mich eine Kassette gekauft.",8.197248458862305,11.826129700535345,2,11.826129700535345
47,8,nämlich,nämlich,0,DE,Monolingual,"Ich hab mich auch gewundert, ich hab nämlich für mich eine Kassette gekauft.",11.700161933898926,16.879765599633803,2,16.879765599633803
47,9,für,für,0,DE,Monolingual,"Ich hab mich auch gewundert, ich hab nämlich für mich eine Kassette gekauft.",8.424768447875977,12.154371660388481,2,12.154371660388481
47,10,mich,mich,0,DE,Monolingual,"Ich hab mich auch gewundert, ich hab nämlich für mich eine Kassette gekauft.",6.8590192794799805,9.895473099867559,2,9.895473099867559
47,11,eine,eine,0,DE,Monolingual,"Ich hab mich auch gewundert, ich hab nämlich für mich eine Kassette gekauft.",14.479592323303223,20.889636038923463,2,20.889636038923463
47,12,Kassette,Kassette,0,DE,Monolingual,"Ich hab mich auch gewundert, ich hab nämlich für mich eine Kassette gekauft.",12.910993576049805,18.62662640511632,3,18.62662640511632
47,13,gekauft,gekauft.,0,DE,Monolingual,"Ich hab mich auch gewundert, ich hab nämlich für mich eine Kassette gekauft.",5.9379682540893555,8.56667735313081,3,8.56667735313081
48,1,Mit,Mit,0,DE,Monolingual,Mit meinen Eltern darf ich nicht so Deutsch reden.,15.50085163116455,22.363001777836697,2,22.363001777836697
48,2,meinen,meinen,0,DE,Monolingual,Mit meinen Eltern darf ich nicht so Deutsch reden.,11.922799110412598,17.2009631501076,2,17.2009631501076
48,3,Eltern,Eltern,0,DE,Monolingual,Mit meinen Eltern darf ich nicht so Deutsch reden.,12.755931854248047,18.402919628041218,2,18.402919628041218
48,4,darf,darf,0,DE,Monolingual,Mit meinen Eltern darf ich nicht so Deutsch reden.,8.431327819824219,12.163834833769556,2,12.163834833769556
48,5,ich,ich,0,DE,Monolingual,Mit meinen Eltern darf ich nicht so Deutsch reden.,2.4247913360595703,3.498234435723666,2,3.498234435723666
48,6,nicht,nicht,0,DE,Monolingual,Mit meinen Eltern darf ich nicht so Deutsch reden.,5.820065975189209,8.396580320052061,2,8.396580320052061
48,7,so,so,0,DE,Monolingual,Mit meinen Eltern darf ich nicht so Deutsch reden.,15.574515342712402,22.46927604918026,2,22.46927604918026
48,8,Deutsch,Deutsch,0,DE,Monolingual,Mit meinen Eltern darf ich nicht so Deutsch reden.,13.77376651763916,19.871344649360463,2,19.871344649360463
48,9,reden,reden.,0,DE,Monolingual,Mit meinen Eltern darf ich nicht so Deutsch reden.,4.55604887008667,6.572989110921804,3,6.572989110921804
49,1,Das,Das,0,DE,Monolingual,"Das ist voll falsch, weißt du, wenn du in der Türkei bist, bist du dran gewöhnt, du redest dann Türkisch, und dann auf einmal sagst du ein Wort Deutsch dazwischen.",10.217242240905762,14.740364712515982,2,14.740364712515982
49,2,ist,ist,0,DE,Monolingual,"Das ist voll falsch, weißt du, wenn du in der Türkei bist, bist du dran gewöhnt, du redest dann Türkisch, und dann auf einmal sagst du ein Wort Deutsch dazwischen.",10.887476921081543,15.707308961837382,2,15.707308961837382
49,3,voll,voll,0,DE,Monolingual,"Das ist voll falsch, weißt du, wenn du in der Türkei bist, bist du dran gewöhnt, du redest dann Türkisch, und dann auf einmal sagst du ein Wort Deutsch dazwischen.",14.194400787353516,20.478191624305314,2,20.478191624305314
49,4,falsch,"falsch,",0,DE,Monolingual,"Das ist voll falsch, weißt du, wenn du in der Türkei bist, bist du dran gewöhnt, du redest dann Türkisch, und dann auf einmal sagst du ein Wort Deutsch dazwischen.",16.83711814880371,24.29082685614068,3,24.29082685614068
49,5,weißt,weißt,0,DE,Monolingual,"Das ist voll falsch, weißt du, wenn du in der Türkei bist, bist du dran gewöhnt, du redest dann Türkisch, und dann auf einmal sagst du ein Wort Deutsch dazwischen.",11.307753562927246,16.313639988829646,3,16.313639988829646
49,6,du,"du,",0,DE,Monolingual,"Das ist voll falsch, weißt du, wenn du in der Türkei bist, bist du dran gewöhnt, du redest dann Türkisch, und dann auf einmal sagst du ein Wort Deutsch dazwischen.",5.810294151306152,8.382482558195536,3,8.382482558195536
49,7,wenn,wenn,0,DE,Monolingual,"Das ist voll falsch, weißt du, wenn du in der Türkei bist, bist du dran gewöhnt, du redest dann Türkisch, und dann auf einmal sagst du ein Wort Deutsch dazwischen.",4.114352226257324,5.935755553291909,2,5.935755553291909
49,8,du,du,0,DE,Monolingual,"Das ist voll falsch, weißt du, wenn du in der Türkei bist, bist du dran gewöhnt, du redest dann Türkisch, und dann auf einmal sagst du ein Wort Deutsch dazwischen.",4.762601852416992,6.870982074210586,2,6.870982074210586
49,9,in,in,0,DE,Monolingual,"Das ist voll falsch, weißt du, wenn du in der Türkei bist, bist du dran gewöhnt, du redest dann Türkisch, und dann auf einmal sagst du ein Wort Deutsch dazwischen.",5.541518688201904,7.994721530462401,2,7.994721530462401
49,10,der,der,0,DE,Monolingual,"Das ist voll falsch, weißt du, wenn du in der Türkei bist, bist du dran gewöhnt, du redest dann Türkisch, und dann auf einmal sagst du ein Wort Deutsch dazwischen.",7.138801097869873,10.299112941789554,2,10.299112941789554
49,11,Türkei,Türkei,0,DE,Monolingual,"Das ist voll falsch, weißt du, wenn du in der Türkei bist, bist du dran gewöhnt, du redest dann Türkisch, und dann auf einmal sagst du ein Wort Deutsch dazwischen.",7.4618682861328125,10.765200372170437,3,10.765200372170437
49,12,bist,"bist,",0,DE,Monolingual,"Das ist voll falsch, weißt du, wenn du in der Türkei bist, bist du dran gewöhnt, du redest dann Türkisch, und dann auf einmal sagst du ein Wort Deutsch dazwischen.",6.163563251495361,8.892142137137812,3,8.892142137137812
49,13,bist,bist,0,DE,Monolingual,"Das ist voll falsch, weißt du, wenn du in der Türkei bist, bist du dran gewöhnt, du redest dann Türkisch, und dann auf einmal sagst du ein Wort Deutsch dazwischen.",3.59771466255188,5.190405102197108,2,5.190405102197108
49,14,du,du,0,DE,Monolingual,"Das ist voll falsch, weißt du, wenn du in der Türkei bist, bist du dran gewöhnt, du redest dann Türkisch, und dann auf einmal sagst du ein Wort Deutsch dazwischen.",4.587479114532471,6.618333368717689,2,6.618333368717689
49,15,dran,dran,0,DE,Monolingual,"Das ist voll falsch, weißt du, wenn du in der Türkei bist, bist du dran gewöhnt, du redest dann Türkisch, und dann auf einmal sagst du ein Wort Deutsch dazwischen.",13.956047058105469,20.134319881141767,3,20.134319881141767
49,16,gewöhnt,"gewöhnt,",0,DE,Monolingual,"Das ist voll falsch, weißt du, wenn du in der Türkei bist, bist du dran gewöhnt, du redest dann Türkisch, und dann auf einmal sagst du ein Wort Deutsch dazwischen.",13.325394630432129,19.224480751212855,5,19.224480751212855
49,17,du,du,0,DE,Monolingual,"Das ist voll falsch, weißt du, wenn du in der Türkei bist, bist du dran gewöhnt, du redest dann Türkisch, und dann auf einmal sagst du ein Wort Deutsch dazwischen.",13.447577476501465,19.400753337318786,2,19.400753337318786
49,18,redest,redest,0,DE,Monolingual,"Das ist voll falsch, weißt du, wenn du in der Türkei bist, bist du dran gewöhnt, du redest dann Türkisch, und dann auf einmal sagst du ein Wort Deutsch dazwischen.",13.709638595581055,19.77882761422472,3,19.77882761422472
49,19,dann,dann,0,DE,Monolingual,"Das ist voll falsch, weißt du, wenn du in der Türkei bist, bist du dran gewöhnt, du redest dann Türkisch, und dann auf einmal sagst du ein Wort Deutsch dazwischen.",12.781692504882812,18.440084390962067,2,18.440084390962067
49,20,Türkisch,"Türkisch,",0,DE,Monolingual,"Das ist voll falsch, weißt du, wenn du in der Türkei bist, bist du dran gewöhnt, du redest dann Türkisch, und dann auf einmal sagst du ein Wort Deutsch dazwischen.",10.927436828613281,15.764958922267803,4,15.764958922267803
49,21,und,und,0,DE,Monolingual,"Das ist voll falsch, weißt du, wenn du in der Türkei bist, bist du dran gewöhnt, du redest dann Türkisch, und dann auf einmal sagst du ein Wort Deutsch dazwischen.",4.734799385070801,6.830871592445758,2,6.830871592445758
49,22,dann,dann,0,DE,Monolingual,"Das ist voll falsch, weißt du, wenn du in der Türkei bist, bist du dran gewöhnt, du redest dann Türkisch, und dann auf einmal sagst du ein Wort Deutsch dazwischen.",7.441059112548828,10.735179080635826,2,10.735179080635826
49,23,auf,auf,0,DE,Monolingual,"Das ist voll falsch, weißt du, wenn du in der Türkei bist, bist du dran gewöhnt, du redest dann Türkisch, und dann auf einmal sagst du ein Wort Deutsch dazwischen.",10.578208923339844,15.261129555189774,2,15.261129555189774
49,24,einmal,einmal,0,DE,Monolingual,"Das ist voll falsch, weißt du, wenn du in der Türkei bist, bist du dran gewöhnt, du redest dann Türkisch, und dann auf einmal sagst du ein Wort Deutsch dazwischen.",10.658036231994629,15.376296017513544,2,15.376296017513544
49,25,sagst,sagst,0,DE,Monolingual,"Das ist voll falsch, weißt du, wenn du in der Türkei bist, bist du dran gewöhnt, du redest dann Türkisch, und dann auf einmal sagst du ein Wort Deutsch dazwischen.",5.874229907989502,8.474722357298086,3,8.474722357298086
49,26,du,du,0,DE,Monolingual,"Das ist voll falsch, weißt du, wenn du in der Türkei bist, bist du dran gewöhnt, du redest dann Türkisch, und dann auf einmal sagst du ein Wort Deutsch dazwischen.",7.274550437927246,10.494957841494275,2,10.494957841494275
49,27,ein,ein,0,DE,Monolingual,"Das ist voll falsch, weißt du, wenn du in der Türkei bist, bist du dran gewöhnt, du redest dann Türkisch, und dann auf einmal sagst du ein Wort Deutsch dazwischen.",8.625247955322266,12.443602451581105,2,12.443602451581105
49,28,Wort,Wort,0,DE,Monolingual,"Das ist voll falsch, weißt du, wenn du in der Türkei bist, bist du dran gewöhnt, du redest dann Türkisch, und dann auf einmal sagst du ein Wort Deutsch dazwischen.",5.094474792480469,7.349773519045404,2,7.349773519045404
49,29,Deutsch,Deutsch,0,DE,Monolingual,"Das ist voll falsch, weißt du, wenn du in der Türkei bist, bist du dran gewöhnt, du redest dann Türkisch, und dann auf einmal sagst du ein Wort Deutsch dazwischen.",11.931756973266602,17.213886614424034,2,17.213886614424034
49,30,dazwischen,dazwischen.,0,DE,Monolingual,"Das ist voll falsch, weißt du, wenn du in der Türkei bist, bist du dran gewöhnt, du redest dann Türkisch, und dann auf einmal sagst du ein Wort Deutsch dazwischen.",13.968738555908203,20.152629842083225,5,20.152629842083225
50,1,So,So,0,DE,Monolingual,"So was kannst du doch nicht darauf sprechen, du Idiot.",12.906699180603027,18.620430902101635,2,18.620430902101635
50,2,was,was,0,DE,Monolingual,"So was kannst du doch nicht darauf sprechen, du Idiot.",22.595394134521484,32.59826306480572,2,32.59826306480572
50,3,kannst,kannst,0,DE,Monolingual,"So was kannst du doch nicht darauf sprechen, du Idiot.",16.814512252807617,24.258213442092263,2,24.258213442092263
50,4,du,du,0,DE,Monolingual,"So was kannst du doch nicht darauf sprechen, du Idiot.",6.035052299499512,8.706740023993481,2,8.706740023993481
50,5,doch,doch,0,DE,Monolingual,"So was kannst du doch nicht darauf sprechen, du Idiot.",7.23814058303833,10.442429524406549,2,10.442429524406549
50,6,nicht,nicht,0,DE,Monolingual,"So was kannst du doch nicht darauf sprechen, du Idiot.",9.002997398376465,12.988579699773966,2,12.988579699773966
50,7,darauf,darauf,0,DE,Monolingual,"So was kannst du doch nicht darauf sprechen, du Idiot.",14.991222381591797,21.62776218678612,2,21.62776218678612
50,8,sprechen,"sprechen,",0,DE,Monolingual,"So was kannst du doch nicht darauf sprechen, du Idiot.",13.309343338012695,19.20132363123948,3,19.20132363123948
50,9,du,du,0,DE,Monolingual,"So was kannst du doch nicht darauf sprechen, du Idiot.",18.56178855895996,26.779000304041034,2,26.779000304041034
50,10,Idiot,Idiot.,0,DE,Monolingual,"So was kannst du doch nicht darauf sprechen, du Idiot.",16.538970947265625,23.86069136702676,4,23.86069136702676
51,1,Ich,Ich,0,DE,Monolingual,"Ich fand das süß ne, und ich wollt auch nicht, dass wir uns irgendwie duzen, oder so, ich so, toll, lassen wir es dabei, und mittlerweile duzen wir uns jetzt!",12.989310264587402,18.739613503288354,2,18.739613503288354
51,2,fand,fand,0,DE,Monolingual,"Ich fand das süß ne, und ich wollt auch nicht, dass wir uns irgendwie duzen, oder so, ich so, toll, lassen wir es dabei, und mittlerweile duzen wir uns jetzt!",6.96346378326416,10.046154667525103,2,10.046154667525103
51,3,das,das,0,DE,Monolingual,"Ich fand das süß ne, und ich wollt auch nicht, dass wir uns irgendwie duzen, oder so, ich so, toll, lassen wir es dabei, und mittlerweile duzen wir uns jetzt!",9.530797004699707,13.750033574399655,2,13.750033574399655
51,4,süß,süß,0,DE,Monolingual,"Ich fand das süß ne, und ich wollt auch nicht, dass wir uns irgendwie duzen, oder so, ich so, toll, lassen wir es dabei, und mittlerweile duzen wir uns jetzt!",19.238088607788086,27.754695030638334,3,27.754695030638334
51,5,ne,"ne,",0,DE,Monolingual,"Ich fand das süß ne, und ich wollt auch nicht, dass wir uns irgendwie duzen, oder so, ich so, toll, lassen wir es dabei, und mittlerweile duzen wir uns jetzt!",20.025665283203125,28.890927994579428,3,28.890927994579428
51,6,und,und,0,DE,Monolingual,"Ich fand das süß ne, und ich wollt auch nicht, dass wir uns irgendwie duzen, oder so, ich so, toll, lassen wir es dabei, und mittlerweile duzen wir uns jetzt!",6.505326747894287,9.385202638549416,2,9.385202638549416
51,7,ich,ich,0,DE,Monolingual,"Ich fand das süß ne, und ich wollt auch nicht, dass wir uns irgendwie duzen, oder so, ich so, toll, lassen wir es dabei, und mittlerweile duzen wir uns jetzt!",5.497534275054932,7.931265435738853,2,7.931265435738853
51,8,wollt,wollt,0,DE,Monolingual,"Ich fand das süß ne, und ich wollt auch nicht, dass wir uns irgendwie duzen, oder so, ich so, toll, lassen wir es dabei, und mittlerweile duzen wir uns jetzt!",8.823484420776367,12.729597217215094,3,12.729597217215094
51,9,auch,auch,0,DE,Monolingual,"Ich fand das süß ne, und ich wollt auch nicht, dass wir uns irgendwie duzen, oder so, ich so, toll, lassen wir es dabei, und mittlerweile duzen wir uns jetzt!",5.159172058105469,7.443111943321667,2,7.443111943321667
51,10,nicht,"nicht,",0,DE,Monolingual,"Ich fand das süß ne, und ich wollt auch nicht, dass wir uns irgendwie duzen, oder so, ich so, toll, lassen wir es dabei, und mittlerweile duzen wir uns jetzt!",4.83488655090332,6.975266850248965,3,6.975266850248965
51,11,dass,dass,0,DE,Monolingual,"Ich fand das süß ne, und ich wollt auch nicht, dass wir uns irgendwie duzen, oder so, ich so, toll, lassen wir es dabei, und mittlerweile duzen wir uns jetzt!",4.653944492340088,6.714222639671549,2,6.714222639671549
51,12,wir,wir,0,DE,Monolingual,"Ich fand das süß ne, und ich wollt auch nicht, dass wir uns irgendwie duzen, oder so, ich so, toll, lassen wir es dabei, und mittlerweile duzen wir uns jetzt!",6.52455997467041,9.412950319439622,2,9.412950319439622
51,13,uns,uns,0,DE,Monolingual,"Ich fand das süß ne, und ich wollt auch nicht, dass wir uns irgendwie duzen, oder so, ich so, toll, lassen wir es dabei, und mittlerweile duzen wir uns jetzt!",8.03382682800293,11.590362124120539,2,11.590362124120539
51,14,irgendwie,irgendwie,0,DE,Monolingual,"Ich fand das süß ne, und ich wollt auch nicht, dass wir uns irgendwie duzen, oder so, ich so, toll, lassen wir es dabei, und mittlerweile duzen wir uns jetzt!",14.148484230041504,20.411948034776582,2,20.411948034776582
51,15,duzen,"duzen,",0,DE,Monolingual,"Ich fand das süß ne, und ich wollt auch nicht, dass wir uns irgendwie duzen, oder so, ich so, toll, lassen wir es dabei, und mittlerweile duzen wir uns jetzt!",17.307344436645508,24.969219989705664,4,24.969219989705664
51,16,oder,oder,0,DE,Monolingual,"Ich fand das süß ne, und ich wollt auch nicht, dass wir uns irgendwie duzen, oder so, ich so, toll, lassen wir es dabei, und mittlerweile duzen wir uns jetzt!",5.409847259521484,7.804759813278395,2,7.804759813278395
51,17,so,"so,",0,DE,Monolingual,"Ich fand das süß ne, und ich wollt auch nicht, dass wir uns irgendwie duzen, oder so, ich so, toll, lassen wir es dabei, und mittlerweile duzen wir uns jetzt!",8.142576217651367,11.74725432926604,3,11.74725432926604
51,18,ich,ich,0,DE,Monolingual,"Ich fand das süß ne, und ich wollt auch nicht, dass wir uns irgendwie duzen, oder so, ich so, toll, lassen wir es dabei, und mittlerweile duzen wir uns jetzt!",10.55012321472168,15.220610442646496,2,15.220610442646496
51,19,so,"so,",0,DE,Monolingual,"Ich fand das süß ne, und ich wollt auch nicht, dass wir uns irgendwie duzen, oder so, ich so, toll, lassen wir es dabei, und mittlerweile duzen wir uns jetzt!",20.37606430053711,29.396446919219535,3,29.396446919219535
51,20,toll,"toll,",0,DE,Monolingual,"Ich fand das süß ne, und ich wollt auch nicht, dass wir uns irgendwie duzen, oder so, ich so, toll, lassen wir es dabei, und mittlerweile duzen wir uns jetzt!",19.25420379638672,27.777944333312572,3,27.777944333312572
51,21,lassen,lassen,0,DE,Monolingual,"Ich fand das süß ne, und ich wollt auch nicht, dass wir uns irgendwie duzen, oder so, ich so, toll, lassen wir es dabei, und mittlerweile duzen wir uns jetzt!",10.387590408325195,14.986125168876523,2,14.986125168876523
51,22,wir,wir,0,DE,Monolingual,"Ich fand das süß ne, und ich wollt auch nicht, dass wir uns irgendwie duzen, oder so, ich so, toll, lassen wir es dabei, und mittlerweile duzen wir uns jetzt!",2.5005288124084473,3.607500517261636,2,3.607500517261636
51,23,es,es,0,DE,Monolingual,"Ich fand das süß ne, und ich wollt auch nicht, dass wir uns irgendwie duzen, oder so, ich so, toll, lassen wir es dabei, und mittlerweile duzen wir uns jetzt!",9.157838821411133,13.21196865291027,2,13.21196865291027
51,24,dabei,"dabei,",0,DE,Monolingual,"Ich fand das süß ne, und ich wollt auch nicht, dass wir uns irgendwie duzen, oder so, ich so, toll, lassen wir es dabei, und mittlerweile duzen wir uns jetzt!",13.855920791625977,19.989868213029077,3,19.989868213029077
51,25,und,und,0,DE,Monolingual,"Ich fand das süß ne, und ich wollt auch nicht, dass wir uns irgendwie duzen, oder so, ich so, toll, lassen wir es dabei, und mittlerweile duzen wir uns jetzt!",12.605396270751953,18.185742688254077,2,18.185742688254077
51,26,mittlerweile,mittlerweile,0,DE,Monolingual,"Ich fand das süß ne, und ich wollt auch nicht, dass wir uns irgendwie duzen, oder so, ich so, toll, lassen wir es dabei, und mittlerweile duzen wir uns jetzt!",18.037933349609375,26.023236991367096,2,26.023236991367096
51,27,duzen,duzen,0,DE,Monolingual,"Ich fand das süß ne, und ich wollt auch nicht, dass wir uns irgendwie duzen, oder so, ich so, toll, lassen wir es dabei, und mittlerweile duzen wir uns jetzt!",9.617244720458984,13.874751265221743,3,13.874751265221743
51,28,wir,wir,0,DE,Monolingual,"Ich fand das süß ne, und ich wollt auch nicht, dass wir uns irgendwie duzen, oder so, ich so, toll, lassen wir es dabei, und mittlerweile duzen wir uns jetzt!",1.7621798515319824,2.5422881329596407,2,2.5422881329596407
51,29,uns,uns,0,DE,Monolingual,"Ich fand das süß ne, und ich wollt auch nicht, dass wir uns irgendwie duzen, oder so, ich so, toll, lassen wir es dabei, und mittlerweile duzen wir uns jetzt!",5.430273056030273,7.834228008607832,2,7.834228008607832
51,30,jetzt,jetzt!,0,DE,Monolingual,"Ich fand das süß ne, und ich wollt auch nicht, dass wir uns irgendwie duzen, oder so, ich so, toll, lassen wir es dabei, und mittlerweile duzen wir uns jetzt!",10.789571762084961,15.566061674475568,3,15.566061674475568
52,1,Jetzt,Jetzt,0,DE,Monolingual,Jetzt sei doch ruhig.,17.442258834838867,25.163860322923743,2,25.163860322923743
52,2,sei,sei,0,DE,Monolingual,Jetzt sei doch ruhig.,10.659729957580566,15.378739547017004,2,15.378739547017004
52,3,doch,doch,0,DE,Monolingual,Jetzt sei doch ruhig.,9.714877128601074,14.015605056278382,2,14.015605056278382
52,4,ruhig,ruhig.,0,DE,Monolingual,Jetzt sei doch ruhig.,9.899057388305664,14.281321003583836,3,14.281321003583836
53,1,Wenn,Wenn,0,DE,Monolingual,"Wenn meine Mutter, meine Eltern schlafen gehen, dann mache ich sofort das Licht zu.",15.318475723266602,22.099888959934702,2,22.099888959934702
53,2,meine,meine,0,DE,Monolingual,"Wenn meine Mutter, meine Eltern schlafen gehen, dann mache ich sofort das Licht zu.",10.348958969116211,14.930391783107318,2,14.930391783107318
53,3,Mutter,"Mutter,",0,DE,Monolingual,"Wenn meine Mutter, meine Eltern schlafen gehen, dann mache ich sofort das Licht zu.",10.02908992767334,14.46891830328378,3,14.46891830328378
53,4,meine,meine,0,DE,Monolingual,"Wenn meine Mutter, meine Eltern schlafen gehen, dann mache ich sofort das Licht zu.",7.091763973236084,10.23125271534271,2,10.23125271534271
53,5,Eltern,Eltern,0,DE,Monolingual,"Wenn meine Mutter, meine Eltern schlafen gehen, dann mache ich sofort das Licht zu.",9.742782592773438,14.055864131053555,2,14.055864131053555
53,6,schlafen,schlafen,0,DE,Monolingual,"Wenn meine Mutter, meine Eltern schlafen gehen, dann mache ich sofort das Licht zu.",13.040746688842773,18.81382057748264,3,18.81382057748264
53,7,gehen,"gehen,",0,DE,Monolingual,"Wenn meine Mutter, meine Eltern schlafen gehen, dann mache ich sofort das Licht zu.",5.670553207397461,8.180878991409323,3,8.180878991409323
53,8,dann,dann,0,DE,Monolingual,"Wenn meine Mutter, meine Eltern schlafen gehen, dann mache ich sofort das Licht zu.",6.902666091918945,9.958442139723864,2,9.958442139723864
53,9,mache,mache,0,DE,Monolingual,"Wenn meine Mutter, meine Eltern schlafen gehen, dann mache ich sofort das Licht zu.",5.462655067443848,7.8809453758882055,2,7.8809453758882055
53,10,ich,ich,0,DE,Monolingual,"Wenn meine Mutter, meine Eltern schlafen gehen, dann mache ich sofort das Licht zu.",7.389131546020508,10.660263437919987,2,10.660263437919987
53,11,sofort,sofort,0,DE,Monolingual,"Wenn meine Mutter, meine Eltern schlafen gehen, dann mache ich sofort das Licht zu.",10.935769081115723,15.77697982163251,2,15.77697982163251
53,12,das,das,0,DE,Monolingual,"Wenn meine Mutter, meine Eltern schlafen gehen, dann mache ich sofort das Licht zu.",8.795637130737305,12.68942206997354,2,12.68942206997354
53,13,Licht,Licht,0,DE,Monolingual,"Wenn meine Mutter, meine Eltern schlafen gehen, dann mache ich sofort das Licht zu.",9.563692092895508,13.797491155009341,2,13.797491155009341
53,14,zu,zu.,0,DE,Monolingual,"Wenn meine Mutter, meine Eltern schlafen gehen, dann mache ich sofort das Licht zu.",6.463533878326416,9.324908272879329,3,9.324908272879329
