item_order,word_position,word,word_with_punct,cs_point,type,sentence_type,sentence,surprisal_nats,surprisal_bits,n_subword_tokens,surprisal
2,1,Zaten,Zaten,0,TR-DE,Multilingual,"Zaten Hose und Schuhe hab ich, bir Oberteil eksik, onu da ablamdan yürütürüm, napim.",27.62208366394043,39.85024312098691,3,39.85024312098691
2,2,Hose,Hose,1,TR-DE,Multilingual,"Zaten Hose und Schuhe hab ich, bir Oberteil eksik, onu da ablamdan yürütürüm, napim.",15.329147338867188,22.11528484683994,2,22.11528484683994
2,3,und,und,0,TR-DE,Multilingual,"Zaten Hose und Schuhe hab ich, bir Oberteil eksik, onu da ablamdan yürütürüm, napim.",7.632485389709473,11.011348821391325,2,11.011348821391325
2,4,Schuhe,Schuhe,0,TR-DE,Multilingual,"Zaten Hose und Schuhe hab ich, bir Oberteil eksik, onu da ablamdan yürütürüm, napim.",10.992963790893555,15.859494345794072,2,15.859494345794072
2,5,hab,hab,0,TR-DE,Multilingual,"Zaten Hose und Schuhe hab ich, bir Oberteil eksik, onu da ablamdan yürütürüm, napim.",6.763952732086182,9.75832106338809,2,9.75832106338809
2,6,ich,"ich,",0,TR-DE,Multilingual,"Zaten Hose und Schuhe hab ich, bir Oberteil eksik, onu da ablamdan yürütürüm, napim.",16.587705612182617,23.931000626421888,3,23.931000626421888
2,7,bir,bir,1,TR-DE,Multilingual,"Zaten Hose und Schuhe hab ich, bir Oberteil eksik, onu da ablamdan yürütürüm, napim.",23.099620819091797,33.32570840211919,2,33.32570840211919
2,8,Oberteil,Oberteil,1,TR-DE,Multilingual,"Zaten Hose und Schuhe hab ich, bir Oberteil eksik, onu da ablamdan yürütürüm, napim.",28.690662384033203,41.39187634126423,3,41.39187634126423
2,9,eksik,"eksik,",1,TR-DE,Multilingual,"Zaten Hose und Schuhe hab ich, bir Oberteil eksik, onu da ablamdan yürütürüm, napim.",28.89948844909668,41.693148669739664,3,41.693148669739664
2,10,onu,onu,0,TR-DE,Multilingual,"Zaten Hose und Schuhe hab ich, bir Oberteil eksik, onu da ablamdan yürütürüm, napim.",11.22047233581543,16.187719795312724,2,16.187719795312724
2,11,da,da,0,TR-DE,Multilingual,"Zaten Hose und Schuhe hab ich, bir Oberteil eksik, onu da ablamdan yürütürüm, napim.",9.914207458496094,14.303177934716688,2,14.303177934716688
2,12,ablamdan,ablamdan,0,TR-DE,Multilingual,"Zaten Hose und Schuhe hab ich, bir Oberteil eksik, onu da ablamdan yürütürüm, napim.",30.346954345703125,43.781400540629676,4,43.781400540629676
2,13,yürütürüm,"yürütürüm,",0,TR-DE,Multilingual,"Zaten Hose und Schuhe hab ich, bir Oberteil eksik, onu da ablamdan yürütürüm, napim.",24.575977325439453,35.45564061241111,5,35.45564061241111
2,14,napim,napim.,0,TR-DE,Multilingual,"Zaten Hose und Schuhe hab ich, bir Oberteil eksik, onu da ablamdan yürütürüm, napim.",17.981605529785156,25.941973125042608,4,25.941973125042608
3,1,Benim,Benim,0,TR-DE,Multilingual,"Benim Ticketa baktım, Eingang bilmem ne neun oder so.",26.605424880981445,38.38351453653577,2,38.38351453653577
3,2,Ticketa,Ticketa,1,TR-DE,Multilingual,"Benim Ticketa baktım, Eingang bilmem ne neun oder so.",26.09518814086914,37.6473985218964,3,37.6473985218964
3,3,baktım,"baktım,",1,TR-DE,Multilingual,"Benim Ticketa baktım, Eingang bilmem ne neun oder so.",22.41280746459961,32.334846181577,4,32.334846181577
3,4,Eingang,Eingang,1,TR-DE,Multilingual,"Benim Ticketa baktım, Eingang bilmem ne neun oder so.",31.678878784179688,45.702961322858634,3,45.702961322858634
3,5,bilmem,bilmem,0,TR-DE,Multilingual,"Benim Ticketa baktım, Eingang bilmem ne neun oder so.",14.103209495544434,20.346630399840095,3,20.346630399840095
3,6,ne,ne,0,TR-DE,Multilingual,"Benim Ticketa baktım, Eingang bilmem ne neun oder so.",7.783149719238281,11.228711502441397,2,11.228711502441397
3,7,neun,neun,1,TR-DE,Multilingual,"Benim Ticketa baktım, Eingang bilmem ne neun oder so.",28.427268981933594,41.01187998625225,3,41.01187998625225
3,8,oder,oder,0,TR-DE,Multilingual,"Benim Ticketa baktım, Eingang bilmem ne neun oder so.",18.01961898803711,25.99681495274974,2,25.99681495274974
3,9,so,so.,0,TR-DE,Multilingual,"Benim Ticketa baktım, Eingang bilmem ne neun oder so.",10.478116035461426,15.116726042219325,3,15.116726042219325
4,1,Şöyle,Şöyle,0,TR-DE,Multilingual,"Şöyle bir baktım und das ist eine riesige, böyle Einkaufsstraße gibi bir şey var. Weißt du in Darmstadt!",14.8291597366333,21.393955212591152,3,21.393955212591152
4,2,bir,bir,0,TR-DE,Multilingual,"Şöyle bir baktım und das ist eine riesige, böyle Einkaufsstraße gibi bir şey var. Weißt du in Darmstadt!",3.199003219604492,4.615186080711228,2,4.615186080711228
4,3,baktım,baktım,0,TR-DE,Multilingual,"Şöyle bir baktım und das ist eine riesige, böyle Einkaufsstraße gibi bir şey var. Weißt du in Darmstadt!",15.813894271850586,22.814626843141227,3,22.814626843141227
4,4,und,und,1,TR-DE,Multilingual,"Şöyle bir baktım und das ist eine riesige, böyle Einkaufsstraße gibi bir şey var. Weißt du in Darmstadt!",25.779193878173828,37.191515166156506,2,37.191515166156506
4,5,das,das,0,TR-DE,Multilingual,"Şöyle bir baktım und das ist eine riesige, böyle Einkaufsstraße gibi bir şey var. Weißt du in Darmstadt!",15.688435554504395,22.633628173789585,2,22.633628173789585
4,6,ist,ist,0,TR-DE,Multilingual,"Şöyle bir baktım und das ist eine riesige, böyle Einkaufsstraße gibi bir şey var. Weißt du in Darmstadt!",7.22021484375,10.416568149231008,2,10.416568149231008
4,7,eine,eine,0,TR-DE,Multilingual,"Şöyle bir baktım und das ist eine riesige, böyle Einkaufsstraße gibi bir şey var. Weißt du in Darmstadt!",11.41076946258545,16.46226051639925,2,16.46226051639925
4,8,riesige,"riesige,",0,TR-DE,Multilingual,"Şöyle bir baktım und das ist eine riesige, böyle Einkaufsstraße gibi bir şey var. Weißt du in Darmstadt!",21.47657585144043,30.984149476148776,3,30.984149476148776
4,9,böyle,böyle,1,TR-DE,Multilingual,"Şöyle bir baktım und das ist eine riesige, böyle Einkaufsstraße gibi bir şey var. Weißt du in Darmstadt!",29.419588088989258,42.44349384098082,2,42.44349384098082
4,10,Einkaufsstraße,Einkaufsstraße,1,TR-DE,Multilingual,"Şöyle bir baktım und das ist eine riesige, böyle Einkaufsstraße gibi bir şey var. Weißt du in Darmstadt!",27.209781646728516,39.255417045406766,3,39.255417045406766
4,11,gibi,gibi,1,TR-DE,Multilingual,"Şöyle bir baktım und das ist eine riesige, böyle Einkaufsstraße gibi bir şey var. Weißt du in Darmstadt!",7.96193790435791,11.486648330483023,2,11.486648330483023
4,12,bir,bir,0,TR-DE,Multilingual,"Şöyle bir baktım und das ist eine riesige, böyle Einkaufsstraße gibi bir şey var. Weißt du in Darmstadt!",4.504570960998535,6.498722186765019,2,6.498722186765019
4,13,şey,şey,0,TR-DE,Multilingual,"Şöyle bir baktım und das ist eine riesige, böyle Einkaufsstraße gibi bir şey var. Weißt du in Darmstadt!",5.2628679275512695,7.592713459931793,2,7.592713459931793
4,14,var,var.,0,TR-DE,Multilingual,"Şöyle bir baktım und das ist eine riesige, böyle Einkaufsstraße gibi bir şey var. Weißt du in Darmstadt!",15.723236083984375,22.683834725090662,3,22.683834725090662
4,15,Weißt,Weißt,1,TR-DE,Multilingual,"Şöyle bir baktım und das ist eine riesige, böyle Einkaufsstraße gibi bir şey var. Weißt du in Darmstadt!",15.278448104858398,22.042141313358595,3,22.042141313358595
4,16,du,du,0,TR-DE,Multilingual,"Şöyle bir baktım und das ist eine riesige, böyle Einkaufsstraße gibi bir şey var. Weißt du in Darmstadt!",6.208779335021973,8.957375156610077,2,8.957375156610077
4,17,in,in,0,TR-DE,Multilingual,"Şöyle bir baktım und das ist eine riesige, böyle Einkaufsstraße gibi bir şey var. Weißt du in Darmstadt!",17.147096633911133,24.738031279387428,2,24.738031279387428
4,18,Darmstadt,Darmstadt!,0,TR-DE,Multilingual,"Şöyle bir baktım und das ist eine riesige, böyle Einkaufsstraße gibi bir şey var. Weißt du in Darmstadt!",19.587478637695312,28.258758294121538,4,28.258758294121538
5,1,Ondan,Ondan,0,TR-DE,Multilingual,"Ondan sonra, ich aber immer noch so eine bloß keine Angst zeigen, sonst denkt şüphelenirler bir şeye weißt du!",19.095834732055664,27.549466069571935,3,27.549466069571935
5,2,sonra,"sonra,",0,TR-DE,Multilingual,"Ondan sonra, ich aber immer noch so eine bloß keine Angst zeigen, sonst denkt şüphelenirler bir şeye weißt du!",16.202545166015625,23.37533156079019,3,23.37533156079019
5,3,ich,ich,1,TR-DE,Multilingual,"Ondan sonra, ich aber immer noch so eine bloß keine Angst zeigen, sonst denkt şüphelenirler bir şeye weißt du!",19.318862915039062,27.87122772314056,2,27.87122772314056
5,4,aber,aber,0,TR-DE,Multilingual,"Ondan sonra, ich aber immer noch so eine bloß keine Angst zeigen, sonst denkt şüphelenirler bir şeye weißt du!",13.57851505279541,19.58965632930408,2,19.58965632930408
5,5,immer,immer,0,TR-DE,Multilingual,"Ondan sonra, ich aber immer noch so eine bloß keine Angst zeigen, sonst denkt şüphelenirler bir şeye weißt du!",6.864970684051514,9.904059161729235,2,9.904059161729235
5,6,noch,noch,0,TR-DE,Multilingual,"Ondan sonra, ich aber immer noch so eine bloß keine Angst zeigen, sonst denkt şüphelenirler bir şeye weißt du!",5.8855462074279785,8.491048326379191,2,8.491048326379191
5,7,so,so,0,TR-DE,Multilingual,"Ondan sonra, ich aber immer noch so eine bloß keine Angst zeigen, sonst denkt şüphelenirler bir şeye weißt du!",8.011075019836426,11.557538203307466,2,11.557538203307466
5,8,eine,eine,0,TR-DE,Multilingual,"Ondan sonra, ich aber immer noch so eine bloß keine Angst zeigen, sonst denkt şüphelenirler bir şeye weißt du!",14.404696464538574,20.781584154900585,2,20.781584154900585
5,9,bloß,bloß,0,TR-DE,Multilingual,"Ondan sonra, ich aber immer noch so eine bloß keine Angst zeigen, sonst denkt şüphelenirler bir şeye weißt du!",20.49810218811035,29.572510374422016,3,29.572510374422016
5,10,keine,keine,0,TR-DE,Multilingual,"Ondan sonra, ich aber immer noch so eine bloß keine Angst zeigen, sonst denkt şüphelenirler bir şeye weißt du!",14.296010971069336,20.624784132455947,2,20.624784132455947
5,11,Angst,Angst,0,TR-DE,Multilingual,"Ondan sonra, ich aber immer noch so eine bloß keine Angst zeigen, sonst denkt şüphelenirler bir şeye weißt du!",12.737789154052734,18.376745244441103,2,18.376745244441103
5,12,zeigen,"zeigen,",0,TR-DE,Multilingual,"Ondan sonra, ich aber immer noch so eine bloß keine Angst zeigen, sonst denkt şüphelenirler bir şeye weißt du!",16.717126846313477,24.117715999088208,3,24.117715999088208
5,13,sonst,sonst,0,TR-DE,Multilingual,"Ondan sonra, ich aber immer noch so eine bloß keine Angst zeigen, sonst denkt şüphelenirler bir şeye weißt du!",13.193317413330078,19.03393360508531,2,19.03393360508531
5,14,denkt,denkt,0,TR-DE,Multilingual,"Ondan sonra, ich aber immer noch so eine bloß keine Angst zeigen, sonst denkt şüphelenirler bir şeye weißt du!",28.10472869873047,40.54655271918818,2,40.54655271918818
5,15,şüphelenirler,şüphelenirler,1,TR-DE,Multilingual,"Ondan sonra, ich aber immer noch so eine bloß keine Angst zeigen, sonst denkt şüphelenirler bir şeye weißt du!",41.76067352294922,60.24791659574188,4,60.24791659574188
5,16,bir,bir,0,TR-DE,Multilingual,"Ondan sonra, ich aber immer noch so eine bloß keine Angst zeigen, sonst denkt şüphelenirler bir şeye weißt du!",8.838603973388672,12.751410120789325,2,12.751410120789325
5,17,şeye,şeye,0,TR-DE,Multilingual,"Ondan sonra, ich aber immer noch so eine bloß keine Angst zeigen, sonst denkt şüphelenirler bir şeye weißt du!",17.61741065979004,25.416550992183453,3,25.416550992183453
5,18,weißt,weißt,1,TR-DE,Multilingual,"Ondan sonra, ich aber immer noch so eine bloß keine Angst zeigen, sonst denkt şüphelenirler bir şeye weißt du!",16.4634952545166,23.751802959390083,3,23.751802959390083
5,19,du,du!,0,TR-DE,Multilingual,"Ondan sonra, ich aber immer noch so eine bloß keine Angst zeigen, sonst denkt şüphelenirler bir şeye weißt du!",8.795259475708008,12.688877228935608,3,12.688877228935608
6,1,Ondan,Ondan,0,TR-DE,Multilingual,"Ondan sonra dedim şimdi. Vielleicht will der, ich total bescheuert vielleicht dedim. Vielleicht will ich die vergiften falan.",19.095834732055664,27.549466069571935,3,27.549466069571935
6,2,sonra,sonra,0,TR-DE,Multilingual,"Ondan sonra dedim şimdi. Vielleicht will der, ich total bescheuert vielleicht dedim. Vielleicht will ich die vergiften falan.",11.140970230102539,16.073022501660507,2,16.073022501660507
6,3,dedim,dedim,0,TR-DE,Multilingual,"Ondan sonra dedim şimdi. Vielleicht will der, ich total bescheuert vielleicht dedim. Vielleicht will ich die vergiften falan.",16.2138614654541,23.391657529871296,2,23.391657529871296
6,4,şimdi,şimdi.,0,TR-DE,Multilingual,"Ondan sonra dedim şimdi. Vielleicht will der, ich total bescheuert vielleicht dedim. Vielleicht will ich die vergiften falan.",29.492977142333984,42.549371864296795,3,42.549371864296795
6,5,Vielleicht,Vielleicht,1,TR-DE,Multilingual,"Ondan sonra dedim şimdi. Vielleicht will der, ich total bescheuert vielleicht dedim. Vielleicht will ich die vergiften falan.",23.04137420654297,33.24167630304642,2,33.24167630304642
6,6,will,will,0,TR-DE,Multilingual,"Ondan sonra dedim şimdi. Vielleicht will der, ich total bescheuert vielleicht dedim. Vielleicht will ich die vergiften falan.",9.260117530822754,13.35952563976694,2,13.35952563976694
6,7,der,"der,",0,TR-DE,Multilingual,"Ondan sonra dedim şimdi. Vielleicht will der, ich total bescheuert vielleicht dedim. Vielleicht will ich die vergiften falan.",12.385442733764648,17.868416811216505,3,17.868416811216505
6,8,ich,ich,0,TR-DE,Multilingual,"Ondan sonra dedim şimdi. Vielleicht will der, ich total bescheuert vielleicht dedim. Vielleicht will ich die vergiften falan.",14.05821418762207,20.28171589223723,2,20.28171589223723
6,9,total,total,0,TR-DE,Multilingual,"Ondan sonra dedim şimdi. Vielleicht will der, ich total bescheuert vielleicht dedim. Vielleicht will ich die vergiften falan.",16.223833084106445,23.406043534650667,2,23.406043534650667
6,10,bescheuert,bescheuert,0,TR-DE,Multilingual,"Ondan sonra dedim şimdi. Vielleicht will der, ich total bescheuert vielleicht dedim. Vielleicht will ich die vergiften falan.",15.014934539794922,21.661971599834544,3,21.661971599834544
6,11,vielleicht,vielleicht,0,TR-DE,Multilingual,"Ondan sonra dedim şimdi. Vielleicht will der, ich total bescheuert vielleicht dedim. Vielleicht will ich die vergiften falan.",22.981121063232422,33.154749391994315,2,33.154749391994315
6,12,dedim,dedim.,1,TR-DE,Multilingual,"Ondan sonra dedim şimdi. Vielleicht will der, ich total bescheuert vielleicht dedim. Vielleicht will ich die vergiften falan.",21.0462646484375,30.363341637537484,3,30.363341637537484
6,13,Vielleicht,Vielleicht,1,TR-DE,Multilingual,"Ondan sonra dedim şimdi. Vielleicht will der, ich total bescheuert vielleicht dedim. Vielleicht will ich die vergiften falan.",6.570522308349609,9.479259950306286,2,9.479259950306286
6,14,will,will,0,TR-DE,Multilingual,"Ondan sonra dedim şimdi. Vielleicht will der, ich total bescheuert vielleicht dedim. Vielleicht will ich die vergiften falan.",4.142985820770264,5.977065098098551,2,5.977065098098551
6,15,ich,ich,0,TR-DE,Multilingual,"Ondan sonra dedim şimdi. Vielleicht will der, ich total bescheuert vielleicht dedim. Vielleicht will ich die vergiften falan.",7.510135650634766,10.834835459574185,2,10.834835459574185
6,16,die,die,0,TR-DE,Multilingual,"Ondan sonra dedim şimdi. Vielleicht will der, ich total bescheuert vielleicht dedim. Vielleicht will ich die vergiften falan.",14.904558181762695,21.502732175470065,2,21.502732175470065
6,17,vergiften,vergiften,0,TR-DE,Multilingual,"Ondan sonra dedim şimdi. Vielleicht will der, ich total bescheuert vielleicht dedim. Vielleicht will ich die vergiften falan.",22.533451080322266,32.50889812769499,3,32.50889812769499
6,18,falan,falan.,1,TR-DE,Multilingual,"Ondan sonra dedim şimdi. Vielleicht will der, ich total bescheuert vielleicht dedim. Vielleicht will ich die vergiften falan.",15.522443771362305,22.394152651422175,3,22.394152651422175
7,1,Bir,Bir,0,TR-DE,Multilingual,"Bir de ben gelirken, ich hab Dings böyle, voll Kassetten und Batterien dabei gehabt ne. Şimdi tam çıkış kapısındayım. Meint der Mann zu mir, şu çantayı açın ne. Aber so voll Dings tipi böyle. So ein unhöflicher. Das siehst du ihm an, ne. Ich: Scheiße ne.",13.649344444274902,19.691841541140725,2,19.691841541140725
7,2,de,de,0,TR-DE,Multilingual,"Bir de ben gelirken, ich hab Dings böyle, voll Kassetten und Batterien dabei gehabt ne. Şimdi tam çıkış kapısındayım. Meint der Mann zu mir, şu çantayı açın ne. Aber so voll Dings tipi böyle. So ein unhöflicher. Das siehst du ihm an, ne. Ich: Scheiße ne.",8.935266494750977,12.890864660998545,2,12.890864660998545
7,3,ben,ben,0,TR-DE,Multilingual,"Bir de ben gelirken, ich hab Dings böyle, voll Kassetten und Batterien dabei gehabt ne. Şimdi tam çıkış kapısındayım. Meint der Mann zu mir, şu çantayı açın ne. Aber so voll Dings tipi böyle. So ein unhöflicher. Das siehst du ihm an, ne. Ich: Scheiße ne.",11.583842277526855,16.71195180822791,2,16.71195180822791
7,4,gelirken,"gelirken,",0,TR-DE,Multilingual,"Bir de ben gelirken, ich hab Dings böyle, voll Kassetten und Batterien dabei gehabt ne. Şimdi tam çıkış kapısındayım. Meint der Mann zu mir, şu çantayı açın ne. Aber so voll Dings tipi böyle. So ein unhöflicher. Das siehst du ihm an, ne. Ich: Scheiße ne.",26.332015991210938,37.9890688871289,4,37.9890688871289
7,5,ich,ich,1,TR-DE,Multilingual,"Bir de ben gelirken, ich hab Dings böyle, voll Kassetten und Batterien dabei gehabt ne. Şimdi tam çıkış kapısındayım. Meint der Mann zu mir, şu çantayı açın ne. Aber so voll Dings tipi böyle. So ein unhöflicher. Das siehst du ihm an, ne. Ich: Scheiße ne.",15.997762680053711,23.079892883832024,2,23.079892883832024
7,6,hab,hab,0,TR-DE,Multilingual,"Bir de ben gelirken, ich hab Dings böyle, voll Kassetten und Batterien dabei gehabt ne. Şimdi tam çıkış kapısındayım. Meint der Mann zu mir, şu çantayı açın ne. Aber so voll Dings tipi böyle. So ein unhöflicher. Das siehst du ihm an, ne. Ich: Scheiße ne.",15.932300567626953,22.985451018867824,2,22.985451018867824
7,7,Dings,Dings,0,TR-DE,Multilingual,"Bir de ben gelirken, ich hab Dings böyle, voll Kassetten und Batterien dabei gehabt ne. Şimdi tam çıkış kapısındayım. Meint der Mann zu mir, şu çantayı açın ne. Aber so voll Dings tipi böyle. So ein unhöflicher. Das siehst du ihm an, ne. Ich: Scheiße ne.",25.129074096679688,36.253590581411096,3,36.253590581411096
7,8,böyle,"böyle,",1,TR-DE,Multilingual,"Bir de ben gelirken, ich hab Dings böyle, voll Kassetten und Batterien dabei gehabt ne. Şimdi tam çıkış kapısındayım. Meint der Mann zu mir, şu çantayı açın ne. Aber so voll Dings tipi böyle. So ein unhöflicher. Das siehst du ihm an, ne. Ich: Scheiße ne.",24.311145782470703,35.073569458699126,3,35.073569458699126
7,9,voll,voll,1,TR-DE,Multilingual,"Bir de ben gelirken, ich hab Dings böyle, voll Kassetten und Batterien dabei gehabt ne. Şimdi tam çıkış kapısındayım. Meint der Mann zu mir, şu çantayı açın ne. Aber so voll Dings tipi böyle. So ein unhöflicher. Das siehst du ihm an, ne. Ich: Scheiße ne.",21.323118209838867,30.762756897623685,2,30.762756897623685
7,10,Kassetten,Kassetten,0,TR-DE,Multilingual,"Bir de ben gelirken, ich hab Dings böyle, voll Kassetten und Batterien dabei gehabt ne. Şimdi tam çıkış kapısındayım. Meint der Mann zu mir, şu çantayı açın ne. Aber so voll Dings tipi böyle. So ein unhöflicher. Das siehst du ihm an, ne. Ich: Scheiße ne.",17.759836196899414,25.622027608267093,3,25.622027608267093
7,11,und,und,0,TR-DE,Multilingual,"Bir de ben gelirken, ich hab Dings böyle, voll Kassetten und Batterien dabei gehabt ne. Şimdi tam çıkış kapısındayım. Meint der Mann zu mir, şu çantayı açın ne. Aber so voll Dings tipi böyle. So ein unhöflicher. Das siehst du ihm an, ne. Ich: Scheiße ne.",13.629928588867188,19.6638303828294,2,19.6638303828294
7,12,Batterien,Batterien,0,TR-DE,Multilingual,"Bir de ben gelirken, ich hab Dings böyle, voll Kassetten und Batterien dabei gehabt ne. Şimdi tam çıkış kapısındayım. Meint der Mann zu mir, şu çantayı açın ne. Aber so voll Dings tipi böyle. So ein unhöflicher. Das siehst du ihm an, ne. Ich: Scheiße ne.",13.454010009765625,19.41003352115934,3,19.41003352115934
7,13,dabei,dabei,0,TR-DE,Multilingual,"Bir de ben gelirken, ich hab Dings böyle, voll Kassetten und Batterien dabei gehabt ne. Şimdi tam çıkış kapısındayım. Meint der Mann zu mir, şu çantayı açın ne. Aber so voll Dings tipi böyle. So ein unhöflicher. Das siehst du ihm an, ne. Ich: Scheiße ne.",7.929269790649414,11.43951820484058,2,11.43951820484058
7,14,gehabt,gehabt,0,TR-DE,Multilingual,"Bir de ben gelirken, ich hab Dings böyle, voll Kassetten und Batterien dabei gehabt ne. Şimdi tam çıkış kapısındayım. Meint der Mann zu mir, şu çantayı açın ne. Aber so voll Dings tipi böyle. So ein unhöflicher. Das siehst du ihm an, ne. Ich: Scheiße ne.",13.163917541503906,18.991518555798923,3,18.991518555798923
7,15,ne,ne.,0,TR-DE,Multilingual,"Bir de ben gelirken, ich hab Dings böyle, voll Kassetten und Batterien dabei gehabt ne. Şimdi tam çıkış kapısındayım. Meint der Mann zu mir, şu çantayı açın ne. Aber so voll Dings tipi böyle. So ein unhöflicher. Das siehst du ihm an, ne. Ich: Scheiße ne.",18.18117904663086,26.229896848088675,3,26.229896848088675
7,16,Şimdi,Şimdi,1,TR-DE,Multilingual,"Bir de ben gelirken, ich hab Dings böyle, voll Kassetten und Batterien dabei gehabt ne. Şimdi tam çıkış kapısındayım. Meint der Mann zu mir, şu çantayı açın ne. Aber so voll Dings tipi böyle. So ein unhöflicher. Das siehst du ihm an, ne. Ich: Scheiße ne.",11.758149147033691,16.9634234644583,2,16.9634234644583
7,17,tam,tam,0,TR-DE,Multilingual,"Bir de ben gelirken, ich hab Dings böyle, voll Kassetten und Batterien dabei gehabt ne. Şimdi tam çıkış kapısındayım. Meint der Mann zu mir, şu çantayı açın ne. Aber so voll Dings tipi böyle. So ein unhöflicher. Das siehst du ihm an, ne. Ich: Scheiße ne.",14.768664360046387,21.3066788327925,2,21.3066788327925
7,18,çıkış,çıkış,0,TR-DE,Multilingual,"Bir de ben gelirken, ich hab Dings böyle, voll Kassetten und Batterien dabei gehabt ne. Şimdi tam çıkış kapısındayım. Meint der Mann zu mir, şu çantayı açın ne. Aber so voll Dings tipi böyle. So ein unhöflicher. Das siehst du ihm an, ne. Ich: Scheiße ne.",14.521612167358398,20.950257859560793,3,20.950257859560793
7,19,kapısındayım,kapısındayım.,0,TR-DE,Multilingual,"Bir de ben gelirken, ich hab Dings böyle, voll Kassetten und Batterien dabei gehabt ne. Şimdi tam çıkış kapısındayım. Meint der Mann zu mir, şu çantayı açın ne. Aber so voll Dings tipi böyle. So ein unhöflicher. Das siehst du ihm an, ne. Ich: Scheiße ne.",22.645936965942383,32.67118095704914,5,32.67118095704914
7,20,Meint,Meint,1,TR-DE,Multilingual,"Bir de ben gelirken, ich hab Dings böyle, voll Kassetten und Batterien dabei gehabt ne. Şimdi tam çıkış kapısındayım. Meint der Mann zu mir, şu çantayı açın ne. Aber so voll Dings tipi böyle. So ein unhöflicher. Das siehst du ihm an, ne. Ich: Scheiße ne.",18.516311645507812,26.713390986528683,3,26.713390986528683
7,21,der,der,0,TR-DE,Multilingual,"Bir de ben gelirken, ich hab Dings böyle, voll Kassetten und Batterien dabei gehabt ne. Şimdi tam çıkış kapısındayım. Meint der Mann zu mir, şu çantayı açın ne. Aber so voll Dings tipi böyle. So ein unhöflicher. Das siehst du ihm an, ne. Ich: Scheiße ne.",8.167898178100586,11.783786196031715,2,11.783786196031715
7,22,Mann,Mann,0,TR-DE,Multilingual,"Bir de ben gelirken, ich hab Dings böyle, voll Kassetten und Batterien dabei gehabt ne. Şimdi tam çıkış kapısındayım. Meint der Mann zu mir, şu çantayı açın ne. Aber so voll Dings tipi böyle. So ein unhöflicher. Das siehst du ihm an, ne. Ich: Scheiße ne.",8.38136100769043,12.09174796169511,2,12.09174796169511
7,23,zu,zu,0,TR-DE,Multilingual,"Bir de ben gelirken, ich hab Dings böyle, voll Kassetten und Batterien dabei gehabt ne. Şimdi tam çıkış kapısındayım. Meint der Mann zu mir, şu çantayı açın ne. Aber so voll Dings tipi böyle. So ein unhöflicher. Das siehst du ihm an, ne. Ich: Scheiße ne.",4.623852252960205,6.670808715148949,2,6.670808715148949
7,24,mir,"mir,",0,TR-DE,Multilingual,"Bir de ben gelirken, ich hab Dings böyle, voll Kassetten und Batterien dabei gehabt ne. Şimdi tam çıkış kapısındayım. Meint der Mann zu mir, şu çantayı açın ne. Aber so voll Dings tipi böyle. So ein unhöflicher. Das siehst du ihm an, ne. Ich: Scheiße ne.",9.343171119689941,13.479346640553663,3,13.479346640553663
7,25,şu,şu,1,TR-DE,Multilingual,"Bir de ben gelirken, ich hab Dings böyle, voll Kassetten und Batterien dabei gehabt ne. Şimdi tam çıkış kapısındayım. Meint der Mann zu mir, şu çantayı açın ne. Aber so voll Dings tipi böyle. So ein unhöflicher. Das siehst du ihm an, ne. Ich: Scheiße ne.",11.128124237060547,16.054489651203532,2,16.054489651203532
7,26,çantayı,çantayı,0,TR-DE,Multilingual,"Bir de ben gelirken, ich hab Dings böyle, voll Kassetten und Batterien dabei gehabt ne. Şimdi tam çıkış kapısındayım. Meint der Mann zu mir, şu çantayı açın ne. Aber so voll Dings tipi böyle. So ein unhöflicher. Das siehst du ihm an, ne. Ich: Scheiße ne.",10.493369102478027,15.138731566362523,4,15.138731566362523
7,27,açın,açın,0,TR-DE,Multilingual,"Bir de ben gelirken, ich hab Dings böyle, voll Kassetten und Batterien dabei gehabt ne. Şimdi tam çıkış kapısındayım. Meint der Mann zu mir, şu çantayı açın ne. Aber so voll Dings tipi böyle. So ein unhöflicher. Das siehst du ihm an, ne. Ich: Scheiße ne.",11.457653045654297,16.529899229191784,3,16.529899229191784
7,28,ne,ne.,1,TR-DE,Multilingual,"Bir de ben gelirken, ich hab Dings böyle, voll Kassetten und Batterien dabei gehabt ne. Şimdi tam çıkış kapısındayım. Meint der Mann zu mir, şu çantayı açın ne. Aber so voll Dings tipi böyle. So ein unhöflicher. Das siehst du ihm an, ne. Ich: Scheiße ne.",15.891653060913086,22.926809062507225,3,22.926809062507225
7,29,Aber,Aber,0,TR-DE,Multilingual,"Bir de ben gelirken, ich hab Dings böyle, voll Kassetten und Batterien dabei gehabt ne. Şimdi tam çıkış kapısındayım. Meint der Mann zu mir, şu çantayı açın ne. Aber so voll Dings tipi böyle. So ein unhöflicher. Das siehst du ihm an, ne. Ich: Scheiße ne.",13.306870460510254,19.19775602312998,2,19.19775602312998
7,30,so,so,0,TR-DE,Multilingual,"Bir de ben gelirken, ich hab Dings böyle, voll Kassetten und Batterien dabei gehabt ne. Şimdi tam çıkış kapısındayım. Meint der Mann zu mir, şu çantayı açın ne. Aber so voll Dings tipi böyle. So ein unhöflicher. Das siehst du ihm an, ne. Ich: Scheiße ne.",13.998464584350586,20.195515435902376,2,20.195515435902376
7,31,voll,voll,0,TR-DE,Multilingual,"Bir de ben gelirken, ich hab Dings böyle, voll Kassetten und Batterien dabei gehabt ne. Şimdi tam çıkış kapısındayım. Meint der Mann zu mir, şu çantayı açın ne. Aber so voll Dings tipi böyle. So ein unhöflicher. Das siehst du ihm an, ne. Ich: Scheiße ne.",13.96946907043457,20.153683751767712,2,20.153683751767712
7,32,Dings,Dings,0,TR-DE,Multilingual,"Bir de ben gelirken, ich hab Dings böyle, voll Kassetten und Batterien dabei gehabt ne. Şimdi tam çıkış kapısındayım. Meint der Mann zu mir, şu çantayı açın ne. Aber so voll Dings tipi böyle. So ein unhöflicher. Das siehst du ihm an, ne. Ich: Scheiße ne.",16.590808868408203,23.93547767878915,3,23.93547767878915
7,33,tipi,tipi,1,TR-DE,Multilingual,"Bir de ben gelirken, ich hab Dings böyle, voll Kassetten und Batterien dabei gehabt ne. Şimdi tam çıkış kapısındayım. Meint der Mann zu mir, şu çantayı açın ne. Aber so voll Dings tipi böyle. So ein unhöflicher. Das siehst du ihm an, ne. Ich: Scheiße ne.",16.35370445251465,23.593408313806645,2,23.593408313806645
7,34,böyle,böyle.,0,TR-DE,Multilingual,"Bir de ben gelirken, ich hab Dings böyle, voll Kassetten und Batterien dabei gehabt ne. Şimdi tam çıkış kapısındayım. Meint der Mann zu mir, şu çantayı açın ne. Aber so voll Dings tipi böyle. So ein unhöflicher. Das siehst du ihm an, ne. Ich: Scheiße ne.",13.738275527954102,19.82014197454559,3,19.82014197454559
7,35,So,So,1,TR-DE,Multilingual,"Bir de ben gelirken, ich hab Dings böyle, voll Kassetten und Batterien dabei gehabt ne. Şimdi tam çıkış kapısındayım. Meint der Mann zu mir, şu çantayı açın ne. Aber so voll Dings tipi böyle. So ein unhöflicher. Das siehst du ihm an, ne. Ich: Scheiße ne.",11.565732955932617,16.68582557977004,2,16.68582557977004
7,36,ein,ein,0,TR-DE,Multilingual,"Bir de ben gelirken, ich hab Dings böyle, voll Kassetten und Batterien dabei gehabt ne. Şimdi tam çıkış kapısındayım. Meint der Mann zu mir, şu çantayı açın ne. Aber so voll Dings tipi böyle. So ein unhöflicher. Das siehst du ihm an, ne. Ich: Scheiße ne.",12.366432189941406,17.840990393918112,2,17.840990393918112
7,37,unhöflicher,unhöflicher.,0,TR-DE,Multilingual,"Bir de ben gelirken, ich hab Dings böyle, voll Kassetten und Batterien dabei gehabt ne. Şimdi tam çıkış kapısındayım. Meint der Mann zu mir, şu çantayı açın ne. Aber so voll Dings tipi böyle. So ein unhöflicher. Das siehst du ihm an, ne. Ich: Scheiße ne.",24.403417587280273,35.206689533911764,5,35.206689533911764
7,38,Das,Das,0,TR-DE,Multilingual,"Bir de ben gelirken, ich hab Dings böyle, voll Kassetten und Batterien dabei gehabt ne. Şimdi tam çıkış kapısındayım. Meint der Mann zu mir, şu çantayı açın ne. Aber so voll Dings tipi böyle. So ein unhöflicher. Das siehst du ihm an, ne. Ich: Scheiße ne.",14.524983406066895,20.955121528927194,2,20.955121528927194
7,39,siehst,siehst,0,TR-DE,Multilingual,"Bir de ben gelirken, ich hab Dings böyle, voll Kassetten und Batterien dabei gehabt ne. Şimdi tam çıkış kapısındayım. Meint der Mann zu mir, şu çantayı açın ne. Aber so voll Dings tipi böyle. So ein unhöflicher. Das siehst du ihm an, ne. Ich: Scheiße ne.",10.320303916931152,14.88905128142352,4,14.88905128142352
7,40,du,du,0,TR-DE,Multilingual,"Bir de ben gelirken, ich hab Dings böyle, voll Kassetten und Batterien dabei gehabt ne. Şimdi tam çıkış kapısındayım. Meint der Mann zu mir, şu çantayı açın ne. Aber so voll Dings tipi böyle. So ein unhöflicher. Das siehst du ihm an, ne. Ich: Scheiße ne.",7.829020023345947,11.294888362701595,2,11.294888362701595
7,41,ihm,ihm,0,TR-DE,Multilingual,"Bir de ben gelirken, ich hab Dings böyle, voll Kassetten und Batterien dabei gehabt ne. Şimdi tam çıkış kapısındayım. Meint der Mann zu mir, şu çantayı açın ne. Aber so voll Dings tipi böyle. So ein unhöflicher. Das siehst du ihm an, ne. Ich: Scheiße ne.",10.587757110595703,15.274904677593282,2,15.274904677593282
7,42,an,"an,",0,TR-DE,Multilingual,"Bir de ben gelirken, ich hab Dings böyle, voll Kassetten und Batterien dabei gehabt ne. Şimdi tam çıkış kapısındayım. Meint der Mann zu mir, şu çantayı açın ne. Aber so voll Dings tipi böyle. So ein unhöflicher. Das siehst du ihm an, ne. Ich: Scheiße ne.",7.821628570556641,11.284224750417497,3,11.284224750417497
7,43,ne,ne.,0,TR-DE,Multilingual,"Bir de ben gelirken, ich hab Dings böyle, voll Kassetten und Batterien dabei gehabt ne. Şimdi tam çıkış kapısındayım. Meint der Mann zu mir, şu çantayı açın ne. Aber so voll Dings tipi böyle. So ein unhöflicher. Das siehst du ihm an, ne. Ich: Scheiße ne.",9.291257858276367,13.404451635755926,3,13.404451635755926
7,44,Ich,Ich:,0,TR-DE,Multilingual,"Bir de ben gelirken, ich hab Dings böyle, voll Kassetten und Batterien dabei gehabt ne. Şimdi tam çıkış kapısındayım. Meint der Mann zu mir, şu çantayı açın ne. Aber so voll Dings tipi böyle. So ein unhöflicher. Das siehst du ihm an, ne. Ich: Scheiße ne.",17.567256927490234,25.34419445131245,3,25.34419445131245
7,45,Scheiße,Scheiße,0,TR-DE,Multilingual,"Bir de ben gelirken, ich hab Dings böyle, voll Kassetten und Batterien dabei gehabt ne. Şimdi tam çıkış kapısındayım. Meint der Mann zu mir, şu çantayı açın ne. Aber so voll Dings tipi böyle. So ein unhöflicher. Das siehst du ihm an, ne. Ich: Scheiße ne.",16.122087478637695,23.259255654208655,4,23.259255654208655
7,46,ne,ne.,0,TR-DE,Multilingual,"Bir de ben gelirken, ich hab Dings böyle, voll Kassetten und Batterien dabei gehabt ne. Şimdi tam çıkış kapısındayım. Meint der Mann zu mir, şu çantayı açın ne. Aber so voll Dings tipi böyle. So ein unhöflicher. Das siehst du ihm an, ne. Ich: Scheiße ne.",10.3513765335083,14.933879591266814,3,14.933879591266814
8,1,Ondan,Ondan,0,TR-DE,Multilingual,"Ondan sonra Weiterausbildung yaptırdılar, bize dediler ki didaktisch, methodisch olarak biraz daha eksiksiniz.",19.095834732055664,27.549466069571935,3,27.549466069571935
8,2,sonra,sonra,0,TR-DE,Multilingual,"Ondan sonra Weiterausbildung yaptırdılar, bize dediler ki didaktisch, methodisch olarak biraz daha eksiksiniz.",18.64097023010254,26.893235308327732,2,26.893235308327732
8,3,Weiterausbildung,Weiterausbildung,1,TR-DE,Multilingual,"Ondan sonra Weiterausbildung yaptırdılar, bize dediler ki didaktisch, methodisch olarak biraz daha eksiksiniz.",41.4211311340332,59.75806047508115,4,59.75806047508115
8,4,yaptırdılar,"yaptırdılar,",1,TR-DE,Multilingual,"Ondan sonra Weiterausbildung yaptırdılar, bize dediler ki didaktisch, methodisch olarak biraz daha eksiksiniz.",22.64710807800293,32.67287051461121,4,32.67287051461121
8,5,bize,bize,0,TR-DE,Multilingual,"Ondan sonra Weiterausbildung yaptırdılar, bize dediler ki didaktisch, methodisch olarak biraz daha eksiksiniz.",9.089662551879883,13.113611086951227,2,13.113611086951227
8,6,dediler,dediler,0,TR-DE,Multilingual,"Ondan sonra Weiterausbildung yaptırdılar, bize dediler ki didaktisch, methodisch olarak biraz daha eksiksiniz.",7.127411842346191,10.28268171932612,3,10.28268171932612
8,7,ki,ki,0,TR-DE,Multilingual,"Ondan sonra Weiterausbildung yaptırdılar, bize dediler ki didaktisch, methodisch olarak biraz daha eksiksiniz.",8.655691146850586,12.487522693027845,2,12.487522693027845
8,8,didaktisch,"didaktisch,",1,TR-DE,Multilingual,"Ondan sonra Weiterausbildung yaptırdılar, bize dediler ki didaktisch, methodisch olarak biraz daha eksiksiniz.",35.392539978027344,51.06064191076443,5,51.06064191076443
8,9,methodisch,methodisch,0,TR-DE,Multilingual,"Ondan sonra Weiterausbildung yaptırdılar, bize dediler ki didaktisch, methodisch olarak biraz daha eksiksiniz.",12.383516311645508,17.865637571578564,3,17.865637571578564
8,10,olarak,olarak,1,TR-DE,Multilingual,"Ondan sonra Weiterausbildung yaptırdılar, bize dediler ki didaktisch, methodisch olarak biraz daha eksiksiniz.",9.923280715942383,14.316267878239158,2,14.316267878239158
8,11,biraz,biraz,0,TR-DE,Multilingual,"Ondan sonra Weiterausbildung yaptırdılar, bize dediler ki didaktisch, methodisch olarak biraz daha eksiksiniz.",5.958151340484619,8.59579539178309,2,8.59579539178309
8,12,daha,daha,0,TR-DE,Multilingual,"Ondan sonra Weiterausbildung yaptırdılar, bize dediler ki didaktisch, methodisch olarak biraz daha eksiksiniz.",7.7980523109436035,11.250211397591059,2,11.250211397591059
8,13,eksiksiniz,eksiksiniz.,0,TR-DE,Multilingual,"Ondan sonra Weiterausbildung yaptırdılar, bize dediler ki didaktisch, methodisch olarak biraz daha eksiksiniz.",14.858736991882324,21.436626172062024,4,21.436626172062024
9,1,Çünkü,Çünkü,0,TR-DE,Multilingual,Çünkü benim asıl Fremdsprachem Türkischdir.,17.559663772583008,25.333239844383094,2,25.333239844383094
9,2,benim,benim,0,TR-DE,Multilingual,Çünkü benim asıl Fremdsprachem Türkischdir.,10.932584762573242,15.772385821062663,2,15.772385821062663
9,3,asıl,asıl,0,TR-DE,Multilingual,Çünkü benim asıl Fremdsprachem Türkischdir.,23.429018020629883,33.80092811126089,2,33.80092811126089
9,4,Fremdsprachem,Fremdsprachem,1,TR-DE,Multilingual,Çünkü benim asıl Fremdsprachem Türkischdir.,27.59245491027832,39.80749786501086,5,39.80749786501086
9,5,Türkischdir,Türkischdir.,0,TR-DE,Multilingual,Çünkü benim asıl Fremdsprachem Türkischdir.,17.17818260192871,24.782878851287624,5,24.782878851287624
10,1,Dolum,Dolum,0,TR-DE,Multilingual,"Dolum için de her iki taraf zwanzig istiyor, wo bist du denn?",26.201719284057617,37.801090473874645,3,37.801090473874645
10,2,için,için,0,TR-DE,Multilingual,"Dolum için de her iki taraf zwanzig istiyor, wo bist du denn?",12.729326248168945,18.364535852091052,2,18.364535852091052
10,3,de,de,0,TR-DE,Multilingual,"Dolum için de her iki taraf zwanzig istiyor, wo bist du denn?",10.146618843078613,14.638476686700027,2,14.638476686700027
10,4,her,her,0,TR-DE,Multilingual,"Dolum için de her iki taraf zwanzig istiyor, wo bist du denn?",10.662515640258789,15.382758437602366,2,15.382758437602366
10,5,iki,iki,0,TR-DE,Multilingual,"Dolum için de her iki taraf zwanzig istiyor, wo bist du denn?",7.320712089538574,10.561555027353183,2,10.561555027353183
10,6,taraf,taraf,0,TR-DE,Multilingual,"Dolum için de her iki taraf zwanzig istiyor, wo bist du denn?",22.02888298034668,31.780960232069443,2,31.780960232069443
10,7,zwanzig,zwanzig,1,TR-DE,Multilingual,"Dolum için de her iki taraf zwanzig istiyor, wo bist du denn?",33.272193908691406,48.00162915156507,3,48.00162915156507
10,8,istiyor,"istiyor,",1,TR-DE,Multilingual,"Dolum için de her iki taraf zwanzig istiyor, wo bist du denn?",22.309131622314453,32.18527355805222,3,32.18527355805222
10,9,wo,wo,1,TR-DE,Multilingual,"Dolum için de her iki taraf zwanzig istiyor, wo bist du denn?",17.83009910583496,25.72339555854684,2,25.72339555854684
10,10,bist,bist,0,TR-DE,Multilingual,"Dolum için de her iki taraf zwanzig istiyor, wo bist du denn?",8.433545112609863,12.167033711075605,2,12.167033711075605
10,11,du,du,0,TR-DE,Multilingual,"Dolum için de her iki taraf zwanzig istiyor, wo bist du denn?",4.9739251136779785,7.175857095256293,2,7.175857095256293
10,12,denn,denn?,0,TR-DE,Multilingual,"Dolum için de her iki taraf zwanzig istiyor, wo bist du denn?",6.2741570472717285,9.051695257857464,3,9.051695257857464
11,1,Anlatıyor,Anlatıyor,0,TR-DE,Multilingual,"Anlatıyor şimdi annem, işte Almanyalı da, wir waren auch zusammen da, bilmem ne, ich wußt nicht mehr wer ihr seid.",26.951627731323242,38.882979671865506,4,38.882979671865506
11,2,şimdi,şimdi,0,TR-DE,Multilingual,"Anlatıyor şimdi annem, işte Almanyalı da, wir waren auch zusammen da, bilmem ne, ich wußt nicht mehr wer ihr seid.",14.394426345825195,20.766767505563454,2,20.766767505563454
11,3,annem,"annem,",0,TR-DE,Multilingual,"Anlatıyor şimdi annem, işte Almanyalı da, wir waren auch zusammen da, bilmem ne, ich wußt nicht mehr wer ihr seid.",18.683895111083984,26.955162821250415,4,26.955162821250415
11,4,işte,işte,0,TR-DE,Multilingual,"Anlatıyor şimdi annem, işte Almanyalı da, wir waren auch zusammen da, bilmem ne, ich wußt nicht mehr wer ihr seid.",15.06645393371582,21.73629837395383,2,21.73629837395383
11,5,Almanyalı,Almanyalı,0,TR-DE,Multilingual,"Anlatıyor şimdi annem, işte Almanyalı da, wir waren auch zusammen da, bilmem ne, ich wußt nicht mehr wer ihr seid.",19.297542572021484,27.840468969999048,3,27.840468969999048
11,6,da,"da,",0,TR-DE,Multilingual,"Anlatıyor şimdi annem, işte Almanyalı da, wir waren auch zusammen da, bilmem ne, ich wußt nicht mehr wer ihr seid.",22.64305877685547,32.6670286079267,3,32.6670286079267
11,7,wir,wir,1,TR-DE,Multilingual,"Anlatıyor şimdi annem, işte Almanyalı da, wir waren auch zusammen da, bilmem ne, ich wußt nicht mehr wer ihr seid.",19.009565353393555,27.42500566479554,2,27.42500566479554
11,8,waren,waren,0,TR-DE,Multilingual,"Anlatıyor şimdi annem, işte Almanyalı da, wir waren auch zusammen da, bilmem ne, ich wußt nicht mehr wer ihr seid.",9.12590217590332,13.165893812813522,2,13.165893812813522
11,9,auch,auch,0,TR-DE,Multilingual,"Anlatıyor şimdi annem, işte Almanyalı da, wir waren auch zusammen da, bilmem ne, ich wußt nicht mehr wer ihr seid.",10.804967880249023,15.588273577799802,2,15.588273577799802
11,10,zusammen,zusammen,0,TR-DE,Multilingual,"Anlatıyor şimdi annem, işte Almanyalı da, wir waren auch zusammen da, bilmem ne, ich wußt nicht mehr wer ihr seid.",10.561351776123047,15.236809832496565,2,15.236809832496565
11,11,da,"da,",1,TR-DE,Multilingual,"Anlatıyor şimdi annem, işte Almanyalı da, wir waren auch zusammen da, bilmem ne, ich wußt nicht mehr wer ihr seid.",14.952997207641602,21.572614917891055,3,21.572614917891055
11,12,bilmem,bilmem,0,TR-DE,Multilingual,"Anlatıyor şimdi annem, işte Almanyalı da, wir waren auch zusammen da, bilmem ne, ich wußt nicht mehr wer ihr seid.",10.105326652526855,14.578904648163563,3,14.578904648163563
11,13,ne,"ne,",0,TR-DE,Multilingual,"Anlatıyor şimdi annem, işte Almanyalı da, wir waren auch zusammen da, bilmem ne, ich wußt nicht mehr wer ihr seid.",11.153839111328125,16.09158837278645,3,16.09158837278645
11,14,ich,ich,1,TR-DE,Multilingual,"Anlatıyor şimdi annem, işte Almanyalı da, wir waren auch zusammen da, bilmem ne, ich wußt nicht mehr wer ihr seid.",14.624521255493164,21.098724290675225,2,21.098724290675225
11,15,wußt,wußt,0,TR-DE,Multilingual,"Anlatıyor şimdi annem, işte Almanyalı da, wir waren auch zusammen da, bilmem ne, ich wußt nicht mehr wer ihr seid.",15.61742115020752,22.5311760448788,3,22.5311760448788
11,16,nicht,nicht,0,TR-DE,Multilingual,"Anlatıyor şimdi annem, işte Almanyalı da, wir waren auch zusammen da, bilmem ne, ich wußt nicht mehr wer ihr seid.",4.476419925689697,6.458108827729069,2,6.458108827729069
11,17,mehr,mehr,0,TR-DE,Multilingual,"Anlatıyor şimdi annem, işte Almanyalı da, wir waren auch zusammen da, bilmem ne, ich wußt nicht mehr wer ihr seid.",9.38058090209961,13.533317548116825,2,13.533317548116825
11,18,wer,wer,0,TR-DE,Multilingual,"Anlatıyor şimdi annem, işte Almanyalı da, wir waren auch zusammen da, bilmem ne, ich wußt nicht mehr wer ihr seid.",11.292486190795898,16.291613826768344,2,16.291613826768344
11,19,ihr,ihr,0,TR-DE,Multilingual,"Anlatıyor şimdi annem, işte Almanyalı da, wir waren auch zusammen da, bilmem ne, ich wußt nicht mehr wer ihr seid.",5.631060600280762,8.123903202970284,2,8.123903202970284
11,20,seid,seid.,0,TR-DE,Multilingual,"Anlatıyor şimdi annem, işte Almanyalı da, wir waren auch zusammen da, bilmem ne, ich wußt nicht mehr wer ihr seid.",3.2958388328552246,4.754890339729502,4,4.754890339729502
12,1,İşte,İşte,0,TR-DE,Multilingual,"İşte Türkiye’de resimlere bakıyordum, hätte ich dir schenken können. Ich war ja nicht da, als wir abfuhren. Şey geçenlerde resimlere bakıyorum işte falan, benim oda da böyle, ich hab noch Bilder von meinem Zimmer, duruyorlar orda yatakta. Anneme sordum. Anne, wo sind die überhaupt, sind die überhaupt mal hierher gekommen?",15.966651916503906,23.03500953954045,2,23.03500953954045
12,2,Türkiye’de,Türkiye’de,0,TR-DE,Multilingual,"İşte Türkiye’de resimlere bakıyordum, hätte ich dir schenken können. Ich war ja nicht da, als wir abfuhren. Şey geçenlerde resimlere bakıyorum işte falan, benim oda da böyle, ich hab noch Bilder von meinem Zimmer, duruyorlar orda yatakta. Anneme sordum. Anne, wo sind die überhaupt, sind die überhaupt mal hierher gekommen?",21.1263427734375,30.47886995135867,4,30.47886995135867
12,3,resimlere,resimlere,0,TR-DE,Multilingual,"İşte Türkiye’de resimlere bakıyordum, hätte ich dir schenken können. Ich war ja nicht da, als wir abfuhren. Şey geçenlerde resimlere bakıyorum işte falan, benim oda da böyle, ich hab noch Bilder von meinem Zimmer, duruyorlar orda yatakta. Anneme sordum. Anne, wo sind die überhaupt, sind die überhaupt mal hierher gekommen?",20.345069885253906,29.351731429995205,3,29.351731429995205
12,4,bakıyordum,"bakıyordum,",0,TR-DE,Multilingual,"İşte Türkiye’de resimlere bakıyordum, hätte ich dir schenken können. Ich war ja nicht da, als wir abfuhren. Şey geçenlerde resimlere bakıyorum işte falan, benim oda da böyle, ich hab noch Bilder von meinem Zimmer, duruyorlar orda yatakta. Anneme sordum. Anne, wo sind die überhaupt, sind die überhaupt mal hierher gekommen?",31.074190139770508,44.83058001428764,5,44.83058001428764
12,5,hätte,hätte,1,TR-DE,Multilingual,"İşte Türkiye’de resimlere bakıyordum, hätte ich dir schenken können. Ich war ja nicht da, als wir abfuhren. Şey geçenlerde resimlere bakıyorum işte falan, benim oda da böyle, ich hab noch Bilder von meinem Zimmer, duruyorlar orda yatakta. Anneme sordum. Anne, wo sind die überhaupt, sind die überhaupt mal hierher gekommen?",23.608896255493164,34.06043754866201,2,34.06043754866201
12,6,ich,ich,0,TR-DE,Multilingual,"İşte Türkiye’de resimlere bakıyordum, hätte ich dir schenken können. Ich war ja nicht da, als wir abfuhren. Şey geçenlerde resimlere bakıyorum işte falan, benim oda da böyle, ich hab noch Bilder von meinem Zimmer, duruyorlar orda yatakta. Anneme sordum. Anne, wo sind die überhaupt, sind die überhaupt mal hierher gekommen?",11.737548828125,16.933703486528003,2,16.933703486528003
12,7,dir,dir,0,TR-DE,Multilingual,"İşte Türkiye’de resimlere bakıyordum, hätte ich dir schenken können. Ich war ja nicht da, als wir abfuhren. Şey geçenlerde resimlere bakıyorum işte falan, benim oda da böyle, ich hab noch Bilder von meinem Zimmer, duruyorlar orda yatakta. Anneme sordum. Anne, wo sind die überhaupt, sind die überhaupt mal hierher gekommen?",8.96452808380127,12.933080210409933,2,12.933080210409933
12,8,schenken,schenken,0,TR-DE,Multilingual,"İşte Türkiye’de resimlere bakıyordum, hätte ich dir schenken können. Ich war ja nicht da, als wir abfuhren. Şey geçenlerde resimlere bakıyorum işte falan, benim oda da böyle, ich hab noch Bilder von meinem Zimmer, duruyorlar orda yatakta. Anneme sordum. Anne, wo sind die überhaupt, sind die überhaupt mal hierher gekommen?",10.08541488647461,14.550178042024648,3,14.550178042024648
12,9,können,können.,0,TR-DE,Multilingual,"İşte Türkiye’de resimlere bakıyordum, hätte ich dir schenken können. Ich war ja nicht da, als wir abfuhren. Şey geçenlerde resimlere bakıyorum işte falan, benim oda da böyle, ich hab noch Bilder von meinem Zimmer, duruyorlar orda yatakta. Anneme sordum. Anne, wo sind die überhaupt, sind die überhaupt mal hierher gekommen?",11.756654739379883,16.961267489947087,3,16.961267489947087
12,10,Ich,Ich,0,TR-DE,Multilingual,"İşte Türkiye’de resimlere bakıyordum, hätte ich dir schenken können. Ich war ja nicht da, als wir abfuhren. Şey geçenlerde resimlere bakıyorum işte falan, benim oda da böyle, ich hab noch Bilder von meinem Zimmer, duruyorlar orda yatakta. Anneme sordum. Anne, wo sind die überhaupt, sind die überhaupt mal hierher gekommen?",14.126236915588379,20.37985194454196,2,20.37985194454196
12,11,war,war,0,TR-DE,Multilingual,"İşte Türkiye’de resimlere bakıyordum, hätte ich dir schenken können. Ich war ja nicht da, als wir abfuhren. Şey geçenlerde resimlere bakıyorum işte falan, benim oda da böyle, ich hab noch Bilder von meinem Zimmer, duruyorlar orda yatakta. Anneme sordum. Anne, wo sind die überhaupt, sind die überhaupt mal hierher gekommen?",8.703581809997559,12.556614315254865,2,12.556614315254865
12,12,ja,ja,0,TR-DE,Multilingual,"İşte Türkiye’de resimlere bakıyordum, hätte ich dir schenken können. Ich war ja nicht da, als wir abfuhren. Şey geçenlerde resimlere bakıyorum işte falan, benim oda da böyle, ich hab noch Bilder von meinem Zimmer, duruyorlar orda yatakta. Anneme sordum. Anne, wo sind die überhaupt, sind die überhaupt mal hierher gekommen?",7.995743751525879,11.535419858545302,2,11.535419858545302
12,13,nicht,nicht,0,TR-DE,Multilingual,"İşte Türkiye’de resimlere bakıyordum, hätte ich dir schenken können. Ich war ja nicht da, als wir abfuhren. Şey geçenlerde resimlere bakıyorum işte falan, benim oda da böyle, ich hab noch Bilder von meinem Zimmer, duruyorlar orda yatakta. Anneme sordum. Anne, wo sind die überhaupt, sind die überhaupt mal hierher gekommen?",7.186552047729492,10.368003000349765,2,10.368003000349765
12,14,da,"da,",0,TR-DE,Multilingual,"İşte Türkiye’de resimlere bakıyordum, hätte ich dir schenken können. Ich war ja nicht da, als wir abfuhren. Şey geçenlerde resimlere bakıyorum işte falan, benim oda da böyle, ich hab noch Bilder von meinem Zimmer, duruyorlar orda yatakta. Anneme sordum. Anne, wo sind die überhaupt, sind die überhaupt mal hierher gekommen?",8.87266731262207,12.800553131377468,3,12.800553131377468
12,15,als,als,0,TR-DE,Multilingual,"İşte Türkiye’de resimlere bakıyordum, hätte ich dir schenken können. Ich war ja nicht da, als wir abfuhren. Şey geçenlerde resimlere bakıyorum işte falan, benim oda da böyle, ich hab noch Bilder von meinem Zimmer, duruyorlar orda yatakta. Anneme sordum. Anne, wo sind die überhaupt, sind die überhaupt mal hierher gekommen?",8.531330108642578,12.30810763992535,2,12.30810763992535
12,16,wir,wir,0,TR-DE,Multilingual,"İşte Türkiye’de resimlere bakıyordum, hätte ich dir schenken können. Ich war ja nicht da, als wir abfuhren. Şey geçenlerde resimlere bakıyorum işte falan, benim oda da böyle, ich hab noch Bilder von meinem Zimmer, duruyorlar orda yatakta. Anneme sordum. Anne, wo sind die überhaupt, sind die überhaupt mal hierher gekommen?",11.270984649658203,16.26059365999752,2,16.26059365999752
12,17,abfuhren,abfuhren.,0,TR-DE,Multilingual,"İşte Türkiye’de resimlere bakıyordum, hätte ich dir schenken können. Ich war ja nicht da, als wir abfuhren. Şey geçenlerde resimlere bakıyorum işte falan, benim oda da böyle, ich hab noch Bilder von meinem Zimmer, duruyorlar orda yatakta. Anneme sordum. Anne, wo sind die überhaupt, sind die überhaupt mal hierher gekommen?",22.733837127685547,32.79799408448933,5,32.79799408448933
12,18,Şey,Şey,1,TR-DE,Multilingual,"İşte Türkiye’de resimlere bakıyordum, hätte ich dir schenken können. Ich war ja nicht da, als wir abfuhren. Şey geçenlerde resimlere bakıyorum işte falan, benim oda da böyle, ich hab noch Bilder von meinem Zimmer, duruyorlar orda yatakta. Anneme sordum. Anne, wo sind die überhaupt, sind die überhaupt mal hierher gekommen?",22.42867660522461,32.357740512059856,3,32.357740512059856
12,19,geçenlerde,geçenlerde,0,TR-DE,Multilingual,"İşte Türkiye’de resimlere bakıyordum, hätte ich dir schenken können. Ich war ja nicht da, als wir abfuhren. Şey geçenlerde resimlere bakıyorum işte falan, benim oda da böyle, ich hab noch Bilder von meinem Zimmer, duruyorlar orda yatakta. Anneme sordum. Anne, wo sind die überhaupt, sind die überhaupt mal hierher gekommen?",21.148170471191406,30.510360662662254,3,30.510360662662254
12,20,resimlere,resimlere,0,TR-DE,Multilingual,"İşte Türkiye’de resimlere bakıyordum, hätte ich dir schenken können. Ich war ja nicht da, als wir abfuhren. Şey geçenlerde resimlere bakıyorum işte falan, benim oda da böyle, ich hab noch Bilder von meinem Zimmer, duruyorlar orda yatakta. Anneme sordum. Anne, wo sind die überhaupt, sind die überhaupt mal hierher gekommen?",7.543742656707764,10.883320120574824,3,10.883320120574824
12,21,bakıyorum,bakıyorum,0,TR-DE,Multilingual,"İşte Türkiye’de resimlere bakıyordum, hätte ich dir schenken können. Ich war ja nicht da, als wir abfuhren. Şey geçenlerde resimlere bakıyorum işte falan, benim oda da böyle, ich hab noch Bilder von meinem Zimmer, duruyorlar orda yatakta. Anneme sordum. Anne, wo sind die überhaupt, sind die überhaupt mal hierher gekommen?",10.431978225708008,15.050163252890592,3,15.050163252890592
12,22,işte,işte,0,TR-DE,Multilingual,"İşte Türkiye’de resimlere bakıyordum, hätte ich dir schenken können. Ich war ja nicht da, als wir abfuhren. Şey geçenlerde resimlere bakıyorum işte falan, benim oda da böyle, ich hab noch Bilder von meinem Zimmer, duruyorlar orda yatakta. Anneme sordum. Anne, wo sind die überhaupt, sind die überhaupt mal hierher gekommen?",15.647772789001465,22.574964203649678,2,22.574964203649678
12,23,falan,"falan,",0,TR-DE,Multilingual,"İşte Türkiye’de resimlere bakıyordum, hätte ich dir schenken können. Ich war ja nicht da, als wir abfuhren. Şey geçenlerde resimlere bakıyorum işte falan, benim oda da böyle, ich hab noch Bilder von meinem Zimmer, duruyorlar orda yatakta. Anneme sordum. Anne, wo sind die überhaupt, sind die überhaupt mal hierher gekommen?",17.113117218017578,24.689009344585493,3,24.689009344585493
12,24,benim,benim,0,TR-DE,Multilingual,"İşte Türkiye’de resimlere bakıyordum, hätte ich dir schenken können. Ich war ja nicht da, als wir abfuhren. Şey geçenlerde resimlere bakıyorum işte falan, benim oda da böyle, ich hab noch Bilder von meinem Zimmer, duruyorlar orda yatakta. Anneme sordum. Anne, wo sind die überhaupt, sind die überhaupt mal hierher gekommen?",13.877704620361328,20.021295634717145,2,20.021295634717145
12,25,oda,oda,0,TR-DE,Multilingual,"İşte Türkiye’de resimlere bakıyordum, hätte ich dir schenken können. Ich war ja nicht da, als wir abfuhren. Şey geçenlerde resimlere bakıyorum işte falan, benim oda da böyle, ich hab noch Bilder von meinem Zimmer, duruyorlar orda yatakta. Anneme sordum. Anne, wo sind die überhaupt, sind die überhaupt mal hierher gekommen?",11.583104133605957,16.710886891653768,2,16.710886891653768
12,26,da,da,0,TR-DE,Multilingual,"İşte Türkiye’de resimlere bakıyordum, hätte ich dir schenken können. Ich war ja nicht da, als wir abfuhren. Şey geçenlerde resimlere bakıyorum işte falan, benim oda da böyle, ich hab noch Bilder von meinem Zimmer, duruyorlar orda yatakta. Anneme sordum. Anne, wo sind die überhaupt, sind die überhaupt mal hierher gekommen?",6.73431396484375,9.715561360869371,2,9.715561360869371
12,27,böyle,"böyle,",0,TR-DE,Multilingual,"İşte Türkiye’de resimlere bakıyordum, hätte ich dir schenken können. Ich war ja nicht da, als wir abfuhren. Şey geçenlerde resimlere bakıyorum işte falan, benim oda da böyle, ich hab noch Bilder von meinem Zimmer, duruyorlar orda yatakta. Anneme sordum. Anne, wo sind die überhaupt, sind die überhaupt mal hierher gekommen?",11.804767608642578,17.030679687835317,3,17.030679687835317
12,28,ich,ich,1,TR-DE,Multilingual,"İşte Türkiye’de resimlere bakıyordum, hätte ich dir schenken können. Ich war ja nicht da, als wir abfuhren. Şey geçenlerde resimlere bakıyorum işte falan, benim oda da böyle, ich hab noch Bilder von meinem Zimmer, duruyorlar orda yatakta. Anneme sordum. Anne, wo sind die überhaupt, sind die überhaupt mal hierher gekommen?",8.15938949584961,11.77151076234373,2,11.77151076234373
12,29,hab,hab,0,TR-DE,Multilingual,"İşte Türkiye’de resimlere bakıyordum, hätte ich dir schenken können. Ich war ja nicht da, als wir abfuhren. Şey geçenlerde resimlere bakıyorum işte falan, benim oda da böyle, ich hab noch Bilder von meinem Zimmer, duruyorlar orda yatakta. Anneme sordum. Anne, wo sind die überhaupt, sind die überhaupt mal hierher gekommen?",6.734884262084961,9.7163841258711,2,9.7163841258711
12,30,noch,noch,0,TR-DE,Multilingual,"İşte Türkiye’de resimlere bakıyordum, hätte ich dir schenken können. Ich war ja nicht da, als wir abfuhren. Şey geçenlerde resimlere bakıyorum işte falan, benim oda da böyle, ich hab noch Bilder von meinem Zimmer, duruyorlar orda yatakta. Anneme sordum. Anne, wo sind die überhaupt, sind die überhaupt mal hierher gekommen?",8.784042358398438,12.67269434942002,2,12.67269434942002
12,31,Bilder,Bilder,0,TR-DE,Multilingual,"İşte Türkiye’de resimlere bakıyordum, hätte ich dir schenken können. Ich war ja nicht da, als wir abfuhren. Şey geçenlerde resimlere bakıyorum işte falan, benim oda da böyle, ich hab noch Bilder von meinem Zimmer, duruyorlar orda yatakta. Anneme sordum. Anne, wo sind die überhaupt, sind die überhaupt mal hierher gekommen?",5.852323532104492,8.443118137444934,2,8.443118137444934
12,32,von,von,0,TR-DE,Multilingual,"İşte Türkiye’de resimlere bakıyordum, hätte ich dir schenken können. Ich war ja nicht da, als wir abfuhren. Şey geçenlerde resimlere bakıyorum işte falan, benim oda da böyle, ich hab noch Bilder von meinem Zimmer, duruyorlar orda yatakta. Anneme sordum. Anne, wo sind die überhaupt, sind die überhaupt mal hierher gekommen?",6.132161617279053,8.846839155178134,2,8.846839155178134
12,33,meinem,meinem,0,TR-DE,Multilingual,"İşte Türkiye’de resimlere bakıyordum, hätte ich dir schenken können. Ich war ja nicht da, als wir abfuhren. Şey geçenlerde resimlere bakıyorum işte falan, benim oda da böyle, ich hab noch Bilder von meinem Zimmer, duruyorlar orda yatakta. Anneme sordum. Anne, wo sind die überhaupt, sind die überhaupt mal hierher gekommen?",5.274211406707764,7.609078641057295,2,7.609078641057295
12,34,Zimmer,"Zimmer,",0,TR-DE,Multilingual,"İşte Türkiye’de resimlere bakıyordum, hätte ich dir schenken können. Ich war ja nicht da, als wir abfuhren. Şey geçenlerde resimlere bakıyorum işte falan, benim oda da böyle, ich hab noch Bilder von meinem Zimmer, duruyorlar orda yatakta. Anneme sordum. Anne, wo sind die überhaupt, sind die überhaupt mal hierher gekommen?",16.23318862915039,23.41954073309038,3,23.41954073309038
12,35,duruyorlar,duruyorlar,1,TR-DE,Multilingual,"İşte Türkiye’de resimlere bakıyordum, hätte ich dir schenken können. Ich war ja nicht da, als wir abfuhren. Şey geçenlerde resimlere bakıyorum işte falan, benim oda da böyle, ich hab noch Bilder von meinem Zimmer, duruyorlar orda yatakta. Anneme sordum. Anne, wo sind die überhaupt, sind die überhaupt mal hierher gekommen?",25.8331298828125,37.26932837257409,3,37.26932837257409
12,36,orda,orda,0,TR-DE,Multilingual,"İşte Türkiye’de resimlere bakıyordum, hätte ich dir schenken können. Ich war ja nicht da, als wir abfuhren. Şey geçenlerde resimlere bakıyorum işte falan, benim oda da böyle, ich hab noch Bilder von meinem Zimmer, duruyorlar orda yatakta. Anneme sordum. Anne, wo sind die überhaupt, sind die überhaupt mal hierher gekommen?",19.145017623901367,27.62042198373431,3,27.62042198373431
12,37,yatakta,yatakta.,0,TR-DE,Multilingual,"İşte Türkiye’de resimlere bakıyordum, hätte ich dir schenken können. Ich war ja nicht da, als wir abfuhren. Şey geçenlerde resimlere bakıyorum işte falan, benim oda da böyle, ich hab noch Bilder von meinem Zimmer, duruyorlar orda yatakta. Anneme sordum. Anne, wo sind die überhaupt, sind die überhaupt mal hierher gekommen?",21.188289642333984,30.568240391914227,4,30.568240391914227
12,38,Anneme,Anneme,0,TR-DE,Multilingual,"İşte Türkiye’de resimlere bakıyordum, hätte ich dir schenken können. Ich war ja nicht da, als wir abfuhren. Şey geçenlerde resimlere bakıyorum işte falan, benim oda da böyle, ich hab noch Bilder von meinem Zimmer, duruyorlar orda yatakta. Anneme sordum. Anne, wo sind die überhaupt, sind die überhaupt mal hierher gekommen?",18.365434646606445,26.49572148842947,3,26.49572148842947
12,39,sordum,sordum.,0,TR-DE,Multilingual,"İşte Türkiye’de resimlere bakıyordum, hätte ich dir schenken können. Ich war ja nicht da, als wir abfuhren. Şey geçenlerde resimlere bakıyorum işte falan, benim oda da böyle, ich hab noch Bilder von meinem Zimmer, duruyorlar orda yatakta. Anneme sordum. Anne, wo sind die überhaupt, sind die überhaupt mal hierher gekommen?",12.31222152709961,17.762780939472947,4,17.762780939472947
12,40,Anne,"Anne,",0,TR-DE,Multilingual,"İşte Türkiye’de resimlere bakıyordum, hätte ich dir schenken können. Ich war ja nicht da, als wir abfuhren. Şey geçenlerde resimlere bakıyorum işte falan, benim oda da böyle, ich hab noch Bilder von meinem Zimmer, duruyorlar orda yatakta. Anneme sordum. Anne, wo sind die überhaupt, sind die überhaupt mal hierher gekommen?",11.313244819641113,16.32156219765899,3,16.32156219765899
12,41,wo,wo,1,TR-DE,Multilingual,"İşte Türkiye’de resimlere bakıyordum, hätte ich dir schenken können. Ich war ja nicht da, als wir abfuhren. Şey geçenlerde resimlere bakıyorum işte falan, benim oda da böyle, ich hab noch Bilder von meinem Zimmer, duruyorlar orda yatakta. Anneme sordum. Anne, wo sind die überhaupt, sind die überhaupt mal hierher gekommen?",7.595545768737793,10.958056213403163,2,10.958056213403163
12,42,sind,sind,0,TR-DE,Multilingual,"İşte Türkiye’de resimlere bakıyordum, hätte ich dir schenken können. Ich war ja nicht da, als wir abfuhren. Şey geçenlerde resimlere bakıyorum işte falan, benim oda da böyle, ich hab noch Bilder von meinem Zimmer, duruyorlar orda yatakta. Anneme sordum. Anne, wo sind die überhaupt, sind die überhaupt mal hierher gekommen?",3.190492868423462,4.6029082392661325,2,4.6029082392661325
12,43,die,die,0,TR-DE,Multilingual,"İşte Türkiye’de resimlere bakıyordum, hätte ich dir schenken können. Ich war ja nicht da, als wir abfuhren. Şey geçenlerde resimlere bakıyorum işte falan, benim oda da böyle, ich hab noch Bilder von meinem Zimmer, duruyorlar orda yatakta. Anneme sordum. Anne, wo sind die überhaupt, sind die überhaupt mal hierher gekommen?",9.709661483764648,14.008080471337832,2,14.008080471337832
12,44,überhaupt,"überhaupt,",0,TR-DE,Multilingual,"İşte Türkiye’de resimlere bakıyordum, hätte ich dir schenken können. Ich war ja nicht da, als wir abfuhren. Şey geçenlerde resimlere bakıyorum işte falan, benim oda da böyle, ich hab noch Bilder von meinem Zimmer, duruyorlar orda yatakta. Anneme sordum. Anne, wo sind die überhaupt, sind die überhaupt mal hierher gekommen?",16.654685974121094,24.027632862427478,3,24.027632862427478
12,45,sind,sind,0,TR-DE,Multilingual,"İşte Türkiye’de resimlere bakıyordum, hätte ich dir schenken können. Ich war ja nicht da, als wir abfuhren. Şey geçenlerde resimlere bakıyorum işte falan, benim oda da böyle, ich hab noch Bilder von meinem Zimmer, duruyorlar orda yatakta. Anneme sordum. Anne, wo sind die überhaupt, sind die überhaupt mal hierher gekommen?",6.917527198791504,9.979882184911025,2,9.979882184911025
12,46,die,die,0,TR-DE,Multilingual,"İşte Türkiye’de resimlere bakıyordum, hätte ich dir schenken können. Ich war ja nicht da, als wir abfuhren. Şey geçenlerde resimlere bakıyorum işte falan, benim oda da böyle, ich hab noch Bilder von meinem Zimmer, duruyorlar orda yatakta. Anneme sordum. Anne, wo sind die überhaupt, sind die überhaupt mal hierher gekommen?",5.5401811599731445,7.992791885119721,2,7.992791885119721
12,47,überhaupt,überhaupt,0,TR-DE,Multilingual,"İşte Türkiye’de resimlere bakıyordum, hätte ich dir schenken können. Ich war ja nicht da, als wir abfuhren. Şey geçenlerde resimlere bakıyorum işte falan, benim oda da böyle, ich hab noch Bilder von meinem Zimmer, duruyorlar orda yatakta. Anneme sordum. Anne, wo sind die überhaupt, sind die überhaupt mal hierher gekommen?",10.673542022705078,15.398666144876572,2,15.398666144876572
12,48,mal,mal,0,TR-DE,Multilingual,"İşte Türkiye’de resimlere bakıyordum, hätte ich dir schenken können. Ich war ja nicht da, als wir abfuhren. Şey geçenlerde resimlere bakıyorum işte falan, benim oda da böyle, ich hab noch Bilder von meinem Zimmer, duruyorlar orda yatakta. Anneme sordum. Anne, wo sind die überhaupt, sind die überhaupt mal hierher gekommen?",10.479124069213867,15.118180327515022,2,15.118180327515022
12,49,hierher,hierher,0,TR-DE,Multilingual,"İşte Türkiye’de resimlere bakıyordum, hätte ich dir schenken können. Ich war ja nicht da, als wir abfuhren. Şey geçenlerde resimlere bakıyorum işte falan, benim oda da böyle, ich hab noch Bilder von meinem Zimmer, duruyorlar orda yatakta. Anneme sordum. Anne, wo sind die überhaupt, sind die überhaupt mal hierher gekommen?",8.461271286010742,12.20703412394388,3,12.20703412394388
12,50,gekommen,gekommen?,0,TR-DE,Multilingual,"İşte Türkiye’de resimlere bakıyordum, hätte ich dir schenken können. Ich war ja nicht da, als wir abfuhren. Şey geçenlerde resimlere bakıyorum işte falan, benim oda da böyle, ich hab noch Bilder von meinem Zimmer, duruyorlar orda yatakta. Anneme sordum. Anne, wo sind die überhaupt, sind die überhaupt mal hierher gekommen?",3.722954273223877,5.371087667436463,3,5.371087667436463
13,1,Buraya,Buraya,0,TR-DE,Multilingual,"Buraya bir geldim, herkes Spielautomat oynuyor, ben de böyle: Die gewinnen andauernd, ne, meint ich ja, Wenn die gewinnen, ich auch, attım böyle. Nix!",16.47643280029297,23.770467892522923,3,23.770467892522923
13,2,bir,bir,0,TR-DE,Multilingual,"Buraya bir geldim, herkes Spielautomat oynuyor, ben de böyle: Die gewinnen andauernd, ne, meint ich ja, Wenn die gewinnen, ich auch, attım böyle. Nix!",12.80359935760498,18.471689298745822,2,18.471689298745822
13,3,geldim,"geldim,",0,TR-DE,Multilingual,"Buraya bir geldim, herkes Spielautomat oynuyor, ben de böyle: Die gewinnen andauernd, ne, meint ich ja, Wenn die gewinnen, ich auch, attım böyle. Nix!",17.944931030273438,25.889063006469964,4,25.889063006469964
13,4,herkes,herkes,0,TR-DE,Multilingual,"Buraya bir geldim, herkes Spielautomat oynuyor, ben de böyle: Die gewinnen andauernd, ne, meint ich ja, Wenn die gewinnen, ich auch, attım böyle. Nix!",23.74840545654297,34.261706781174944,2,34.261706781174944
13,5,Spielautomat,Spielautomat,1,TR-DE,Multilingual,"Buraya bir geldim, herkes Spielautomat oynuyor, ben de böyle: Die gewinnen andauernd, ne, meint ich ja, Wenn die gewinnen, ich auch, attım böyle. Nix!",31.329965591430664,45.19958598997888,3,45.19958598997888
13,6,oynuyor,"oynuyor,",1,TR-DE,Multilingual,"Buraya bir geldim, herkes Spielautomat oynuyor, ben de böyle: Die gewinnen andauernd, ne, meint ich ja, Wenn die gewinnen, ich auch, attım böyle. Nix!",15.972587585449219,23.04357289969221,5,23.04357289969221
13,7,ben,ben,0,TR-DE,Multilingual,"Buraya bir geldim, herkes Spielautomat oynuyor, ben de böyle: Die gewinnen andauernd, ne, meint ich ja, Wenn die gewinnen, ich auch, attım böyle. Nix!",4.591057300567627,6.623495599965986,2,6.623495599965986
13,8,de,de,0,TR-DE,Multilingual,"Buraya bir geldim, herkes Spielautomat oynuyor, ben de böyle: Die gewinnen andauernd, ne, meint ich ja, Wenn die gewinnen, ich auch, attım böyle. Nix!",7.214442253112793,10.408240061345627,2,10.408240061345627
13,9,böyle,böyle:,0,TR-DE,Multilingual,"Buraya bir geldim, herkes Spielautomat oynuyor, ben de böyle: Die gewinnen andauernd, ne, meint ich ja, Wenn die gewinnen, ich auch, attım böyle. Nix!",22.434064865112305,32.36551412787885,3,32.36551412787885
13,10,Die,Die,1,TR-DE,Multilingual,"Buraya bir geldim, herkes Spielautomat oynuyor, ben de böyle: Die gewinnen andauernd, ne, meint ich ja, Wenn die gewinnen, ich auch, attım böyle. Nix!",19.432817459106445,28.035629378753335,2,28.035629378753335
13,11,gewinnen,gewinnen,0,TR-DE,Multilingual,"Buraya bir geldim, herkes Spielautomat oynuyor, ben de böyle: Die gewinnen andauernd, ne, meint ich ja, Wenn die gewinnen, ich auch, attım böyle. Nix!",19.808025360107422,28.5769399568298,2,28.5769399568298
13,12,andauernd,"andauernd,",0,TR-DE,Multilingual,"Buraya bir geldim, herkes Spielautomat oynuyor, ben de böyle: Die gewinnen andauernd, ne, meint ich ja, Wenn die gewinnen, ich auch, attım böyle. Nix!",24.96340560913086,36.01458147599283,5,36.01458147599283
13,13,ne,"ne,",0,TR-DE,Multilingual,"Buraya bir geldim, herkes Spielautomat oynuyor, ben de böyle: Die gewinnen andauernd, ne, meint ich ja, Wenn die gewinnen, ich auch, attım böyle. Nix!",21.557941436767578,31.10153520259928,3,31.10153520259928
13,14,meint,meint,0,TR-DE,Multilingual,"Buraya bir geldim, herkes Spielautomat oynuyor, ben de böyle: Die gewinnen andauernd, ne, meint ich ja, Wenn die gewinnen, ich auch, attım böyle. Nix!",17.689693450927734,25.520833016499417,3,25.520833016499417
13,15,ich,ich,0,TR-DE,Multilingual,"Buraya bir geldim, herkes Spielautomat oynuyor, ben de böyle: Die gewinnen andauernd, ne, meint ich ja, Wenn die gewinnen, ich auch, attım böyle. Nix!",13.380821228027344,19.30444442869682,2,19.30444442869682
13,16,ja,"ja,",0,TR-DE,Multilingual,"Buraya bir geldim, herkes Spielautomat oynuyor, ben de böyle: Die gewinnen andauernd, ne, meint ich ja, Wenn die gewinnen, ich auch, attım böyle. Nix!",16.189800262451172,23.356944551621144,3,23.356944551621144
13,17,Wenn,Wenn,0,TR-DE,Multilingual,"Buraya bir geldim, herkes Spielautomat oynuyor, ben de böyle: Die gewinnen andauernd, ne, meint ich ja, Wenn die gewinnen, ich auch, attım böyle. Nix!",11.078685760498047,15.983165006237707,2,15.983165006237707
13,18,die,die,0,TR-DE,Multilingual,"Buraya bir geldim, herkes Spielautomat oynuyor, ben de böyle: Die gewinnen andauernd, ne, meint ich ja, Wenn die gewinnen, ich auch, attım böyle. Nix!",10.725645065307617,15.473834946054481,2,15.473834946054481
13,19,gewinnen,"gewinnen,",0,TR-DE,Multilingual,"Buraya bir geldim, herkes Spielautomat oynuyor, ben de böyle: Die gewinnen andauernd, ne, meint ich ja, Wenn die gewinnen, ich auch, attım böyle. Nix!",13.796138763427734,19.90362097741319,3,19.90362097741319
13,20,ich,ich,0,TR-DE,Multilingual,"Buraya bir geldim, herkes Spielautomat oynuyor, ben de böyle: Die gewinnen andauernd, ne, meint ich ja, Wenn die gewinnen, ich auch, attım böyle. Nix!",9.046390533447266,13.051182760549235,2,13.051182760549235
13,21,auch,"auch,",0,TR-DE,Multilingual,"Buraya bir geldim, herkes Spielautomat oynuyor, ben de böyle: Die gewinnen andauernd, ne, meint ich ja, Wenn die gewinnen, ich auch, attım böyle. Nix!",15.453012466430664,22.29398445211485,3,22.29398445211485
13,22,attım,attım,1,TR-DE,Multilingual,"Buraya bir geldim, herkes Spielautomat oynuyor, ben de böyle: Die gewinnen andauernd, ne, meint ich ja, Wenn die gewinnen, ich auch, attım böyle. Nix!",24.10993766784668,34.78328750954442,3,34.78328750954442
13,23,böyle,böyle.,0,TR-DE,Multilingual,"Buraya bir geldim, herkes Spielautomat oynuyor, ben de böyle: Die gewinnen andauernd, ne, meint ich ja, Wenn die gewinnen, ich auch, attım böyle. Nix!",18.806072235107422,27.1314271521891,3,27.1314271521891
13,24,Nix,Nix!,1,TR-DE,Multilingual,"Buraya bir geldim, herkes Spielautomat oynuyor, ben de böyle: Die gewinnen andauernd, ne, meint ich ja, Wenn die gewinnen, ich auch, attım böyle. Nix!",25.64501190185547,36.99793149434533,4,36.99793149434533
14,1,İşte,"İşte,",0,TR-DE,Multilingual,"İşte, dört senem de o kampta geçti benim, Lehrerausbildung yapıyorum ya, da hab ich Kinder kennengelernt, yani wie frech sie sein können!",22.715654373168945,32.77176191471853,3,32.77176191471853
14,2,dört,dört,0,TR-DE,Multilingual,"İşte, dört senem de o kampta geçti benim, Lehrerausbildung yapıyorum ya, da hab ich Kinder kennengelernt, yani wie frech sie sein können!",14.541370391845703,20.9787629520454,2,20.9787629520454
14,3,senem,senem,0,TR-DE,Multilingual,"İşte, dört senem de o kampta geçti benim, Lehrerausbildung yapıyorum ya, da hab ich Kinder kennengelernt, yani wie frech sie sein können!",14.800439834594727,21.352521152345282,3,21.352521152345282
14,4,de,de,0,TR-DE,Multilingual,"İşte, dört senem de o kampta geçti benim, Lehrerausbildung yapıyorum ya, da hab ich Kinder kennengelernt, yani wie frech sie sein können!",8.61533260345459,12.429297622612939,2,12.429297622612939
14,5,o,o,0,TR-DE,Multilingual,"İşte, dört senem de o kampta geçti benim, Lehrerausbildung yapıyorum ya, da hab ich Kinder kennengelernt, yani wie frech sie sein können!",12.243867874145508,17.66416746332942,2,17.66416746332942
14,6,kampta,kampta,0,TR-DE,Multilingual,"İşte, dört senem de o kampta geçti benim, Lehrerausbildung yapıyorum ya, da hab ich Kinder kennengelernt, yani wie frech sie sein können!",11.819958686828613,17.052595781000065,3,17.052595781000065
14,7,geçti,geçti,0,TR-DE,Multilingual,"İşte, dört senem de o kampta geçti benim, Lehrerausbildung yapıyorum ya, da hab ich Kinder kennengelernt, yani wie frech sie sein können!",9.904467582702637,14.289126264210594,2,14.289126264210594
14,8,benim,"benim,",0,TR-DE,Multilingual,"İşte, dört senem de o kampta geçti benim, Lehrerausbildung yapıyorum ya, da hab ich Kinder kennengelernt, yani wie frech sie sein können!",27.979841232299805,40.36637819069947,3,40.36637819069947
14,9,Lehrerausbildung,Lehrerausbildung,1,TR-DE,Multilingual,"İşte, dört senem de o kampta geçti benim, Lehrerausbildung yapıyorum ya, da hab ich Kinder kennengelernt, yani wie frech sie sein können!",35.709022521972656,51.51722970744226,4,51.51722970744226
14,10,yapıyorum,yapıyorum,1,TR-DE,Multilingual,"İşte, dört senem de o kampta geçti benim, Lehrerausbildung yapıyorum ya, da hab ich Kinder kennengelernt, yani wie frech sie sein können!",15.931791305541992,22.984716308983337,3,22.984716308983337
14,11,ya,"ya,",0,TR-DE,Multilingual,"İşte, dört senem de o kampta geçti benim, Lehrerausbildung yapıyorum ya, da hab ich Kinder kennengelernt, yani wie frech sie sein können!",14.895795822143555,21.490090762701048,3,21.490090762701048
14,12,da,da,1,TR-DE,Multilingual,"İşte, dört senem de o kampta geçti benim, Lehrerausbildung yapıyorum ya, da hab ich Kinder kennengelernt, yani wie frech sie sein können!",17.404830932617188,25.10986327399765,2,25.10986327399765
14,13,hab,hab,0,TR-DE,Multilingual,"İşte, dört senem de o kampta geçti benim, Lehrerausbildung yapıyorum ya, da hab ich Kinder kennengelernt, yani wie frech sie sein können!",19.507850646972656,28.143879386790008,2,28.143879386790008
14,14,ich,ich,0,TR-DE,Multilingual,"İşte, dört senem de o kampta geçti benim, Lehrerausbildung yapıyorum ya, da hab ich Kinder kennengelernt, yani wie frech sie sein können!",19.070396423339844,27.512766347739017,2,27.512766347739017
14,15,Kinder,Kinder,0,TR-DE,Multilingual,"İşte, dört senem de o kampta geçti benim, Lehrerausbildung yapıyorum ya, da hab ich Kinder kennengelernt, yani wie frech sie sein können!",14.95589542388916,21.576796160098834,2,21.576796160098834
14,16,kennengelernt,"kennengelernt,",0,TR-DE,Multilingual,"İşte, dört senem de o kampta geçti benim, Lehrerausbildung yapıyorum ya, da hab ich Kinder kennengelernt, yani wie frech sie sein können!",11.332051277160645,16.348694180659106,5,16.348694180659106
14,17,yani,yani,1,TR-DE,Multilingual,"İşte, dört senem de o kampta geçti benim, Lehrerausbildung yapıyorum ya, da hab ich Kinder kennengelernt, yani wie frech sie sein können!",16.87128448486328,24.340118459739166,2,24.340118459739166
14,18,wie,wie,1,TR-DE,Multilingual,"İşte, dört senem de o kampta geçti benim, Lehrerausbildung yapıyorum ya, da hab ich Kinder kennengelernt, yani wie frech sie sein können!",23.591880798339844,34.03588943300845,2,34.03588943300845
14,19,frech,frech,0,TR-DE,Multilingual,"İşte, dört senem de o kampta geçti benim, Lehrerausbildung yapıyorum ya, da hab ich Kinder kennengelernt, yani wie frech sie sein können!",15.056941986083984,21.722575534276185,3,21.722575534276185
14,20,sie,sie,0,TR-DE,Multilingual,"İşte, dört senem de o kampta geçti benim, Lehrerausbildung yapıyorum ya, da hab ich Kinder kennengelernt, yani wie frech sie sein können!",7.388352394104004,10.659139359313947,2,10.659139359313947
14,21,sein,sein,0,TR-DE,Multilingual,"İşte, dört senem de o kampta geçti benim, Lehrerausbildung yapıyorum ya, da hab ich Kinder kennengelernt, yani wie frech sie sein können!",5.104874134063721,7.364776597576071,2,7.364776597576071
14,22,können,können!,0,TR-DE,Multilingual,"İşte, dört senem de o kampta geçti benim, Lehrerausbildung yapıyorum ya, da hab ich Kinder kennengelernt, yani wie frech sie sein können!",4.665371894836426,6.730708896583258,3,6.730708896583258
15,1,Ich,Ich,0,DE-TR,Multilingual,"Ich kam mir auch bisschen doof vor, yalnız, weißt du?",15.230192184448242,21.972522736289328,2,21.972522736289328
15,2,kam,kam,0,DE-TR,Multilingual,"Ich kam mir auch bisschen doof vor, yalnız, weißt du?",10.518868446350098,15.175519343312681,2,15.175519343312681
15,3,mir,mir,0,DE-TR,Multilingual,"Ich kam mir auch bisschen doof vor, yalnız, weißt du?",7.524168968200684,10.855081257233754,2,10.855081257233754
15,4,auch,auch,0,DE-TR,Multilingual,"Ich kam mir auch bisschen doof vor, yalnız, weißt du?",11.832733154296875,17.071025441866524,2,17.071025441866524
15,5,bisschen,bisschen,0,DE-TR,Multilingual,"Ich kam mir auch bisschen doof vor, yalnız, weißt du?",14.019948959350586,20.226510837171475,2,20.226510837171475
15,6,doof,doof,0,DE-TR,Multilingual,"Ich kam mir auch bisschen doof vor, yalnız, weißt du?",6.726968288421631,9.704963789923205,3,9.704963789923205
15,7,vor,"vor,",0,DE-TR,Multilingual,"Ich kam mir auch bisschen doof vor, yalnız, weißt du?",27.777088165283203,40.07386734638959,3,40.07386734638959
15,8,yalnız,"yalnız,",1,DE-TR,Multilingual,"Ich kam mir auch bisschen doof vor, yalnız, weißt du?",36.28873062133789,52.353571707559645,3,52.353571707559645
15,9,weißt,weißt,0,DE-TR,Multilingual,"Ich kam mir auch bisschen doof vor, yalnız, weißt du?",8.733940124511719,12.600412105054193,3,12.600412105054193
15,10,du,du?,0,DE-TR,Multilingual,"Ich kam mir auch bisschen doof vor, yalnız, weißt du?",4.523104667663574,6.525460673459961,3,6.525460673459961
16,1,Wieviel,Wieviel,0,DE-TR,Multilingual,"Wieviel Personen in den Szenen auftreten, was für özellikler die haben.",19.43248748779297,28.03515333077575,3,28.03515333077575
16,2,Personen,Personen,0,DE-TR,Multilingual,"Wieviel Personen in den Szenen auftreten, was für özellikler die haben.",11.051069259643555,15.943322817408225,2,15.943322817408225
16,3,in,in,0,DE-TR,Multilingual,"Wieviel Personen in den Szenen auftreten, was für özellikler die haben.",7.679530143737793,11.079220054727823,2,11.079220054727823
16,4,den,den,0,DE-TR,Multilingual,"Wieviel Personen in den Szenen auftreten, was für özellikler die haben.",13.964192390441895,20.146071111709922,2,20.146071111709922
16,5,Szenen,Szenen,0,DE-TR,Multilingual,"Wieviel Personen in den Szenen auftreten, was für özellikler die haben.",16.964447021484375,24.474523589319055,3,24.474523589319055
16,6,auftreten,"auftreten,",0,DE-TR,Multilingual,"Wieviel Personen in den Szenen auftreten, was für özellikler die haben.",13.713882446289062,19.78495019659544,3,19.78495019659544
16,7,was,was,0,DE-TR,Multilingual,"Wieviel Personen in den Szenen auftreten, was für özellikler die haben.",7.682940483093262,11.084140134403706,2,11.084140134403706
16,8,für,für,0,DE-TR,Multilingual,"Wieviel Personen in den Szenen auftreten, was für özellikler die haben.",24.872854232788086,35.88394345439743,2,35.88394345439743
16,9,özellikler,özellikler,1,DE-TR,Multilingual,"Wieviel Personen in den Szenen auftreten, was für özellikler die haben.",28.153953552246094,40.61756917124366,2,40.61756917124366
16,10,die,die,1,DE-TR,Multilingual,"Wieviel Personen in den Szenen auftreten, was für özellikler die haben.",10.064037322998047,14.519336737210722,2,14.519336737210722
16,11,haben,haben.,0,DE-TR,Multilingual,"Wieviel Personen in den Szenen auftreten, was für özellikler die haben.",8.16737174987793,11.783026720645505,3,11.783026720645505
17,1,Aber,Aber,0,DE-TR,Multilingual,"Aber wir wollen ihnen ein özet geben, damit sie anhand dieses özets die Dialoge ausarbeiten.",13.66084098815918,19.708427547989935,2,19.708427547989935
17,2,wir,wir,0,DE-TR,Multilingual,"Aber wir wollen ihnen ein özet geben, damit sie anhand dieses özets die Dialoge ausarbeiten.",7.678022384643555,11.07704481815971,2,11.07704481815971
17,3,wollen,wollen,0,DE-TR,Multilingual,"Aber wir wollen ihnen ein özet geben, damit sie anhand dieses özets die Dialoge ausarbeiten.",10.435136795043945,15.054720105207851,2,15.054720105207851
17,4,ihnen,ihnen,0,DE-TR,Multilingual,"Aber wir wollen ihnen ein özet geben, damit sie anhand dieses özets die Dialoge ausarbeiten.",11.128121376037598,16.05448552361991,2,16.05448552361991
17,5,ein,ein,0,DE-TR,Multilingual,"Aber wir wollen ihnen ein özet geben, damit sie anhand dieses özets die Dialoge ausarbeiten.",22.83673858642578,32.94644950871411,2,32.94644950871411
17,6,özet,özet,1,DE-TR,Multilingual,"Aber wir wollen ihnen ein özet geben, damit sie anhand dieses özets die Dialoge ausarbeiten.",23.46345329284668,33.850607707719725,3,33.850607707719725
17,7,geben,"geben,",1,DE-TR,Multilingual,"Aber wir wollen ihnen ein özet geben, damit sie anhand dieses özets die Dialoge ausarbeiten.",6.906718730926514,9.964288861922597,3,9.964288861922597
17,8,damit,damit,0,DE-TR,Multilingual,"Aber wir wollen ihnen ein özet geben, damit sie anhand dieses özets die Dialoge ausarbeiten.",3.657024621963501,5.2759712865155795,2,5.2759712865155795
17,9,sie,sie,0,DE-TR,Multilingual,"Aber wir wollen ihnen ein özet geben, damit sie anhand dieses özets die Dialoge ausarbeiten.",6.430662155151367,9.277484400869211,2,9.277484400869211
17,10,anhand,anhand,0,DE-TR,Multilingual,"Aber wir wollen ihnen ein özet geben, damit sie anhand dieses özets die Dialoge ausarbeiten.",12.346450805664062,17.812163349911092,3,17.812163349911092
17,11,dieses,dieses,0,DE-TR,Multilingual,"Aber wir wollen ihnen ein özet geben, damit sie anhand dieses özets die Dialoge ausarbeiten.",9.199331283569336,13.271829622300183,2,13.271829622300183
17,12,özets,özets,1,DE-TR,Multilingual,"Aber wir wollen ihnen ein özet geben, damit sie anhand dieses özets die Dialoge ausarbeiten.",11.728641510009766,16.920852942855532,3,16.920852942855532
17,13,die,die,1,DE-TR,Multilingual,"Aber wir wollen ihnen ein özet geben, damit sie anhand dieses özets die Dialoge ausarbeiten.",18.53355598449707,26.738269308871896,2,26.738269308871896
17,14,Dialoge,Dialoge,0,DE-TR,Multilingual,"Aber wir wollen ihnen ein özet geben, damit sie anhand dieses özets die Dialoge ausarbeiten.",20.888263702392578,30.135394456222713,3,30.135394456222713
17,15,ausarbeiten,ausarbeiten.,0,DE-TR,Multilingual,"Aber wir wollen ihnen ein özet geben, damit sie anhand dieses özets die Dialoge ausarbeiten.",13.829612731933594,19.951913705775464,4,19.951913705775464
18,1,Ich,Ich,0,DE-TR,Multilingual,"Ich mach das immer, ich geh immer hin, weißt du. Ich hasse das, çünkü bir arkadaş var, kızıyla olunca hiç gelmiyor, selam vermiyor, böyle yapıyor tek, ich mag so was nicht, was soll das Alter, so entweder sieht sie das ein, oder soll gar nicht mit mir in der Stadt rumgehen, değil mi? Yani ama sonuçta sen onunla Stadtta dolaşıyorsun.",14.833891868591309,21.4007822358998,2,21.4007822358998
18,2,mach,mach,0,DE-TR,Multilingual,"Ich mach das immer, ich geh immer hin, weißt du. Ich hasse das, çünkü bir arkadaş var, kızıyla olunca hiç gelmiyor, selam vermiyor, böyle yapıyor tek, ich mag so was nicht, was soll das Alter, so entweder sieht sie das ein, oder soll gar nicht mit mir in der Stadt rumgehen, değil mi? Yani ama sonuçta sen onunla Stadtta dolaşıyorsun.",9.11984920501709,13.157161221733311,2,13.157161221733311
18,3,das,das,0,DE-TR,Multilingual,"Ich mach das immer, ich geh immer hin, weißt du. Ich hasse das, çünkü bir arkadaş var, kızıyla olunca hiç gelmiyor, selam vermiyor, böyle yapıyor tek, ich mag so was nicht, was soll das Alter, so entweder sieht sie das ein, oder soll gar nicht mit mir in der Stadt rumgehen, değil mi? Yani ama sonuçta sen onunla Stadtta dolaşıyorsun.",6.507589340209961,9.388466869262793,2,9.388466869262793
18,4,immer,"immer,",0,DE-TR,Multilingual,"Ich mach das immer, ich geh immer hin, weißt du. Ich hasse das, çünkü bir arkadaş var, kızıyla olunca hiç gelmiyor, selam vermiyor, böyle yapıyor tek, ich mag so was nicht, was soll das Alter, so entweder sieht sie das ein, oder soll gar nicht mit mir in der Stadt rumgehen, değil mi? Yani ama sonuçta sen onunla Stadtta dolaşıyorsun.",10.824405670166016,15.616316380918887,3,15.616316380918887
18,5,ich,ich,0,DE-TR,Multilingual,"Ich mach das immer, ich geh immer hin, weißt du. Ich hasse das, çünkü bir arkadaş var, kızıyla olunca hiç gelmiyor, selam vermiyor, böyle yapıyor tek, ich mag so was nicht, was soll das Alter, so entweder sieht sie das ein, oder soll gar nicht mit mir in der Stadt rumgehen, değil mi? Yani ama sonuçta sen onunla Stadtta dolaşıyorsun.",9.057441711425781,13.06712624021482,2,13.06712624021482
18,6,geh,geh,0,DE-TR,Multilingual,"Ich mach das immer, ich geh immer hin, weißt du. Ich hasse das, çünkü bir arkadaş var, kızıyla olunca hiç gelmiyor, selam vermiyor, böyle yapıyor tek, ich mag so was nicht, was soll das Alter, so entweder sieht sie das ein, oder soll gar nicht mit mir in der Stadt rumgehen, değil mi? Yani ama sonuçta sen onunla Stadtta dolaşıyorsun.",8.720468521118164,12.580976689645489,2,12.580976689645489
18,7,immer,immer,0,DE-TR,Multilingual,"Ich mach das immer, ich geh immer hin, weißt du. Ich hasse das, çünkü bir arkadaş var, kızıyla olunca hiç gelmiyor, selam vermiyor, böyle yapıyor tek, ich mag so was nicht, was soll das Alter, so entweder sieht sie das ein, oder soll gar nicht mit mir in der Stadt rumgehen, değil mi? Yani ama sonuçta sen onunla Stadtta dolaşıyorsun.",7.411290645599365,10.692232260992968,2,10.692232260992968
18,8,hin,"hin,",0,DE-TR,Multilingual,"Ich mach das immer, ich geh immer hin, weißt du. Ich hasse das, çünkü bir arkadaş var, kızıyla olunca hiç gelmiyor, selam vermiyor, böyle yapıyor tek, ich mag so was nicht, was soll das Alter, so entweder sieht sie das ein, oder soll gar nicht mit mir in der Stadt rumgehen, değil mi? Yani ama sonuçta sen onunla Stadtta dolaşıyorsun.",12.13922119140625,17.51319421309601,3,17.51319421309601
18,9,weißt,weißt,0,DE-TR,Multilingual,"Ich mach das immer, ich geh immer hin, weißt du. Ich hasse das, çünkü bir arkadaş var, kızıyla olunca hiç gelmiyor, selam vermiyor, böyle yapıyor tek, ich mag so was nicht, was soll das Alter, so entweder sieht sie das ein, oder soll gar nicht mit mir in der Stadt rumgehen, değil mi? Yani ama sonuçta sen onunla Stadtta dolaşıyorsun.",10.351001739501953,14.933338877812503,3,14.933338877812503
18,10,du,du.,0,DE-TR,Multilingual,"Ich mach das immer, ich geh immer hin, weißt du. Ich hasse das, çünkü bir arkadaş var, kızıyla olunca hiç gelmiyor, selam vermiyor, böyle yapıyor tek, ich mag so was nicht, was soll das Alter, so entweder sieht sie das ein, oder soll gar nicht mit mir in der Stadt rumgehen, değil mi? Yani ama sonuçta sen onunla Stadtta dolaşıyorsun.",4.553246021270752,6.568945454834718,3,6.568945454834718
18,11,Ich,Ich,0,DE-TR,Multilingual,"Ich mach das immer, ich geh immer hin, weißt du. Ich hasse das, çünkü bir arkadaş var, kızıyla olunca hiç gelmiyor, selam vermiyor, böyle yapıyor tek, ich mag so was nicht, was soll das Alter, so entweder sieht sie das ein, oder soll gar nicht mit mir in der Stadt rumgehen, değil mi? Yani ama sonuçta sen onunla Stadtta dolaşıyorsun.",8.35693359375,12.056506652741508,2,12.056506652741508
18,12,hasse,hasse,0,DE-TR,Multilingual,"Ich mach das immer, ich geh immer hin, weißt du. Ich hasse das, çünkü bir arkadaş var, kızıyla olunca hiç gelmiyor, selam vermiyor, böyle yapıyor tek, ich mag so was nicht, was soll das Alter, so entweder sieht sie das ein, oder soll gar nicht mit mir in der Stadt rumgehen, değil mi? Yani ama sonuçta sen onunla Stadtta dolaşıyorsun.",8.443998336791992,12.182114525764463,3,12.182114525764463
18,13,das,"das,",0,DE-TR,Multilingual,"Ich mach das immer, ich geh immer hin, weißt du. Ich hasse das, çünkü bir arkadaş var, kızıyla olunca hiç gelmiyor, selam vermiyor, böyle yapıyor tek, ich mag so was nicht, was soll das Alter, so entweder sieht sie das ein, oder soll gar nicht mit mir in der Stadt rumgehen, değil mi? Yani ama sonuçta sen onunla Stadtta dolaşıyorsun.",24.93317985534668,35.97097493090126,3,35.97097493090126
18,14,çünkü,çünkü,1,DE-TR,Multilingual,"Ich mach das immer, ich geh immer hin, weißt du. Ich hasse das, çünkü bir arkadaş var, kızıyla olunca hiç gelmiyor, selam vermiyor, böyle yapıyor tek, ich mag so was nicht, was soll das Alter, so entweder sieht sie das ein, oder soll gar nicht mit mir in der Stadt rumgehen, değil mi? Yani ama sonuçta sen onunla Stadtta dolaşıyorsun.",26.01567268371582,37.53268196618728,2,37.53268196618728
18,15,bir,bir,0,DE-TR,Multilingual,"Ich mach das immer, ich geh immer hin, weißt du. Ich hasse das, çünkü bir arkadaş var, kızıyla olunca hiç gelmiyor, selam vermiyor, böyle yapıyor tek, ich mag so was nicht, was soll das Alter, so entweder sieht sie das ein, oder soll gar nicht mit mir in der Stadt rumgehen, değil mi? Yani ama sonuçta sen onunla Stadtta dolaşıyorsun.",10.538383483886719,15.203673591189526,2,15.203673591189526
18,16,arkadaş,arkadaş,0,DE-TR,Multilingual,"Ich mach das immer, ich geh immer hin, weißt du. Ich hasse das, çünkü bir arkadaş var, kızıyla olunca hiç gelmiyor, selam vermiyor, böyle yapıyor tek, ich mag so was nicht, was soll das Alter, so entweder sieht sie das ein, oder soll gar nicht mit mir in der Stadt rumgehen, değil mi? Yani ama sonuçta sen onunla Stadtta dolaşıyorsun.",11.547229766845703,16.659131120633717,2,16.659131120633717
18,17,var,"var,",0,DE-TR,Multilingual,"Ich mach das immer, ich geh immer hin, weißt du. Ich hasse das, çünkü bir arkadaş var, kızıyla olunca hiç gelmiyor, selam vermiyor, böyle yapıyor tek, ich mag so was nicht, was soll das Alter, so entweder sieht sie das ein, oder soll gar nicht mit mir in der Stadt rumgehen, değil mi? Yani ama sonuçta sen onunla Stadtta dolaşıyorsun.",14.056631088256836,20.279431962633772,3,20.279431962633772
18,18,kızıyla,kızıyla,0,DE-TR,Multilingual,"Ich mach das immer, ich geh immer hin, weißt du. Ich hasse das, çünkü bir arkadaş var, kızıyla olunca hiç gelmiyor, selam vermiyor, böyle yapıyor tek, ich mag so was nicht, was soll das Alter, so entweder sieht sie das ein, oder soll gar nicht mit mir in der Stadt rumgehen, değil mi? Yani ama sonuçta sen onunla Stadtta dolaşıyorsun.",22.536579132080078,32.513410952453626,3,32.513410952453626
18,19,olunca,olunca,0,DE-TR,Multilingual,"Ich mach das immer, ich geh immer hin, weißt du. Ich hasse das, çünkü bir arkadaş var, kızıyla olunca hiç gelmiyor, selam vermiyor, böyle yapıyor tek, ich mag so was nicht, was soll das Alter, so entweder sieht sie das ein, oder soll gar nicht mit mir in der Stadt rumgehen, değil mi? Yani ama sonuçta sen onunla Stadtta dolaşıyorsun.",16.23487091064453,23.421967752259356,3,23.421967752259356
18,20,hiç,hiç,0,DE-TR,Multilingual,"Ich mach das immer, ich geh immer hin, weißt du. Ich hasse das, çünkü bir arkadaş var, kızıyla olunca hiç gelmiyor, selam vermiyor, böyle yapıyor tek, ich mag so was nicht, was soll das Alter, so entweder sieht sie das ein, oder soll gar nicht mit mir in der Stadt rumgehen, değil mi? Yani ama sonuçta sen onunla Stadtta dolaşıyorsun.",10.633885383605957,15.341453708309947,2,15.341453708309947
18,21,gelmiyor,"gelmiyor,",0,DE-TR,Multilingual,"Ich mach das immer, ich geh immer hin, weißt du. Ich hasse das, çünkü bir arkadaş var, kızıyla olunca hiç gelmiyor, selam vermiyor, böyle yapıyor tek, ich mag so was nicht, was soll das Alter, so entweder sieht sie das ein, oder soll gar nicht mit mir in der Stadt rumgehen, değil mi? Yani ama sonuçta sen onunla Stadtta dolaşıyorsun.",17.805238723754883,25.687529608605306,4,25.687529608605306
18,22,selam,selam,0,DE-TR,Multilingual,"Ich mach das immer, ich geh immer hin, weißt du. Ich hasse das, çünkü bir arkadaş var, kızıyla olunca hiç gelmiyor, selam vermiyor, böyle yapıyor tek, ich mag so was nicht, was soll das Alter, so entweder sieht sie das ein, oder soll gar nicht mit mir in der Stadt rumgehen, değil mi? Yani ama sonuçta sen onunla Stadtta dolaşıyorsun.",10.855298042297363,15.66088465299408,2,15.66088465299408
18,23,vermiyor,"vermiyor,",0,DE-TR,Multilingual,"Ich mach das immer, ich geh immer hin, weißt du. Ich hasse das, çünkü bir arkadaş var, kızıyla olunca hiç gelmiyor, selam vermiyor, böyle yapıyor tek, ich mag so was nicht, was soll das Alter, so entweder sieht sie das ein, oder soll gar nicht mit mir in der Stadt rumgehen, değil mi? Yani ama sonuçta sen onunla Stadtta dolaşıyorsun.",7.941807746887207,11.457606652127726,4,11.457606652127726
18,24,böyle,böyle,0,DE-TR,Multilingual,"Ich mach das immer, ich geh immer hin, weißt du. Ich hasse das, çünkü bir arkadaş var, kızıyla olunca hiç gelmiyor, selam vermiyor, böyle yapıyor tek, ich mag so was nicht, was soll das Alter, so entweder sieht sie das ein, oder soll gar nicht mit mir in der Stadt rumgehen, değil mi? Yani ama sonuçta sen onunla Stadtta dolaşıyorsun.",10.43328857421875,15.052053686188875,2,15.052053686188875
18,25,yapıyor,yapıyor,0,DE-TR,Multilingual,"Ich mach das immer, ich geh immer hin, weißt du. Ich hasse das, çünkü bir arkadaş var, kızıyla olunca hiç gelmiyor, selam vermiyor, böyle yapıyor tek, ich mag so was nicht, was soll das Alter, so entweder sieht sie das ein, oder soll gar nicht mit mir in der Stadt rumgehen, değil mi? Yani ama sonuçta sen onunla Stadtta dolaşıyorsun.",15.732060432434082,22.696565568838132,2,22.696565568838132
18,26,tek,"tek,",0,DE-TR,Multilingual,"Ich mach das immer, ich geh immer hin, weißt du. Ich hasse das, çünkü bir arkadaş var, kızıyla olunca hiç gelmiyor, selam vermiyor, böyle yapıyor tek, ich mag so was nicht, was soll das Alter, so entweder sieht sie das ein, oder soll gar nicht mit mir in der Stadt rumgehen, değil mi? Yani ama sonuçta sen onunla Stadtta dolaşıyorsun.",23.888397216796875,34.46367219945857,3,34.46367219945857
18,27,ich,ich,1,DE-TR,Multilingual,"Ich mach das immer, ich geh immer hin, weißt du. Ich hasse das, çünkü bir arkadaş var, kızıyla olunca hiç gelmiyor, selam vermiyor, böyle yapıyor tek, ich mag so was nicht, was soll das Alter, so entweder sieht sie das ein, oder soll gar nicht mit mir in der Stadt rumgehen, değil mi? Yani ama sonuçta sen onunla Stadtta dolaşıyorsun.",13.349397659301758,19.259109801929384,2,19.259109801929384
18,28,mag,mag,0,DE-TR,Multilingual,"Ich mach das immer, ich geh immer hin, weißt du. Ich hasse das, çünkü bir arkadaş var, kızıyla olunca hiç gelmiyor, selam vermiyor, böyle yapıyor tek, ich mag so was nicht, was soll das Alter, so entweder sieht sie das ein, oder soll gar nicht mit mir in der Stadt rumgehen, değil mi? Yani ama sonuçta sen onunla Stadtta dolaşıyorsun.",10.496122360229492,15.142703677666852,2,15.142703677666852
18,29,so,so,0,DE-TR,Multilingual,"Ich mach das immer, ich geh immer hin, weißt du. Ich hasse das, çünkü bir arkadaş var, kızıyla olunca hiç gelmiyor, selam vermiyor, böyle yapıyor tek, ich mag so was nicht, was soll das Alter, so entweder sieht sie das ein, oder soll gar nicht mit mir in der Stadt rumgehen, değil mi? Yani ama sonuçta sen onunla Stadtta dolaşıyorsun.",9.602195739746094,13.85304017537682,2,13.85304017537682
18,30,was,was,0,DE-TR,Multilingual,"Ich mach das immer, ich geh immer hin, weißt du. Ich hasse das, çünkü bir arkadaş var, kızıyla olunca hiç gelmiyor, selam vermiyor, böyle yapıyor tek, ich mag so was nicht, was soll das Alter, so entweder sieht sie das ein, oder soll gar nicht mit mir in der Stadt rumgehen, değil mi? Yani ama sonuçta sen onunla Stadtta dolaşıyorsun.",7.019891738891602,10.127562999276316,2,10.127562999276316
18,31,nicht,"nicht,",0,DE-TR,Multilingual,"Ich mach das immer, ich geh immer hin, weißt du. Ich hasse das, çünkü bir arkadaş var, kızıyla olunca hiç gelmiyor, selam vermiyor, böyle yapıyor tek, ich mag so was nicht, was soll das Alter, so entweder sieht sie das ein, oder soll gar nicht mit mir in der Stadt rumgehen, değil mi? Yani ama sonuçta sen onunla Stadtta dolaşıyorsun.",10.258244514465332,14.799518489245548,3,14.799518489245548
18,32,was,was,0,DE-TR,Multilingual,"Ich mach das immer, ich geh immer hin, weißt du. Ich hasse das, çünkü bir arkadaş var, kızıyla olunca hiç gelmiyor, selam vermiyor, böyle yapıyor tek, ich mag so was nicht, was soll das Alter, so entweder sieht sie das ein, oder soll gar nicht mit mir in der Stadt rumgehen, değil mi? Yani ama sonuçta sen onunla Stadtta dolaşıyorsun.",9.789436340332031,14.123171261295225,2,14.123171261295225
18,33,soll,soll,0,DE-TR,Multilingual,"Ich mach das immer, ich geh immer hin, weißt du. Ich hasse das, çünkü bir arkadaş var, kızıyla olunca hiç gelmiyor, selam vermiyor, böyle yapıyor tek, ich mag so was nicht, was soll das Alter, so entweder sieht sie das ein, oder soll gar nicht mit mir in der Stadt rumgehen, değil mi? Yani ama sonuçta sen onunla Stadtta dolaşıyorsun.",5.577036380767822,8.04596272939107,2,8.04596272939107
18,34,das,das,0,DE-TR,Multilingual,"Ich mach das immer, ich geh immer hin, weißt du. Ich hasse das, çünkü bir arkadaş var, kızıyla olunca hiç gelmiyor, selam vermiyor, böyle yapıyor tek, ich mag so was nicht, was soll das Alter, so entweder sieht sie das ein, oder soll gar nicht mit mir in der Stadt rumgehen, değil mi? Yani ama sonuçta sen onunla Stadtta dolaşıyorsun.",14.423518180847168,20.808738151680014,2,20.808738151680014
18,35,Alter,"Alter,",0,DE-TR,Multilingual,"Ich mach das immer, ich geh immer hin, weißt du. Ich hasse das, çünkü bir arkadaş var, kızıyla olunca hiç gelmiyor, selam vermiyor, böyle yapıyor tek, ich mag so was nicht, was soll das Alter, so entweder sieht sie das ein, oder soll gar nicht mit mir in der Stadt rumgehen, değil mi? Yani ama sonuçta sen onunla Stadtta dolaşıyorsun.",18.39609718322754,26.5399581779538,3,26.5399581779538
18,36,so,so,0,DE-TR,Multilingual,"Ich mach das immer, ich geh immer hin, weißt du. Ich hasse das, çünkü bir arkadaş var, kızıyla olunca hiç gelmiyor, selam vermiyor, böyle yapıyor tek, ich mag so was nicht, was soll das Alter, so entweder sieht sie das ein, oder soll gar nicht mit mir in der Stadt rumgehen, değil mi? Yani ama sonuçta sen onunla Stadtta dolaşıyorsun.",15.825393676757812,22.831216977574055,2,22.831216977574055
18,37,entweder,entweder,0,DE-TR,Multilingual,"Ich mach das immer, ich geh immer hin, weißt du. Ich hasse das, çünkü bir arkadaş var, kızıyla olunca hiç gelmiyor, selam vermiyor, böyle yapıyor tek, ich mag so was nicht, was soll das Alter, so entweder sieht sie das ein, oder soll gar nicht mit mir in der Stadt rumgehen, değil mi? Yani ama sonuçta sen onunla Stadtta dolaşıyorsun.",20.023380279541016,28.88763143112769,2,28.88763143112769
18,38,sieht,sieht,0,DE-TR,Multilingual,"Ich mach das immer, ich geh immer hin, weißt du. Ich hasse das, çünkü bir arkadaş var, kızıyla olunca hiç gelmiyor, selam vermiyor, böyle yapıyor tek, ich mag so was nicht, was soll das Alter, so entweder sieht sie das ein, oder soll gar nicht mit mir in der Stadt rumgehen, değil mi? Yani ama sonuçta sen onunla Stadtta dolaşıyorsun.",12.447052955627441,17.957301572766024,2,17.957301572766024
18,39,sie,sie,0,DE-TR,Multilingual,"Ich mach das immer, ich geh immer hin, weißt du. Ich hasse das, çünkü bir arkadaş var, kızıyla olunca hiç gelmiyor, selam vermiyor, böyle yapıyor tek, ich mag so was nicht, was soll das Alter, so entweder sieht sie das ein, oder soll gar nicht mit mir in der Stadt rumgehen, değil mi? Yani ama sonuçta sen onunla Stadtta dolaşıyorsun.",7.667021751403809,11.06117425913809,2,11.06117425913809
18,40,das,das,0,DE-TR,Multilingual,"Ich mach das immer, ich geh immer hin, weißt du. Ich hasse das, çünkü bir arkadaş var, kızıyla olunca hiç gelmiyor, selam vermiyor, böyle yapıyor tek, ich mag so was nicht, was soll das Alter, so entweder sieht sie das ein, oder soll gar nicht mit mir in der Stadt rumgehen, değil mi? Yani ama sonuçta sen onunla Stadtta dolaşıyorsun.",9.64484977722168,13.91457694371674,2,13.91457694371674
18,41,ein,"ein,",0,DE-TR,Multilingual,"Ich mach das immer, ich geh immer hin, weißt du. Ich hasse das, çünkü bir arkadaş var, kızıyla olunca hiç gelmiyor, selam vermiyor, böyle yapıyor tek, ich mag so was nicht, was soll das Alter, so entweder sieht sie das ein, oder soll gar nicht mit mir in der Stadt rumgehen, değil mi? Yani ama sonuçta sen onunla Stadtta dolaşıyorsun.",8.834687232971191,12.745759458812577,3,12.745759458812577
18,42,oder,oder,0,DE-TR,Multilingual,"Ich mach das immer, ich geh immer hin, weißt du. Ich hasse das, çünkü bir arkadaş var, kızıyla olunca hiç gelmiyor, selam vermiyor, böyle yapıyor tek, ich mag so was nicht, was soll das Alter, so entweder sieht sie das ein, oder soll gar nicht mit mir in der Stadt rumgehen, değil mi? Yani ama sonuçta sen onunla Stadtta dolaşıyorsun.",7.748476982116699,11.178689316542043,2,11.178689316542043
18,43,soll,soll,0,DE-TR,Multilingual,"Ich mach das immer, ich geh immer hin, weißt du. Ich hasse das, çünkü bir arkadaş var, kızıyla olunca hiç gelmiyor, selam vermiyor, böyle yapıyor tek, ich mag so was nicht, was soll das Alter, so entweder sieht sie das ein, oder soll gar nicht mit mir in der Stadt rumgehen, değil mi? Yani ama sonuçta sen onunla Stadtta dolaşıyorsun.",15.397104263305664,22.2133259647214,2,22.2133259647214
18,44,gar,gar,0,DE-TR,Multilingual,"Ich mach das immer, ich geh immer hin, weißt du. Ich hasse das, çünkü bir arkadaş var, kızıyla olunca hiç gelmiyor, selam vermiyor, böyle yapıyor tek, ich mag so was nicht, was soll das Alter, so entweder sieht sie das ein, oder soll gar nicht mit mir in der Stadt rumgehen, değil mi? Yani ama sonuçta sen onunla Stadtta dolaşıyorsun.",9.64177417755127,13.91013979132448,2,13.91013979132448
18,45,nicht,nicht,0,DE-TR,Multilingual,"Ich mach das immer, ich geh immer hin, weißt du. Ich hasse das, çünkü bir arkadaş var, kızıyla olunca hiç gelmiyor, selam vermiyor, böyle yapıyor tek, ich mag so was nicht, was soll das Alter, so entweder sieht sie das ein, oder soll gar nicht mit mir in der Stadt rumgehen, değil mi? Yani ama sonuçta sen onunla Stadtta dolaşıyorsun.",4.960474491119385,7.156451948794141,2,7.156451948794141
18,46,mit,mit,0,DE-TR,Multilingual,"Ich mach das immer, ich geh immer hin, weißt du. Ich hasse das, çünkü bir arkadaş var, kızıyla olunca hiç gelmiyor, selam vermiyor, böyle yapıyor tek, ich mag so was nicht, was soll das Alter, so entweder sieht sie das ein, oder soll gar nicht mit mir in der Stadt rumgehen, değil mi? Yani ama sonuçta sen onunla Stadtta dolaşıyorsun.",5.112316608428955,7.375513818434738,2,7.375513818434738
18,47,mir,mir,0,DE-TR,Multilingual,"Ich mach das immer, ich geh immer hin, weißt du. Ich hasse das, çünkü bir arkadaş var, kızıyla olunca hiç gelmiyor, selam vermiyor, böyle yapıyor tek, ich mag so was nicht, was soll das Alter, so entweder sieht sie das ein, oder soll gar nicht mit mir in der Stadt rumgehen, değil mi? Yani ama sonuçta sen onunla Stadtta dolaşıyorsun.",4.915445804595947,7.091489286049034,2,7.091489286049034
18,48,in,in,0,DE-TR,Multilingual,"Ich mach das immer, ich geh immer hin, weißt du. Ich hasse das, çünkü bir arkadaş var, kızıyla olunca hiç gelmiyor, selam vermiyor, böyle yapıyor tek, ich mag so was nicht, was soll das Alter, so entweder sieht sie das ein, oder soll gar nicht mit mir in der Stadt rumgehen, değil mi? Yani ama sonuçta sen onunla Stadtta dolaşıyorsun.",6.219234943389893,8.972459410951952,2,8.972459410951952
18,49,der,der,0,DE-TR,Multilingual,"Ich mach das immer, ich geh immer hin, weißt du. Ich hasse das, çünkü bir arkadaş var, kızıyla olunca hiç gelmiyor, selam vermiyor, böyle yapıyor tek, ich mag so was nicht, was soll das Alter, so entweder sieht sie das ein, oder soll gar nicht mit mir in der Stadt rumgehen, değil mi? Yani ama sonuçta sen onunla Stadtta dolaşıyorsun.",4.393277168273926,6.338159183919501,2,6.338159183919501
18,50,Stadt,Stadt,0,DE-TR,Multilingual,"Ich mach das immer, ich geh immer hin, weißt du. Ich hasse das, çünkü bir arkadaş var, kızıyla olunca hiç gelmiyor, selam vermiyor, böyle yapıyor tek, ich mag so was nicht, was soll das Alter, so entweder sieht sie das ein, oder soll gar nicht mit mir in der Stadt rumgehen, değil mi? Yani ama sonuçta sen onunla Stadtta dolaşıyorsun.",4.339842796325684,6.261069680496756,2,6.261069680496756
18,51,rumgehen,"rumgehen,",0,DE-TR,Multilingual,"Ich mach das immer, ich geh immer hin, weißt du. Ich hasse das, çünkü bir arkadaş var, kızıyla olunca hiç gelmiyor, selam vermiyor, böyle yapıyor tek, ich mag so was nicht, was soll das Alter, so entweder sieht sie das ein, oder soll gar nicht mit mir in der Stadt rumgehen, değil mi? Yani ama sonuçta sen onunla Stadtta dolaşıyorsun.",17.55748176574707,25.3300918739417,4,25.3300918739417
18,52,değil,değil,1,DE-TR,Multilingual,"Ich mach das immer, ich geh immer hin, weißt du. Ich hasse das, çünkü bir arkadaş var, kızıyla olunca hiç gelmiyor, selam vermiyor, böyle yapıyor tek, ich mag so was nicht, was soll das Alter, so entweder sieht sie das ein, oder soll gar nicht mit mir in der Stadt rumgehen, değil mi? Yani ama sonuçta sen onunla Stadtta dolaşıyorsun.",13.226566314697266,19.081901630202758,2,19.081901630202758
18,53,mi,mi?,0,DE-TR,Multilingual,"Ich mach das immer, ich geh immer hin, weißt du. Ich hasse das, çünkü bir arkadaş var, kızıyla olunca hiç gelmiyor, selam vermiyor, böyle yapıyor tek, ich mag so was nicht, was soll das Alter, so entweder sieht sie das ein, oder soll gar nicht mit mir in der Stadt rumgehen, değil mi? Yani ama sonuçta sen onunla Stadtta dolaşıyorsun.",10.49926471710205,15.147237140343595,3,15.147237140343595
18,54,Yani,Yani,0,DE-TR,Multilingual,"Ich mach das immer, ich geh immer hin, weißt du. Ich hasse das, çünkü bir arkadaş var, kızıyla olunca hiç gelmiyor, selam vermiyor, böyle yapıyor tek, ich mag so was nicht, was soll das Alter, so entweder sieht sie das ein, oder soll gar nicht mit mir in der Stadt rumgehen, değil mi? Yani ama sonuçta sen onunla Stadtta dolaşıyorsun.",15.769615173339844,22.750745607304744,2,22.750745607304744
18,55,ama,ama,0,DE-TR,Multilingual,"Ich mach das immer, ich geh immer hin, weißt du. Ich hasse das, çünkü bir arkadaş var, kızıyla olunca hiç gelmiyor, selam vermiyor, böyle yapıyor tek, ich mag so was nicht, was soll das Alter, so entweder sieht sie das ein, oder soll gar nicht mit mir in der Stadt rumgehen, değil mi? Yani ama sonuçta sen onunla Stadtta dolaşıyorsun.",15.864795684814453,22.88806205919844,2,22.88806205919844
18,56,sonuçta,sonuçta,0,DE-TR,Multilingual,"Ich mach das immer, ich geh immer hin, weißt du. Ich hasse das, çünkü bir arkadaş var, kızıyla olunca hiç gelmiyor, selam vermiyor, böyle yapıyor tek, ich mag so was nicht, was soll das Alter, so entweder sieht sie das ein, oder soll gar nicht mit mir in der Stadt rumgehen, değil mi? Yani ama sonuçta sen onunla Stadtta dolaşıyorsun.",14.370704650878906,20.73254433390296,3,20.73254433390296
18,57,sen,sen,0,DE-TR,Multilingual,"Ich mach das immer, ich geh immer hin, weißt du. Ich hasse das, çünkü bir arkadaş var, kızıyla olunca hiç gelmiyor, selam vermiyor, böyle yapıyor tek, ich mag so was nicht, was soll das Alter, so entweder sieht sie das ein, oder soll gar nicht mit mir in der Stadt rumgehen, değil mi? Yani ama sonuçta sen onunla Stadtta dolaşıyorsun.",11.409246444702148,16.460063266051826,2,16.460063266051826
18,58,onunla,onunla,0,DE-TR,Multilingual,"Ich mach das immer, ich geh immer hin, weißt du. Ich hasse das, çünkü bir arkadaş var, kızıyla olunca hiç gelmiyor, selam vermiyor, böyle yapıyor tek, ich mag so was nicht, was soll das Alter, so entweder sieht sie das ein, oder soll gar nicht mit mir in der Stadt rumgehen, değil mi? Yani ama sonuçta sen onunla Stadtta dolaşıyorsun.",19.014081954956055,27.43152174347143,2,27.43152174347143
18,59,Stadtta,Stadtta,1,DE-TR,Multilingual,"Ich mach das immer, ich geh immer hin, weißt du. Ich hasse das, çünkü bir arkadaş var, kızıyla olunca hiç gelmiyor, selam vermiyor, böyle yapıyor tek, ich mag so was nicht, was soll das Alter, so entweder sieht sie das ein, oder soll gar nicht mit mir in der Stadt rumgehen, değil mi? Yani ama sonuçta sen onunla Stadtta dolaşıyorsun.",27.105876922607422,39.10551421519232,3,39.10551421519232
18,60,dolaşıyorsun,dolaşıyorsun.,1,DE-TR,Multilingual,"Ich mach das immer, ich geh immer hin, weißt du. Ich hasse das, çünkü bir arkadaş var, kızıyla olunca hiç gelmiyor, selam vermiyor, böyle yapıyor tek, ich mag so was nicht, was soll das Alter, so entweder sieht sie das ein, oder soll gar nicht mit mir in der Stadt rumgehen, değil mi? Yani ama sonuçta sen onunla Stadtta dolaşıyorsun.",8.558040618896484,12.346642760608274,6,12.346642760608274
19,1,Wir,Wir,0,DE-TR,Multilingual,"Wir sind nicht dran gewöhnt, weißt du yani aile içinde hep ben Türkçe konuşuyorum, bana annem kızıyor Almanca konuştuğum zaman.",10.417261123657227,15.028930962745672,2,15.028930962745672
19,2,sind,sind,0,DE-TR,Multilingual,"Wir sind nicht dran gewöhnt, weißt du yani aile içinde hep ben Türkçe konuşuyorum, bana annem kızıyor Almanca konuştuğum zaman.",6.231642246246338,8.990359365253752,2,8.990359365253752
19,3,nicht,nicht,0,DE-TR,Multilingual,"Wir sind nicht dran gewöhnt, weißt du yani aile içinde hep ben Türkçe konuşuyorum, bana annem kızıyor Almanca konuştuğum zaman.",8.364145278930664,12.066910915188105,2,12.066910915188105
19,4,dran,dran,0,DE-TR,Multilingual,"Wir sind nicht dran gewöhnt, weißt du yani aile içinde hep ben Türkçe konuşuyorum, bana annem kızıyor Almanca konuştuğum zaman.",12.872337341308594,18.570857246955732,3,18.570857246955732
19,5,gewöhnt,"gewöhnt,",0,DE-TR,Multilingual,"Wir sind nicht dran gewöhnt, weißt du yani aile içinde hep ben Türkçe konuşuyorum, bana annem kızıyor Almanca konuştuğum zaman.",15.23434066772461,21.978507732539356,5,21.978507732539356
19,6,weißt,weißt,0,DE-TR,Multilingual,"Wir sind nicht dran gewöhnt, weißt du yani aile içinde hep ben Türkçe konuşuyorum, bana annem kızıyor Almanca konuştuğum zaman.",11.281599998474121,16.275908371091553,3,16.275908371091553
19,7,du,du,0,DE-TR,Multilingual,"Wir sind nicht dran gewöhnt, weißt du yani aile içinde hep ben Türkçe konuşuyorum, bana annem kızıyor Almanca konuştuğum zaman.",18.256174087524414,26.338091821677068,2,26.338091821677068
19,8,yani,yani,1,DE-TR,Multilingual,"Wir sind nicht dran gewöhnt, weißt du yani aile içinde hep ben Türkçe konuşuyorum, bana annem kızıyor Almanca konuştuğum zaman.",32.85743713378906,47.403261609238356,2,47.403261609238356
19,9,aile,aile,0,DE-TR,Multilingual,"Wir sind nicht dran gewöhnt, weißt du yani aile içinde hep ben Türkçe konuşuyorum, bana annem kızıyor Almanca konuştuğum zaman.",25.53227996826172,36.8352936927998,2,36.8352936927998
19,10,içinde,içinde,0,DE-TR,Multilingual,"Wir sind nicht dran gewöhnt, weißt du yani aile içinde hep ben Türkçe konuşuyorum, bana annem kızıyor Almanca konuştuğum zaman.",18.686935424804688,26.959549066778017,2,26.959549066778017
19,11,hep,hep,0,DE-TR,Multilingual,"Wir sind nicht dran gewöhnt, weißt du yani aile içinde hep ben Türkçe konuşuyorum, bana annem kızıyor Almanca konuştuğum zaman.",13.611369132995605,19.63705474788187,2,19.63705474788187
19,12,ben,ben,0,DE-TR,Multilingual,"Wir sind nicht dran gewöhnt, weißt du yani aile içinde hep ben Türkçe konuşuyorum, bana annem kızıyor Almanca konuştuğum zaman.",15.77851390838623,22.76358376822635,2,22.76358376822635
19,13,Türkçe,Türkçe,0,DE-TR,Multilingual,"Wir sind nicht dran gewöhnt, weißt du yani aile içinde hep ben Türkçe konuşuyorum, bana annem kızıyor Almanca konuştuğum zaman.",12.946056365966797,18.677211318249295,2,18.677211318249295
19,14,konuşuyorum,"konuşuyorum,",0,DE-TR,Multilingual,"Wir sind nicht dran gewöhnt, weißt du yani aile içinde hep ben Türkçe konuşuyorum, bana annem kızıyor Almanca konuştuğum zaman.",11.402022361755371,16.44964111740954,4,16.44964111740954
19,15,bana,bana,0,DE-TR,Multilingual,"Wir sind nicht dran gewöhnt, weißt du yani aile içinde hep ben Türkçe konuşuyorum, bana annem kızıyor Almanca konuştuğum zaman.",12.346602439880371,17.81238211184299,2,17.81238211184299
19,16,annem,annem,0,DE-TR,Multilingual,"Wir sind nicht dran gewöhnt, weißt du yani aile içinde hep ben Türkçe konuşuyorum, bana annem kızıyor Almanca konuştuğum zaman.",15.015336990356445,21.662552213263858,3,21.662552213263858
19,17,kızıyor,kızıyor,0,DE-TR,Multilingual,"Wir sind nicht dran gewöhnt, weißt du yani aile içinde hep ben Türkçe konuşuyorum, bana annem kızıyor Almanca konuştuğum zaman.",16.70802879333496,24.10459028317436,3,24.10459028317436
19,18,Almanca,Almanca,0,DE-TR,Multilingual,"Wir sind nicht dran gewöhnt, weißt du yani aile içinde hep ben Türkçe konuşuyorum, bana annem kızıyor Almanca konuştuğum zaman.",14.57536506652832,21.027806900626643,3,21.027806900626643
19,19,konuştuğum,konuştuğum,0,DE-TR,Multilingual,"Wir sind nicht dran gewöhnt, weißt du yani aile içinde hep ben Türkçe konuşuyorum, bana annem kızıyor Almanca konuştuğum zaman.",8.589667320251465,12.39227044581278,4,12.39227044581278
19,20,zaman,zaman.,0,DE-TR,Multilingual,"Wir sind nicht dran gewöhnt, weißt du yani aile içinde hep ben Türkçe konuşuyorum, bana annem kızıyor Almanca konuştuğum zaman.",5.382741928100586,7.765655086055813,3,7.765655086055813
20,1,Da,Da,0,DE,Monolingual,"Da sagt sie ja, wenn ich nur Deutsch mit ihr rede, dann meint sie nur mit meinen Geschwistern rede ich zu Hause Deutsch.",16.88985824584961,24.366914732604798,2,24.366914732604798
20,2,sagt,sagt,0,DE,Monolingual,"Da sagt sie ja, wenn ich nur Deutsch mit ihr rede, dann meint sie nur mit meinen Geschwistern rede ich zu Hause Deutsch.",12.772838592529297,18.427310895517184,2,18.427310895517184
20,3,sie,sie,0,DE,Monolingual,"Da sagt sie ja, wenn ich nur Deutsch mit ihr rede, dann meint sie nur mit meinen Geschwistern rede ich zu Hause Deutsch.",7.949235916137695,11.46832323506829,2,11.46832323506829
20,4,ja,"ja,",0,DE,Monolingual,"Da sagt sie ja, wenn ich nur Deutsch mit ihr rede, dann meint sie nur mit meinen Geschwistern rede ich zu Hause Deutsch.",8.619611740112305,12.435471111848312,3,12.435471111848312
20,5,wenn,wenn,0,DE,Monolingual,"Da sagt sie ja, wenn ich nur Deutsch mit ihr rede, dann meint sie nur mit meinen Geschwistern rede ich zu Hause Deutsch.",5.67561149597168,8.188176559250733,2,8.188176559250733
20,6,ich,ich,0,DE,Monolingual,"Da sagt sie ja, wenn ich nur Deutsch mit ihr rede, dann meint sie nur mit meinen Geschwistern rede ich zu Hause Deutsch.",7.283372402191162,10.507685245588727,2,10.507685245588727
20,7,nur,nur,0,DE,Monolingual,"Da sagt sie ja, wenn ich nur Deutsch mit ihr rede, dann meint sie nur mit meinen Geschwistern rede ich zu Hause Deutsch.",14.265321731567383,20.580508918817824,2,20.580508918817824
20,8,Deutsch,Deutsch,0,DE,Monolingual,"Da sagt sie ja, wenn ich nur Deutsch mit ihr rede, dann meint sie nur mit meinen Geschwistern rede ich zu Hause Deutsch.",14.773929595947266,21.314274962515807,2,21.314274962515807
20,9,mit,mit,0,DE,Monolingual,"Da sagt sie ja, wenn ich nur Deutsch mit ihr rede, dann meint sie nur mit meinen Geschwistern rede ich zu Hause Deutsch.",6.799418926239014,9.809487965811586,2,9.809487965811586
20,10,ihr,ihr,0,DE,Monolingual,"Da sagt sie ja, wenn ich nur Deutsch mit ihr rede, dann meint sie nur mit meinen Geschwistern rede ich zu Hause Deutsch.",6.479193210601807,9.347499913896668,2,9.347499913896668
20,11,rede,"rede,",0,DE,Monolingual,"Da sagt sie ja, wenn ich nur Deutsch mit ihr rede, dann meint sie nur mit meinen Geschwistern rede ich zu Hause Deutsch.",7.439838886260986,10.733418666221594,3,10.733418666221594
20,12,dann,dann,0,DE,Monolingual,"Da sagt sie ja, wenn ich nur Deutsch mit ihr rede, dann meint sie nur mit meinen Geschwistern rede ich zu Hause Deutsch.",7.681866645812988,11.082590914684733,2,11.082590914684733
20,13,meint,meint,0,DE,Monolingual,"Da sagt sie ja, wenn ich nur Deutsch mit ihr rede, dann meint sie nur mit meinen Geschwistern rede ich zu Hause Deutsch.",6.957071304321289,10.036932269855237,3,10.036932269855237
20,14,sie,sie,0,DE,Monolingual,"Da sagt sie ja, wenn ich nur Deutsch mit ihr rede, dann meint sie nur mit meinen Geschwistern rede ich zu Hause Deutsch.",3.470353364944458,5.006661589737697,2,5.006661589737697
20,15,nur,nur,0,DE,Monolingual,"Da sagt sie ja, wenn ich nur Deutsch mit ihr rede, dann meint sie nur mit meinen Geschwistern rede ich zu Hause Deutsch.",8.04007339477539,11.599374015025749,2,11.599374015025749
20,16,mit,mit,0,DE,Monolingual,"Da sagt sie ja, wenn ich nur Deutsch mit ihr rede, dann meint sie nur mit meinen Geschwistern rede ich zu Hause Deutsch.",10.288450241088867,14.843096141251769,2,14.843096141251769
20,17,meinen,meinen,0,DE,Monolingual,"Da sagt sie ja, wenn ich nur Deutsch mit ihr rede, dann meint sie nur mit meinen Geschwistern rede ich zu Hause Deutsch.",12.823906898498535,18.500986887285606,2,18.500986887285606
20,18,Geschwistern,Geschwistern,0,DE,Monolingual,"Da sagt sie ja, wenn ich nur Deutsch mit ihr rede, dann meint sie nur mit meinen Geschwistern rede ich zu Hause Deutsch.",12.929671287536621,18.6535726468535,4,18.6535726468535
20,19,rede,rede,0,DE,Monolingual,"Da sagt sie ja, wenn ich nur Deutsch mit ihr rede, dann meint sie nur mit meinen Geschwistern rede ich zu Hause Deutsch.",7.02521276473999,10.135239616880229,2,10.135239616880229
20,20,ich,ich,0,DE,Monolingual,"Da sagt sie ja, wenn ich nur Deutsch mit ihr rede, dann meint sie nur mit meinen Geschwistern rede ich zu Hause Deutsch.",7.506472587585449,10.829550776678474,2,10.829550776678474
20,21,zu,zu,0,DE,Monolingual,"Da sagt sie ja, wenn ich nur Deutsch mit ihr rede, dann meint sie nur mit meinen Geschwistern rede ich zu Hause Deutsch.",10.891375541687012,15.7129334824512,2,15.7129334824512
20,22,Hause,Hause,0,DE,Monolingual,"Da sagt sie ja, wenn ich nur Deutsch mit ihr rede, dann meint sie nur mit meinen Geschwistern rede ich zu Hause Deutsch.",7.394174098968506,10.667538304051483,2,10.667538304051483
20,23,Deutsch,Deutsch.,0,DE,Monolingual,"Da sagt sie ja, wenn ich nur Deutsch mit ihr rede, dann meint sie nur mit meinen Geschwistern rede ich zu Hause Deutsch.",4.390639305114746,6.334353551821208,3,6.334353551821208
21,1,Weißt,Weißt,0,DE-TR,Multilingual,"Weißt du wie mich meine Eltern Schüler Austausch nach England böyle, betteln, wirklich, kaç öğretmen geldi bize de, böyle yalvara yakara böyle gönderdiler!",13.356202125549316,19.26892657164063,3,19.26892657164063
21,2,du,du,0,DE-TR,Multilingual,"Weißt du wie mich meine Eltern Schüler Austausch nach England böyle, betteln, wirklich, kaç öğretmen geldi bize de, böyle yalvara yakara böyle gönderdiler!",4.109374046325684,5.928573557791878,2,5.928573557791878
21,3,wie,wie,0,DE-TR,Multilingual,"Weißt du wie mich meine Eltern Schüler Austausch nach England böyle, betteln, wirklich, kaç öğretmen geldi bize de, böyle yalvara yakara böyle gönderdiler!",11.18793773651123,16.140782290239247,2,16.140782290239247
21,4,mich,mich,0,DE-TR,Multilingual,"Weißt du wie mich meine Eltern Schüler Austausch nach England böyle, betteln, wirklich, kaç öğretmen geldi bize de, böyle yalvara yakara böyle gönderdiler!",11.874746322631836,17.131637631475407,2,17.131637631475407
21,5,meine,meine,0,DE-TR,Multilingual,"Weißt du wie mich meine Eltern Schüler Austausch nach England böyle, betteln, wirklich, kaç öğretmen geldi bize de, böyle yalvara yakara böyle gönderdiler!",6.959249496459961,10.040074736851802,2,10.040074736851802
21,6,Eltern,Eltern,0,DE-TR,Multilingual,"Weißt du wie mich meine Eltern Schüler Austausch nach England böyle, betteln, wirklich, kaç öğretmen geldi bize de, böyle yalvara yakara böyle gönderdiler!",14.440008163452148,20.83252816780856,2,20.83252816780856
21,7,Schüler,Schüler,0,DE-TR,Multilingual,"Weißt du wie mich meine Eltern Schüler Austausch nach England böyle, betteln, wirklich, kaç öğretmen geldi bize de, böyle yalvara yakara böyle gönderdiler!",25.60426139831543,36.93914094497439,2,36.93914094497439
21,8,Austausch,Austausch,0,DE-TR,Multilingual,"Weißt du wie mich meine Eltern Schüler Austausch nach England böyle, betteln, wirklich, kaç öğretmen geldi bize de, böyle yalvara yakara böyle gönderdiler!",18.953176498413086,27.34365374335381,2,27.34365374335381
21,9,nach,nach,0,DE-TR,Multilingual,"Weißt du wie mich meine Eltern Schüler Austausch nach England böyle, betteln, wirklich, kaç öğretmen geldi bize de, böyle yalvara yakara böyle gönderdiler!",8.664274215698242,12.499905443889967,2,12.499905443889967
21,10,England,England,0,DE-TR,Multilingual,"Weißt du wie mich meine Eltern Schüler Austausch nach England böyle, betteln, wirklich, kaç öğretmen geldi bize de, böyle yalvara yakara böyle gönderdiler!",25.775897979736328,37.18676018982545,2,37.18676018982545
21,11,böyle,"böyle,",1,DE-TR,Multilingual,"Weißt du wie mich meine Eltern Schüler Austausch nach England böyle, betteln, wirklich, kaç öğretmen geldi bize de, böyle yalvara yakara böyle gönderdiler!",37.19126892089844,53.655659236548004,3,53.655659236548004
21,12,betteln,"betteln,",0,DE-TR,Multilingual,"Weißt du wie mich meine Eltern Schüler Austausch nach England böyle, betteln, wirklich, kaç öğretmen geldi bize de, böyle yalvara yakara böyle gönderdiler!",23.35568618774414,33.695132639617334,5,33.695132639617334
21,13,wirklich,"wirklich,",0,DE-TR,Multilingual,"Weißt du wie mich meine Eltern Schüler Austausch nach England böyle, betteln, wirklich, kaç öğretmen geldi bize de, böyle yalvara yakara böyle gönderdiler!",25.865522384643555,37.31606087432773,3,37.31606087432773
21,14,kaç,kaç,1,DE-TR,Multilingual,"Weißt du wie mich meine Eltern Schüler Austausch nach England böyle, betteln, wirklich, kaç öğretmen geldi bize de, böyle yalvara yakara böyle gönderdiler!",21.20717430114746,30.59548519553331,2,30.59548519553331
21,15,öğretmen,öğretmen,0,DE-TR,Multilingual,"Weißt du wie mich meine Eltern Schüler Austausch nach England böyle, betteln, wirklich, kaç öğretmen geldi bize de, böyle yalvara yakara böyle gönderdiler!",11.558740615844727,16.67573776540103,2,16.67573776540103
21,16,geldi,geldi,0,DE-TR,Multilingual,"Weißt du wie mich meine Eltern Schüler Austausch nach England böyle, betteln, wirklich, kaç öğretmen geldi bize de, böyle yalvara yakara böyle gönderdiler!",9.858753204345703,14.223174357257724,2,14.223174357257724
21,17,bize,bize,0,DE-TR,Multilingual,"Weißt du wie mich meine Eltern Schüler Austausch nach England böyle, betteln, wirklich, kaç öğretmen geldi bize de, böyle yalvara yakara böyle gönderdiler!",9.785942077636719,14.118130105833133,2,14.118130105833133
21,18,de,"de,",0,DE-TR,Multilingual,"Weißt du wie mich meine Eltern Schüler Austausch nach England böyle, betteln, wirklich, kaç öğretmen geldi bize de, böyle yalvara yakara böyle gönderdiler!",13.357378005981445,19.270623008508743,3,19.270623008508743
21,19,böyle,böyle,0,DE-TR,Multilingual,"Weißt du wie mich meine Eltern Schüler Austausch nach England böyle, betteln, wirklich, kaç öğretmen geldi bize de, böyle yalvara yakara böyle gönderdiler!",18.49839973449707,26.687549561340642,2,26.687549561340642
21,20,yalvara,yalvara,0,DE-TR,Multilingual,"Weißt du wie mich meine Eltern Schüler Austausch nach England böyle, betteln, wirklich, kaç öğretmen geldi bize de, böyle yalvara yakara böyle gönderdiler!",23.11547088623047,33.34857521537791,3,33.34857521537791
21,21,yakara,yakara,0,DE-TR,Multilingual,"Weißt du wie mich meine Eltern Schüler Austausch nach England böyle, betteln, wirklich, kaç öğretmen geldi bize de, böyle yalvara yakara böyle gönderdiler!",17.736948013305664,25.589006939301434,3,25.589006939301434
21,22,böyle,böyle,0,DE-TR,Multilingual,"Weißt du wie mich meine Eltern Schüler Austausch nach England böyle, betteln, wirklich, kaç öğretmen geldi bize de, böyle yalvara yakara böyle gönderdiler!",13.14845085144043,18.969204838745377,2,18.969204838745377
21,23,gönderdiler,gönderdiler!,0,DE-TR,Multilingual,"Weißt du wie mich meine Eltern Schüler Austausch nach England böyle, betteln, wirklich, kaç öğretmen geldi bize de, böyle yalvara yakara böyle gönderdiler!",14.127676010131836,20.381928119103176,4,20.381928119103176
22,1,Ich,Ich,0,DE-TR,Multilingual,"Ich so: “Mutti, ich will unbedingt nach Frankreich! Bütün sınıf gidiyor, ben niye gidemeyeceğim?“ ""Ja, du bist ein Mädchen, du bist Türke, du kannst nicht!"" Mutti warum kann ich nicht? Bütün sınıf gidiyor, ihr habt mich aufs Gymnasium geschickt, also, siz bu yollara katlanacaksınız, ne? Ist so.",17.083892822265625,24.646847453761175,2,24.646847453761175
22,2,so,so:,0,DE-TR,Multilingual,"Ich so: “Mutti, ich will unbedingt nach Frankreich! Bütün sınıf gidiyor, ben niye gidemeyeceğim?“ ""Ja, du bist ein Mädchen, du bist Türke, du kannst nicht!"" Mutti warum kann ich nicht? Bütün sınıf gidiyor, ihr habt mich aufs Gymnasium geschickt, also, siz bu yollara katlanacaksınız, ne? Ist so.",18.078550338745117,26.081834920169072,3,26.081834920169072
22,3,Mutti,"“Mutti,",0,DE-TR,Multilingual,"Ich so: “Mutti, ich will unbedingt nach Frankreich! Bütün sınıf gidiyor, ben niye gidemeyeceğim?“ ""Ja, du bist ein Mädchen, du bist Türke, du kannst nicht!"" Mutti warum kann ich nicht? Bütün sınıf gidiyor, ihr habt mich aufs Gymnasium geschickt, also, siz bu yollara katlanacaksınız, ne? Ist so.",17.674396514892578,25.498764202740702,5,25.498764202740702
22,4,ich,ich,0,DE-TR,Multilingual,"Ich so: “Mutti, ich will unbedingt nach Frankreich! Bütün sınıf gidiyor, ben niye gidemeyeceğim?“ ""Ja, du bist ein Mädchen, du bist Türke, du kannst nicht!"" Mutti warum kann ich nicht? Bütün sınıf gidiyor, ihr habt mich aufs Gymnasium geschickt, also, siz bu yollara katlanacaksınız, ne? Ist so.",4.0667572021484375,5.8670904480390265,2,5.8670904480390265
22,5,will,will,0,DE-TR,Multilingual,"Ich so: “Mutti, ich will unbedingt nach Frankreich! Bütün sınıf gidiyor, ben niye gidemeyeceğim?“ ""Ja, du bist ein Mädchen, du bist Türke, du kannst nicht!"" Mutti warum kann ich nicht? Bütün sınıf gidiyor, ihr habt mich aufs Gymnasium geschickt, also, siz bu yollara katlanacaksınız, ne? Ist so.",7.0379838943481445,10.153664462232463,2,10.153664462232463
22,6,unbedingt,unbedingt,0,DE-TR,Multilingual,"Ich so: “Mutti, ich will unbedingt nach Frankreich! Bütün sınıf gidiyor, ben niye gidemeyeceğim?“ ""Ja, du bist ein Mädchen, du bist Türke, du kannst nicht!"" Mutti warum kann ich nicht? Bütün sınıf gidiyor, ihr habt mich aufs Gymnasium geschickt, also, siz bu yollara katlanacaksınız, ne? Ist so.",9.032106399536133,13.030575111392249,2,13.030575111392249
22,7,nach,nach,0,DE-TR,Multilingual,"Ich so: “Mutti, ich will unbedingt nach Frankreich! Bütün sınıf gidiyor, ben niye gidemeyeceğim?“ ""Ja, du bist ein Mädchen, du bist Türke, du kannst nicht!"" Mutti warum kann ich nicht? Bütün sınıf gidiyor, ihr habt mich aufs Gymnasium geschickt, also, siz bu yollara katlanacaksınız, ne? Ist so.",9.185349464416504,13.251658121145788,2,13.251658121145788
22,8,Frankreich,Frankreich!,0,DE-TR,Multilingual,"Ich so: “Mutti, ich will unbedingt nach Frankreich! Bütün sınıf gidiyor, ben niye gidemeyeceğim?“ ""Ja, du bist ein Mädchen, du bist Türke, du kannst nicht!"" Mutti warum kann ich nicht? Bütün sınıf gidiyor, ihr habt mich aufs Gymnasium geschickt, also, siz bu yollara katlanacaksınız, ne? Ist so.",27.921401977539062,40.2820681676629,3,40.2820681676629
22,9,Bütün,Bütün,1,DE-TR,Multilingual,"Ich so: “Mutti, ich will unbedingt nach Frankreich! Bütün sınıf gidiyor, ben niye gidemeyeceğim?“ ""Ja, du bist ein Mädchen, du bist Türke, du kannst nicht!"" Mutti warum kann ich nicht? Bütün sınıf gidiyor, ihr habt mich aufs Gymnasium geschickt, also, siz bu yollara katlanacaksınız, ne? Ist so.",31.50762939453125,45.45590067765757,2,45.45590067765757
22,10,sınıf,sınıf,0,DE-TR,Multilingual,"Ich so: “Mutti, ich will unbedingt nach Frankreich! Bütün sınıf gidiyor, ben niye gidemeyeceğim?“ ""Ja, du bist ein Mädchen, du bist Türke, du kannst nicht!"" Mutti warum kann ich nicht? Bütün sınıf gidiyor, ihr habt mich aufs Gymnasium geschickt, also, siz bu yollara katlanacaksınız, ne? Ist so.",17.293798446655273,24.949677257122822,2,24.949677257122822
22,11,gidiyor,"gidiyor,",0,DE-TR,Multilingual,"Ich so: “Mutti, ich will unbedingt nach Frankreich! Bütün sınıf gidiyor, ben niye gidemeyeceğim?“ ""Ja, du bist ein Mädchen, du bist Türke, du kannst nicht!"" Mutti warum kann ich nicht? Bütün sınıf gidiyor, ihr habt mich aufs Gymnasium geschickt, also, siz bu yollara katlanacaksınız, ne? Ist so.",11.434444427490234,16.496416270860603,3,16.496416270860603
22,12,ben,ben,0,DE-TR,Multilingual,"Ich so: “Mutti, ich will unbedingt nach Frankreich! Bütün sınıf gidiyor, ben niye gidemeyeceğim?“ ""Ja, du bist ein Mädchen, du bist Türke, du kannst nicht!"" Mutti warum kann ich nicht? Bütün sınıf gidiyor, ihr habt mich aufs Gymnasium geschickt, also, siz bu yollara katlanacaksınız, ne? Ist so.",9.480361938476562,13.677271154472617,2,13.677271154472617
22,13,niye,niye,0,DE-TR,Multilingual,"Ich so: “Mutti, ich will unbedingt nach Frankreich! Bütün sınıf gidiyor, ben niye gidemeyeceğim?“ ""Ja, du bist ein Mädchen, du bist Türke, du kannst nicht!"" Mutti warum kann ich nicht? Bütün sınıf gidiyor, ihr habt mich aufs Gymnasium geschickt, also, siz bu yollara katlanacaksınız, ne? Ist so.",10.288822174072266,14.843632727122461,2,14.843632727122461
22,14,gidemeyeceğim,gidemeyeceğim?“,0,DE-TR,Multilingual,"Ich so: “Mutti, ich will unbedingt nach Frankreich! Bütün sınıf gidiyor, ben niye gidemeyeceğim?“ ""Ja, du bist ein Mädchen, du bist Türke, du kannst nicht!"" Mutti warum kann ich nicht? Bütün sınıf gidiyor, ihr habt mich aufs Gymnasium geschickt, also, siz bu yollara katlanacaksınız, ne? Ist so.",23.102357864379883,33.329657123783,6,33.329657123783
22,15,Ja,"""Ja,",1,DE-TR,Multilingual,"Ich so: “Mutti, ich will unbedingt nach Frankreich! Bütün sınıf gidiyor, ben niye gidemeyeceğim?“ ""Ja, du bist ein Mädchen, du bist Türke, du kannst nicht!"" Mutti warum kann ich nicht? Bütün sınıf gidiyor, ihr habt mich aufs Gymnasium geschickt, also, siz bu yollara katlanacaksınız, ne? Ist so.",20.11310577392578,29.017077956917902,4,29.017077956917902
22,16,du,du,0,DE-TR,Multilingual,"Ich so: “Mutti, ich will unbedingt nach Frankreich! Bütün sınıf gidiyor, ben niye gidemeyeceğim?“ ""Ja, du bist ein Mädchen, du bist Türke, du kannst nicht!"" Mutti warum kann ich nicht? Bütün sınıf gidiyor, ihr habt mich aufs Gymnasium geschickt, also, siz bu yollara katlanacaksınız, ne? Ist so.",8.258764266967773,11.914878251825382,2,11.914878251825382
22,17,bist,bist,0,DE-TR,Multilingual,"Ich so: “Mutti, ich will unbedingt nach Frankreich! Bütün sınıf gidiyor, ben niye gidemeyeceğim?“ ""Ja, du bist ein Mädchen, du bist Türke, du kannst nicht!"" Mutti warum kann ich nicht? Bütün sınıf gidiyor, ihr habt mich aufs Gymnasium geschickt, also, siz bu yollara katlanacaksınız, ne? Ist so.",5.772863388061523,8.328481381685819,2,8.328481381685819
22,18,ein,ein,0,DE-TR,Multilingual,"Ich so: “Mutti, ich will unbedingt nach Frankreich! Bütün sınıf gidiyor, ben niye gidemeyeceğim?“ ""Ja, du bist ein Mädchen, du bist Türke, du kannst nicht!"" Mutti warum kann ich nicht? Bütün sınıf gidiyor, ihr habt mich aufs Gymnasium geschickt, also, siz bu yollara katlanacaksınız, ne? Ist so.",6.857619285583496,9.893453335615826,2,9.893453335615826
22,19,Mädchen,"Mädchen,",0,DE-TR,Multilingual,"Ich so: “Mutti, ich will unbedingt nach Frankreich! Bütün sınıf gidiyor, ben niye gidemeyeceğim?“ ""Ja, du bist ein Mädchen, du bist Türke, du kannst nicht!"" Mutti warum kann ich nicht? Bütün sınıf gidiyor, ihr habt mich aufs Gymnasium geschickt, also, siz bu yollara katlanacaksınız, ne? Ist so.",6.979286193847656,10.068981580808822,3,10.068981580808822
22,20,du,du,0,DE-TR,Multilingual,"Ich so: “Mutti, ich will unbedingt nach Frankreich! Bütün sınıf gidiyor, ben niye gidemeyeceğim?“ ""Ja, du bist ein Mädchen, du bist Türke, du kannst nicht!"" Mutti warum kann ich nicht? Bütün sınıf gidiyor, ihr habt mich aufs Gymnasium geschickt, also, siz bu yollara katlanacaksınız, ne? Ist so.",4.543788909912109,6.555301727176469,2,6.555301727176469
22,21,bist,bist,0,DE-TR,Multilingual,"Ich so: “Mutti, ich will unbedingt nach Frankreich! Bütün sınıf gidiyor, ben niye gidemeyeceğim?“ ""Ja, du bist ein Mädchen, du bist Türke, du kannst nicht!"" Mutti warum kann ich nicht? Bütün sınıf gidiyor, ihr habt mich aufs Gymnasium geschickt, also, siz bu yollara katlanacaksınız, ne? Ist so.",12.096868515014648,17.452092216897473,2,17.452092216897473
22,22,Türke,"Türke,",0,DE-TR,Multilingual,"Ich so: “Mutti, ich will unbedingt nach Frankreich! Bütün sınıf gidiyor, ben niye gidemeyeceğim?“ ""Ja, du bist ein Mädchen, du bist Türke, du kannst nicht!"" Mutti warum kann ich nicht? Bütün sınıf gidiyor, ihr habt mich aufs Gymnasium geschickt, also, siz bu yollara katlanacaksınız, ne? Ist so.",11.747108459472656,16.94749511926599,3,16.94749511926599
22,23,du,du,0,DE-TR,Multilingual,"Ich so: “Mutti, ich will unbedingt nach Frankreich! Bütün sınıf gidiyor, ben niye gidemeyeceğim?“ ""Ja, du bist ein Mädchen, du bist Türke, du kannst nicht!"" Mutti warum kann ich nicht? Bütün sınıf gidiyor, ihr habt mich aufs Gymnasium geschickt, also, siz bu yollara katlanacaksınız, ne? Ist so.",3.405843496322632,4.91359352218859,2,4.91359352218859
22,24,kannst,kannst,0,DE-TR,Multilingual,"Ich so: “Mutti, ich will unbedingt nach Frankreich! Bütün sınıf gidiyor, ben niye gidemeyeceğim?“ ""Ja, du bist ein Mädchen, du bist Türke, du kannst nicht!"" Mutti warum kann ich nicht? Bütün sınıf gidiyor, ihr habt mich aufs Gymnasium geschickt, also, siz bu yollara katlanacaksınız, ne? Ist so.",4.553915977478027,6.569911997332567,2,6.569911997332567
22,25,nicht,"nicht!""",0,DE-TR,Multilingual,"Ich so: “Mutti, ich will unbedingt nach Frankreich! Bütün sınıf gidiyor, ben niye gidemeyeceğim?“ ""Ja, du bist ein Mädchen, du bist Türke, du kannst nicht!"" Mutti warum kann ich nicht? Bütün sınıf gidiyor, ihr habt mich aufs Gymnasium geschickt, also, siz bu yollara katlanacaksınız, ne? Ist so.",16.363407135009766,23.60740632572567,3,23.60740632572567
22,26,Mutti,Mutti,0,DE-TR,Multilingual,"Ich so: “Mutti, ich will unbedingt nach Frankreich! Bütün sınıf gidiyor, ben niye gidemeyeceğim?“ ""Ja, du bist ein Mädchen, du bist Türke, du kannst nicht!"" Mutti warum kann ich nicht? Bütün sınıf gidiyor, ihr habt mich aufs Gymnasium geschickt, also, siz bu yollara katlanacaksınız, ne? Ist so.",19.32175064086914,27.875393830875062,3,27.875393830875062
22,27,warum,warum,0,DE-TR,Multilingual,"Ich so: “Mutti, ich will unbedingt nach Frankreich! Bütün sınıf gidiyor, ben niye gidemeyeceğim?“ ""Ja, du bist ein Mädchen, du bist Türke, du kannst nicht!"" Mutti warum kann ich nicht? Bütün sınıf gidiyor, ihr habt mich aufs Gymnasium geschickt, also, siz bu yollara katlanacaksınız, ne? Ist so.",16.805923461914062,24.245822436062898,2,24.245822436062898
22,28,kann,kann,0,DE-TR,Multilingual,"Ich so: “Mutti, ich will unbedingt nach Frankreich! Bütün sınıf gidiyor, ben niye gidemeyeceğim?“ ""Ja, du bist ein Mädchen, du bist Türke, du kannst nicht!"" Mutti warum kann ich nicht? Bütün sınıf gidiyor, ihr habt mich aufs Gymnasium geschickt, also, siz bu yollara katlanacaksınız, ne? Ist so.",6.311682224273682,9.105832644626663,2,9.105832644626663
22,29,ich,ich,0,DE-TR,Multilingual,"Ich so: “Mutti, ich will unbedingt nach Frankreich! Bütün sınıf gidiyor, ben niye gidemeyeceğim?“ ""Ja, du bist ein Mädchen, du bist Türke, du kannst nicht!"" Mutti warum kann ich nicht? Bütün sınıf gidiyor, ihr habt mich aufs Gymnasium geschickt, also, siz bu yollara katlanacaksınız, ne? Ist so.",1.158815860748291,1.6718178956050351,2,1.6718178956050351
22,30,nicht,nicht?,0,DE-TR,Multilingual,"Ich so: “Mutti, ich will unbedingt nach Frankreich! Bütün sınıf gidiyor, ben niye gidemeyeceğim?“ ""Ja, du bist ein Mädchen, du bist Türke, du kannst nicht!"" Mutti warum kann ich nicht? Bütün sınıf gidiyor, ihr habt mich aufs Gymnasium geschickt, also, siz bu yollara katlanacaksınız, ne? Ist so.",12.61143684387207,18.194457393138595,3,18.194457393138595
22,31,Bütün,Bütün,1,DE-TR,Multilingual,"Ich so: “Mutti, ich will unbedingt nach Frankreich! Bütün sınıf gidiyor, ben niye gidemeyeceğim?“ ""Ja, du bist ein Mädchen, du bist Türke, du kannst nicht!"" Mutti warum kann ich nicht? Bütün sınıf gidiyor, ihr habt mich aufs Gymnasium geschickt, also, siz bu yollara katlanacaksınız, ne? Ist so.",9.934696197509766,14.33273693688578,2,14.33273693688578
22,32,sınıf,sınıf,0,DE-TR,Multilingual,"Ich so: “Mutti, ich will unbedingt nach Frankreich! Bütün sınıf gidiyor, ben niye gidemeyeceğim?“ ""Ja, du bist ein Mädchen, du bist Türke, du kannst nicht!"" Mutti warum kann ich nicht? Bütün sınıf gidiyor, ihr habt mich aufs Gymnasium geschickt, also, siz bu yollara katlanacaksınız, ne? Ist so.",0.5658301115036011,0.8163202958518945,2,0.8163202958518945
22,33,gidiyor,"gidiyor,",0,DE-TR,Multilingual,"Ich so: “Mutti, ich will unbedingt nach Frankreich! Bütün sınıf gidiyor, ben niye gidemeyeceğim?“ ""Ja, du bist ein Mädchen, du bist Türke, du kannst nicht!"" Mutti warum kann ich nicht? Bütün sınıf gidiyor, ihr habt mich aufs Gymnasium geschickt, also, siz bu yollara katlanacaksınız, ne? Ist so.",6.70774507522583,9.677230555575672,3,9.677230555575672
22,34,ihr,ihr,1,DE-TR,Multilingual,"Ich so: “Mutti, ich will unbedingt nach Frankreich! Bütün sınıf gidiyor, ben niye gidemeyeceğim?“ ""Ja, du bist ein Mädchen, du bist Türke, du kannst nicht!"" Mutti warum kann ich nicht? Bütün sınıf gidiyor, ihr habt mich aufs Gymnasium geschickt, also, siz bu yollara katlanacaksınız, ne? Ist so.",8.364299774169922,12.067133804703623,2,12.067133804703623
22,35,habt,habt,0,DE-TR,Multilingual,"Ich so: “Mutti, ich will unbedingt nach Frankreich! Bütün sınıf gidiyor, ben niye gidemeyeceğim?“ ""Ja, du bist ein Mädchen, du bist Türke, du kannst nicht!"" Mutti warum kann ich nicht? Bütün sınıf gidiyor, ihr habt mich aufs Gymnasium geschickt, also, siz bu yollara katlanacaksınız, ne? Ist so.",6.51285457611084,9.396062998986102,3,9.396062998986102
22,36,mich,mich,0,DE-TR,Multilingual,"Ich so: “Mutti, ich will unbedingt nach Frankreich! Bütün sınıf gidiyor, ben niye gidemeyeceğim?“ ""Ja, du bist ein Mädchen, du bist Türke, du kannst nicht!"" Mutti warum kann ich nicht? Bütün sınıf gidiyor, ihr habt mich aufs Gymnasium geschickt, also, siz bu yollara katlanacaksınız, ne? Ist so.",8.190961837768555,11.817060023459444,2,11.817060023459444
22,37,aufs,aufs,0,DE-TR,Multilingual,"Ich so: “Mutti, ich will unbedingt nach Frankreich! Bütün sınıf gidiyor, ben niye gidemeyeceğim?“ ""Ja, du bist ein Mädchen, du bist Türke, du kannst nicht!"" Mutti warum kann ich nicht? Bütün sınıf gidiyor, ihr habt mich aufs Gymnasium geschickt, also, siz bu yollara katlanacaksınız, ne? Ist so.",14.190153121948242,20.47206353848977,3,20.47206353848977
22,38,Gymnasium,Gymnasium,0,DE-TR,Multilingual,"Ich so: “Mutti, ich will unbedingt nach Frankreich! Bütün sınıf gidiyor, ben niye gidemeyeceğim?“ ""Ja, du bist ein Mädchen, du bist Türke, du kannst nicht!"" Mutti warum kann ich nicht? Bütün sınıf gidiyor, ihr habt mich aufs Gymnasium geschickt, also, siz bu yollara katlanacaksınız, ne? Ist so.",6.835091590881348,9.860952742186376,3,9.860952742186376
22,39,geschickt,"geschickt,",0,DE-TR,Multilingual,"Ich so: “Mutti, ich will unbedingt nach Frankreich! Bütün sınıf gidiyor, ben niye gidemeyeceğim?“ ""Ja, du bist ein Mädchen, du bist Türke, du kannst nicht!"" Mutti warum kann ich nicht? Bütün sınıf gidiyor, ihr habt mich aufs Gymnasium geschickt, also, siz bu yollara katlanacaksınız, ne? Ist so.",8.674066543579102,12.514032786762442,4,12.514032786762442
22,40,also,"also,",0,DE-TR,Multilingual,"Ich so: “Mutti, ich will unbedingt nach Frankreich! Bütün sınıf gidiyor, ben niye gidemeyeceğim?“ ""Ja, du bist ein Mädchen, du bist Türke, du kannst nicht!"" Mutti warum kann ich nicht? Bütün sınıf gidiyor, ihr habt mich aufs Gymnasium geschickt, also, siz bu yollara katlanacaksınız, ne? Ist so.",19.11376190185547,27.575329508539287,3,27.575329508539287
22,41,siz,siz,1,DE-TR,Multilingual,"Ich so: “Mutti, ich will unbedingt nach Frankreich! Bütün sınıf gidiyor, ben niye gidemeyeceğim?“ ""Ja, du bist ein Mädchen, du bist Türke, du kannst nicht!"" Mutti warum kann ich nicht? Bütün sınıf gidiyor, ihr habt mich aufs Gymnasium geschickt, also, siz bu yollara katlanacaksınız, ne? Ist so.",14.632499694824219,21.11023474553217,2,21.11023474553217
22,42,bu,bu,0,DE-TR,Multilingual,"Ich so: “Mutti, ich will unbedingt nach Frankreich! Bütün sınıf gidiyor, ben niye gidemeyeceğim?“ ""Ja, du bist ein Mädchen, du bist Türke, du kannst nicht!"" Mutti warum kann ich nicht? Bütün sınıf gidiyor, ihr habt mich aufs Gymnasium geschickt, also, siz bu yollara katlanacaksınız, ne? Ist so.",13.200019836425781,19.04360315764742,2,19.04360315764742
22,43,yollara,yollara,0,DE-TR,Multilingual,"Ich so: “Mutti, ich will unbedingt nach Frankreich! Bütün sınıf gidiyor, ben niye gidemeyeceğim?“ ""Ja, du bist ein Mädchen, du bist Türke, du kannst nicht!"" Mutti warum kann ich nicht? Bütün sınıf gidiyor, ihr habt mich aufs Gymnasium geschickt, also, siz bu yollara katlanacaksınız, ne? Ist so.",16.64335823059082,24.01129038301189,3,24.01129038301189
22,44,katlanacaksınız,"katlanacaksınız,",0,DE-TR,Multilingual,"Ich so: “Mutti, ich will unbedingt nach Frankreich! Bütün sınıf gidiyor, ben niye gidemeyeceğim?“ ""Ja, du bist ein Mädchen, du bist Türke, du kannst nicht!"" Mutti warum kann ich nicht? Bütün sınıf gidiyor, ihr habt mich aufs Gymnasium geschickt, also, siz bu yollara katlanacaksınız, ne? Ist so.",21.257186889648438,30.66763810894569,5,30.66763810894569
22,45,ne,ne?,1,DE-TR,Multilingual,"Ich so: “Mutti, ich will unbedingt nach Frankreich! Bütün sınıf gidiyor, ben niye gidemeyeceğim?“ ""Ja, du bist ein Mädchen, du bist Türke, du kannst nicht!"" Mutti warum kann ich nicht? Bütün sınıf gidiyor, ihr habt mich aufs Gymnasium geschickt, also, siz bu yollara katlanacaksınız, ne? Ist so.",15.635110855102539,22.556696894405633,3,22.556696894405633
22,46,Ist,Ist,0,DE-TR,Multilingual,"Ich so: “Mutti, ich will unbedingt nach Frankreich! Bütün sınıf gidiyor, ben niye gidemeyeceğim?“ ""Ja, du bist ein Mädchen, du bist Türke, du kannst nicht!"" Mutti warum kann ich nicht? Bütün sınıf gidiyor, ihr habt mich aufs Gymnasium geschickt, also, siz bu yollara katlanacaksınız, ne? Ist so.",10.371940612792969,14.963547286471252,2,14.963547286471252
22,47,so,so.,0,DE-TR,Multilingual,"Ich so: “Mutti, ich will unbedingt nach Frankreich! Bütün sınıf gidiyor, ben niye gidemeyeceğim?“ ""Ja, du bist ein Mädchen, du bist Türke, du kannst nicht!"" Mutti warum kann ich nicht? Bütün sınıf gidiyor, ihr habt mich aufs Gymnasium geschickt, also, siz bu yollara katlanacaksınız, ne? Ist so.",6.807683944702148,9.821411866961206,3,9.821411866961206
23,1,Und,Und,0,DE-TR,Multilingual,"Und dann ist es natürlich toll, buraya ilk geldiğinde falan böyle, die Straße war schon die Zimmerstraße, böyle, mir kamen die Tränen in der Art!",12.301764488220215,17.74769462133926,2,17.74769462133926
23,2,dann,dann,0,DE-TR,Multilingual,"Und dann ist es natürlich toll, buraya ilk geldiğinde falan böyle, die Straße war schon die Zimmerstraße, böyle, mir kamen die Tränen in der Art!",6.448749542236328,9.303578984519325,2,9.303578984519325
23,3,ist,ist,0,DE-TR,Multilingual,"Und dann ist es natürlich toll, buraya ilk geldiğinde falan böyle, die Straße war schon die Zimmerstraße, böyle, mir kamen die Tränen in der Art!",5.234635353088379,7.551982464762652,2,7.551982464762652
23,4,es,es,0,DE-TR,Multilingual,"Und dann ist es natürlich toll, buraya ilk geldiğinde falan böyle, die Straße war schon die Zimmerstraße, böyle, mir kamen die Tränen in der Art!",7.325610160827637,10.568621450511834,2,10.568621450511834
23,5,natürlich,natürlich,0,DE-TR,Multilingual,"Und dann ist es natürlich toll, buraya ilk geldiğinde falan böyle, die Straße war schon die Zimmerstraße, böyle, mir kamen die Tränen in der Art!",10.57087516784668,15.250549182508694,2,15.250549182508694
23,6,toll,"toll,",0,DE-TR,Multilingual,"Und dann ist es natürlich toll, buraya ilk geldiğinde falan böyle, die Straße war schon die Zimmerstraße, böyle, mir kamen die Tränen in der Art!",30.304542541503906,43.72021324103631,3,43.72021324103631
23,7,buraya,buraya,1,DE-TR,Multilingual,"Und dann ist es natürlich toll, buraya ilk geldiğinde falan böyle, die Straße war schon die Zimmerstraße, böyle, mir kamen die Tränen in der Art!",31.073814392089844,44.83003792497212,2,44.83003792497212
23,8,ilk,ilk,0,DE-TR,Multilingual,"Und dann ist es natürlich toll, buraya ilk geldiğinde falan böyle, die Straße war schon die Zimmerstraße, böyle, mir kamen die Tränen in der Art!",11.600587844848633,16.73611055515991,2,16.73611055515991
23,9,geldiğinde,geldiğinde,0,DE-TR,Multilingual,"Und dann ist es natürlich toll, buraya ilk geldiğinde falan böyle, die Straße war schon die Zimmerstraße, böyle, mir kamen die Tränen in der Art!",14.563356399536133,21.01048205630933,3,21.01048205630933
23,10,falan,falan,0,DE-TR,Multilingual,"Und dann ist es natürlich toll, buraya ilk geldiğinde falan böyle, die Straße war schon die Zimmerstraße, böyle, mir kamen die Tränen in der Art!",14.233302116394043,20.534314378796076,2,20.534314378796076
23,11,böyle,"böyle,",0,DE-TR,Multilingual,"Und dann ist es natürlich toll, buraya ilk geldiğinde falan böyle, die Straße war schon die Zimmerstraße, böyle, mir kamen die Tränen in der Art!",13.511445045471191,19.492894762345042,3,19.492894762345042
23,12,die,die,1,DE-TR,Multilingual,"Und dann ist es natürlich toll, buraya ilk geldiğinde falan böyle, die Straße war schon die Zimmerstraße, böyle, mir kamen die Tränen in der Art!",11.315500259399414,16.324816109413316,2,16.324816109413316
23,13,Straße,Straße,0,DE-TR,Multilingual,"Und dann ist es natürlich toll, buraya ilk geldiğinde falan böyle, die Straße war schon die Zimmerstraße, böyle, mir kamen die Tränen in der Art!",11.095375061035156,16.0072425773585,2,16.0072425773585
23,14,war,war,0,DE-TR,Multilingual,"Und dann ist es natürlich toll, buraya ilk geldiğinde falan böyle, die Straße war schon die Zimmerstraße, böyle, mir kamen die Tränen in der Art!",8.079787254333496,11.656669003264788,2,11.656669003264788
23,15,schon,schon,0,DE-TR,Multilingual,"Und dann ist es natürlich toll, buraya ilk geldiğinde falan böyle, die Straße war schon die Zimmerstraße, böyle, mir kamen die Tränen in der Art!",9.636627197265625,13.902714268390827,2,13.902714268390827
23,16,die,die,0,DE-TR,Multilingual,"Und dann ist es natürlich toll, buraya ilk geldiğinde falan böyle, die Straße war schon die Zimmerstraße, böyle, mir kamen die Tränen in der Art!",16.36910057067871,23.61562021713088,2,23.61562021713088
23,17,Zimmerstraße,"Zimmerstraße,",0,DE-TR,Multilingual,"Und dann ist es natürlich toll, buraya ilk geldiğinde falan böyle, die Straße war schon die Zimmerstraße, böyle, mir kamen die Tränen in der Art!",28.93548583984375,41.7450819268554,4,41.7450819268554
23,18,böyle,"böyle,",1,DE-TR,Multilingual,"Und dann ist es natürlich toll, buraya ilk geldiğinde falan böyle, die Straße war schon die Zimmerstraße, böyle, mir kamen die Tränen in der Art!",21.714529037475586,31.327443357605425,3,31.327443357605425
23,19,mir,mir,1,DE-TR,Multilingual,"Und dann ist es natürlich toll, buraya ilk geldiğinde falan böyle, die Straße war schon die Zimmerstraße, böyle, mir kamen die Tränen in der Art!",15.709088325500488,22.663423824086266,2,22.663423824086266
23,20,kamen,kamen,0,DE-TR,Multilingual,"Und dann ist es natürlich toll, buraya ilk geldiğinde falan böyle, die Straße war schon die Zimmerstraße, böyle, mir kamen die Tränen in der Art!",9.949621200561523,14.354269164773804,2,14.354269164773804
23,21,die,die,0,DE-TR,Multilingual,"Und dann ist es natürlich toll, buraya ilk geldiğinde falan böyle, die Straße war schon die Zimmerstraße, böyle, mir kamen die Tränen in der Art!",5.642167568206787,8.139927170516474,2,8.139927170516474
23,22,Tränen,Tränen,0,DE-TR,Multilingual,"Und dann ist es natürlich toll, buraya ilk geldiğinde falan böyle, die Straße war schon die Zimmerstraße, böyle, mir kamen die Tränen in der Art!",6.3040313720703125,9.094794798094288,3,9.094794798094288
23,23,in,in,0,DE-TR,Multilingual,"Und dann ist es natürlich toll, buraya ilk geldiğinde falan böyle, die Straße war schon die Zimmerstraße, böyle, mir kamen die Tränen in der Art!",10.347382545471191,14.928117484532308,2,14.928117484532308
23,24,der,der,0,DE-TR,Multilingual,"Und dann ist es natürlich toll, buraya ilk geldiğinde falan böyle, die Straße war schon die Zimmerstraße, böyle, mir kamen die Tränen in der Art!",15.36668872833252,22.169445623249658,2,22.169445623249658
23,25,Art,Art!,0,DE-TR,Multilingual,"Und dann ist es natürlich toll, buraya ilk geldiğinde falan böyle, die Straße war schon die Zimmerstraße, böyle, mir kamen die Tränen in der Art!",15.761693954467773,22.73931770412021,3,22.73931770412021
24,1,An,An,0,DE-TR,Multilingual,"An dem Wagen genau, onlar konuşuyor, Cennet total verliebte Augen und so, und ich hab den Kerl nicht gemocht, die waren wieviel waren die acht Monate zusammen, und Cennet die ersten paar Monate hiç böyle yalnız gitmek istemiyordu yanına.",15.49185848236084,22.350027406655606,2,22.350027406655606
24,2,dem,dem,0,DE-TR,Multilingual,"An dem Wagen genau, onlar konuşuyor, Cennet total verliebte Augen und so, und ich hab den Kerl nicht gemocht, die waren wieviel waren die acht Monate zusammen, und Cennet die ersten paar Monate hiç böyle yalnız gitmek istemiyordu yanına.",17.443336486816406,25.165415046087542,2,25.165415046087542
24,3,Wagen,Wagen,0,DE-TR,Multilingual,"An dem Wagen genau, onlar konuşuyor, Cennet total verliebte Augen und so, und ich hab den Kerl nicht gemocht, die waren wieviel waren die acht Monate zusammen, und Cennet die ersten paar Monate hiç böyle yalnız gitmek istemiyordu yanına.",18.843143463134766,27.184909629023814,2,27.184909629023814
24,4,genau,"genau,",0,DE-TR,Multilingual,"An dem Wagen genau, onlar konuşuyor, Cennet total verliebte Augen und so, und ich hab den Kerl nicht gemocht, die waren wieviel waren die acht Monate zusammen, und Cennet die ersten paar Monate hiç böyle yalnız gitmek istemiyordu yanına.",36.533935546875,52.70732763763358,3,52.70732763763358
24,5,onlar,onlar,1,DE-TR,Multilingual,"An dem Wagen genau, onlar konuşuyor, Cennet total verliebte Augen und so, und ich hab den Kerl nicht gemocht, die waren wieviel waren die acht Monate zusammen, und Cennet die ersten paar Monate hiç böyle yalnız gitmek istemiyordu yanına.",31.360179901123047,45.243176024735966,2,45.243176024735966
24,6,konuşuyor,"konuşuyor,",0,DE-TR,Multilingual,"An dem Wagen genau, onlar konuşuyor, Cennet total verliebte Augen und so, und ich hab den Kerl nicht gemocht, die waren wieviel waren die acht Monate zusammen, und Cennet die ersten paar Monate hiç böyle yalnız gitmek istemiyordu yanına.",21.66208839416504,31.251787501560273,4,31.251787501560273
24,7,Cennet,Cennet,0,DE-TR,Multilingual,"An dem Wagen genau, onlar konuşuyor, Cennet total verliebte Augen und so, und ich hab den Kerl nicht gemocht, die waren wieviel waren die acht Monate zusammen, und Cennet die ersten paar Monate hiç böyle yalnız gitmek istemiyordu yanına.",25.340282440185547,36.55829981118137,3,36.55829981118137
24,8,total,total,1,DE-TR,Multilingual,"An dem Wagen genau, onlar konuşuyor, Cennet total verliebte Augen und so, und ich hab den Kerl nicht gemocht, die waren wieviel waren die acht Monate zusammen, und Cennet die ersten paar Monate hiç böyle yalnız gitmek istemiyordu yanına.",20.490285873413086,29.561233815970244,2,29.561233815970244
24,9,verliebte,verliebte,0,DE-TR,Multilingual,"An dem Wagen genau, onlar konuşuyor, Cennet total verliebte Augen und so, und ich hab den Kerl nicht gemocht, die waren wieviel waren die acht Monate zusammen, und Cennet die ersten paar Monate hiç böyle yalnız gitmek istemiyordu yanına.",25.44999885559082,36.71658713959067,4,36.71658713959067
24,10,Augen,Augen,0,DE-TR,Multilingual,"An dem Wagen genau, onlar konuşuyor, Cennet total verliebte Augen und so, und ich hab den Kerl nicht gemocht, die waren wieviel waren die acht Monate zusammen, und Cennet die ersten paar Monate hiç böyle yalnız gitmek istemiyordu yanına.",10.585556030273438,15.27172918992775,2,15.27172918992775
24,11,und,und,0,DE-TR,Multilingual,"An dem Wagen genau, onlar konuşuyor, Cennet total verliebte Augen und so, und ich hab den Kerl nicht gemocht, die waren wieviel waren die acht Monate zusammen, und Cennet die ersten paar Monate hiç böyle yalnız gitmek istemiyordu yanına.",8.060249328613281,11.628481734718978,2,11.628481734718978
24,12,so,"so,",0,DE-TR,Multilingual,"An dem Wagen genau, onlar konuşuyor, Cennet total verliebte Augen und so, und ich hab den Kerl nicht gemocht, die waren wieviel waren die acht Monate zusammen, und Cennet die ersten paar Monate hiç böyle yalnız gitmek istemiyordu yanına.",11.420427322387695,16.47619386284155,3,16.47619386284155
24,13,und,und,0,DE-TR,Multilingual,"An dem Wagen genau, onlar konuşuyor, Cennet total verliebte Augen und so, und ich hab den Kerl nicht gemocht, die waren wieviel waren die acht Monate zusammen, und Cennet die ersten paar Monate hiç böyle yalnız gitmek istemiyordu yanına.",7.171182632446289,10.345829621139323,2,10.345829621139323
24,14,ich,ich,0,DE-TR,Multilingual,"An dem Wagen genau, onlar konuşuyor, Cennet total verliebte Augen und so, und ich hab den Kerl nicht gemocht, die waren wieviel waren die acht Monate zusammen, und Cennet die ersten paar Monate hiç böyle yalnız gitmek istemiyordu yanına.",8.756697654724121,12.633244281034507,2,12.633244281034507
24,15,hab,hab,0,DE-TR,Multilingual,"An dem Wagen genau, onlar konuşuyor, Cennet total verliebte Augen und so, und ich hab den Kerl nicht gemocht, die waren wieviel waren die acht Monate zusammen, und Cennet die ersten paar Monate hiç böyle yalnız gitmek istemiyordu yanına.",9.24176025390625,13.333041687395275,2,13.333041687395275
24,16,den,den,0,DE-TR,Multilingual,"An dem Wagen genau, onlar konuşuyor, Cennet total verliebte Augen und so, und ich hab den Kerl nicht gemocht, die waren wieviel waren die acht Monate zusammen, und Cennet die ersten paar Monate hiç böyle yalnız gitmek istemiyordu yanına.",10.737154960632324,15.490440214960588,2,15.490440214960588
24,17,Kerl,Kerl,0,DE-TR,Multilingual,"An dem Wagen genau, onlar konuşuyor, Cennet total verliebte Augen und so, und ich hab den Kerl nicht gemocht, die waren wieviel waren die acht Monate zusammen, und Cennet die ersten paar Monate hiç böyle yalnız gitmek istemiyordu yanına.",10.046771049499512,14.494426770059752,3,14.494426770059752
24,18,nicht,nicht,0,DE-TR,Multilingual,"An dem Wagen genau, onlar konuşuyor, Cennet total verliebte Augen und so, und ich hab den Kerl nicht gemocht, die waren wieviel waren die acht Monate zusammen, und Cennet die ersten paar Monate hiç böyle yalnız gitmek istemiyordu yanına.",11.278525352478027,16.2714725945605,2,16.2714725945605
24,19,gemocht,"gemocht,",0,DE-TR,Multilingual,"An dem Wagen genau, onlar konuşuyor, Cennet total verliebte Augen und so, und ich hab den Kerl nicht gemocht, die waren wieviel waren die acht Monate zusammen, und Cennet die ersten paar Monate hiç böyle yalnız gitmek istemiyordu yanına.",12.792682647705078,18.455939815510412,4,18.455939815510412
24,20,die,die,0,DE-TR,Multilingual,"An dem Wagen genau, onlar konuşuyor, Cennet total verliebte Augen und so, und ich hab den Kerl nicht gemocht, die waren wieviel waren die acht Monate zusammen, und Cennet die ersten paar Monate hiç böyle yalnız gitmek istemiyordu yanına.",9.049680709838867,13.055929481713049,2,13.055929481713049
24,21,waren,waren,0,DE-TR,Multilingual,"An dem Wagen genau, onlar konuşuyor, Cennet total verliebte Augen und so, und ich hab den Kerl nicht gemocht, die waren wieviel waren die acht Monate zusammen, und Cennet die ersten paar Monate hiç böyle yalnız gitmek istemiyordu yanına.",9.740074157714844,14.051956685225953,2,14.051956685225953
24,22,wieviel,wieviel,0,DE-TR,Multilingual,"An dem Wagen genau, onlar konuşuyor, Cennet total verliebte Augen und so, und ich hab den Kerl nicht gemocht, die waren wieviel waren die acht Monate zusammen, und Cennet die ersten paar Monate hiç böyle yalnız gitmek istemiyordu yanına.",21.952465057373047,31.67071247356035,3,31.67071247356035
24,23,waren,waren,0,DE-TR,Multilingual,"An dem Wagen genau, onlar konuşuyor, Cennet total verliebte Augen und so, und ich hab den Kerl nicht gemocht, die waren wieviel waren die acht Monate zusammen, und Cennet die ersten paar Monate hiç böyle yalnız gitmek istemiyordu yanına.",11.921957015991211,17.199748264661906,2,17.199748264661906
24,24,die,die,0,DE-TR,Multilingual,"An dem Wagen genau, onlar konuşuyor, Cennet total verliebte Augen und so, und ich hab den Kerl nicht gemocht, die waren wieviel waren die acht Monate zusammen, und Cennet die ersten paar Monate hiç böyle yalnız gitmek istemiyordu yanına.",11.368659973144531,16.401509364808472,2,16.401509364808472
24,25,acht,acht,0,DE-TR,Multilingual,"An dem Wagen genau, onlar konuşuyor, Cennet total verliebte Augen und so, und ich hab den Kerl nicht gemocht, die waren wieviel waren die acht Monate zusammen, und Cennet die ersten paar Monate hiç böyle yalnız gitmek istemiyordu yanına.",12.50906753540039,18.046769699467273,2,18.046769699467273
24,26,Monate,Monate,0,DE-TR,Multilingual,"An dem Wagen genau, onlar konuşuyor, Cennet total verliebte Augen und so, und ich hab den Kerl nicht gemocht, die waren wieviel waren die acht Monate zusammen, und Cennet die ersten paar Monate hiç böyle yalnız gitmek istemiyordu yanına.",8.666513442993164,12.503135966003775,2,12.503135966003775
24,27,zusammen,"zusammen,",0,DE-TR,Multilingual,"An dem Wagen genau, onlar konuşuyor, Cennet total verliebte Augen und so, und ich hab den Kerl nicht gemocht, die waren wieviel waren die acht Monate zusammen, und Cennet die ersten paar Monate hiç böyle yalnız gitmek istemiyordu yanına.",6.797697067260742,9.807003848402523,3,9.807003848402523
24,28,und,und,0,DE-TR,Multilingual,"An dem Wagen genau, onlar konuşuyor, Cennet total verliebte Augen und so, und ich hab den Kerl nicht gemocht, die waren wieviel waren die acht Monate zusammen, und Cennet die ersten paar Monate hiç böyle yalnız gitmek istemiyordu yanına.",7.4523091316223145,10.75140942736305,2,10.75140942736305
24,29,Cennet,Cennet,1,DE-TR,Multilingual,"An dem Wagen genau, onlar konuşuyor, Cennet total verliebte Augen und so, und ich hab den Kerl nicht gemocht, die waren wieviel waren die acht Monate zusammen, und Cennet die ersten paar Monate hiç böyle yalnız gitmek istemiyordu yanına.",11.489770889282227,16.576235482917845,3,16.576235482917845
24,30,die,die,1,DE-TR,Multilingual,"An dem Wagen genau, onlar konuşuyor, Cennet total verliebte Augen und so, und ich hab den Kerl nicht gemocht, die waren wieviel waren die acht Monate zusammen, und Cennet die ersten paar Monate hiç böyle yalnız gitmek istemiyordu yanına.",10.266608238220215,14.811584792030082,2,14.811584792030082
24,31,ersten,ersten,0,DE-TR,Multilingual,"An dem Wagen genau, onlar konuşuyor, Cennet total verliebte Augen und so, und ich hab den Kerl nicht gemocht, die waren wieviel waren die acht Monate zusammen, und Cennet die ersten paar Monate hiç böyle yalnız gitmek istemiyordu yanına.",8.793630599975586,12.686527257994218,2,12.686527257994218
24,32,paar,paar,0,DE-TR,Multilingual,"An dem Wagen genau, onlar konuşuyor, Cennet total verliebte Augen und so, und ich hab den Kerl nicht gemocht, die waren wieviel waren die acht Monate zusammen, und Cennet die ersten paar Monate hiç böyle yalnız gitmek istemiyordu yanına.",4.532256126403809,6.5386634376013975,2,6.5386634376013975
24,33,Monate,Monate,0,DE-TR,Multilingual,"An dem Wagen genau, onlar konuşuyor, Cennet total verliebte Augen und so, und ich hab den Kerl nicht gemocht, die waren wieviel waren die acht Monate zusammen, und Cennet die ersten paar Monate hiç böyle yalnız gitmek istemiyordu yanına.",18.285324096679688,26.38014639532725,2,26.38014639532725
24,34,hiç,hiç,1,DE-TR,Multilingual,"An dem Wagen genau, onlar konuşuyor, Cennet total verliebte Augen und so, und ich hab den Kerl nicht gemocht, die waren wieviel waren die acht Monate zusammen, und Cennet die ersten paar Monate hiç böyle yalnız gitmek istemiyordu yanına.",21.927854537963867,31.635206999255026,2,31.635206999255026
24,35,böyle,böyle,0,DE-TR,Multilingual,"An dem Wagen genau, onlar konuşuyor, Cennet total verliebte Augen und so, und ich hab den Kerl nicht gemocht, die waren wieviel waren die acht Monate zusammen, und Cennet die ersten paar Monate hiç böyle yalnız gitmek istemiyordu yanına.",11.659928321838379,16.821720767037004,2,16.821720767037004
24,36,yalnız,yalnız,0,DE-TR,Multilingual,"An dem Wagen genau, onlar konuşuyor, Cennet total verliebte Augen und so, und ich hab den Kerl nicht gemocht, die waren wieviel waren die acht Monate zusammen, und Cennet die ersten paar Monate hiç böyle yalnız gitmek istemiyordu yanına.",11.977152824401855,17.2793789837338,2,17.2793789837338
24,37,gitmek,gitmek,0,DE-TR,Multilingual,"An dem Wagen genau, onlar konuşuyor, Cennet total verliebte Augen und so, und ich hab den Kerl nicht gemocht, die waren wieviel waren die acht Monate zusammen, und Cennet die ersten paar Monate hiç böyle yalnız gitmek istemiyordu yanına.",11.537494659423828,16.645086329433656,3,16.645086329433656
24,38,istemiyordu,istemiyordu,0,DE-TR,Multilingual,"An dem Wagen genau, onlar konuşuyor, Cennet total verliebte Augen und so, und ich hab den Kerl nicht gemocht, die waren wieviel waren die acht Monate zusammen, und Cennet die ersten paar Monate hiç böyle yalnız gitmek istemiyordu yanına.",16.80872344970703,24.249861964566364,3,24.249861964566364
24,39,yanına,yanına.,0,DE-TR,Multilingual,"An dem Wagen genau, onlar konuşuyor, Cennet total verliebte Augen und so, und ich hab den Kerl nicht gemocht, die waren wieviel waren die acht Monate zusammen, und Cennet die ersten paar Monate hiç böyle yalnız gitmek istemiyordu yanına.",16.871906280517578,24.341015521246067,3,24.341015521246067
25,1,Weißt,Weißt,0,DE-TR,Multilingual,"Weißt du, das ist so ein Typ, er hat gedacht, weil, Cennet sieht ja nicht aus wie eine Türkin, tamam, und dass sie total anders wäre.",13.356202125549316,19.26892657164063,3,19.26892657164063
25,2,du,"du,",0,DE-TR,Multilingual,"Weißt du, das ist so ein Typ, er hat gedacht, weil, Cennet sieht ja nicht aus wie eine Türkin, tamam, und dass sie total anders wäre.",5.26844596862793,7.600760872130966,3,7.600760872130966
25,3,das,das,0,DE-TR,Multilingual,"Weißt du, das ist so ein Typ, er hat gedacht, weil, Cennet sieht ja nicht aus wie eine Türkin, tamam, und dass sie total anders wäre.",5.331932544708252,7.692352640605066,2,7.692352640605066
25,4,ist,ist,0,DE-TR,Multilingual,"Weißt du, das ist so ein Typ, er hat gedacht, weil, Cennet sieht ja nicht aus wie eine Türkin, tamam, und dass sie total anders wäre.",4.9416632652282715,7.12931308648799,2,7.12931308648799
25,5,so,so,0,DE-TR,Multilingual,"Weißt du, das ist so ein Typ, er hat gedacht, weil, Cennet sieht ja nicht aus wie eine Türkin, tamam, und dass sie total anders wäre.",5.767121315002441,8.32019732135906,2,8.32019732135906
25,6,ein,ein,0,DE-TR,Multilingual,"Weißt du, das ist so ein Typ, er hat gedacht, weil, Cennet sieht ja nicht aus wie eine Türkin, tamam, und dass sie total anders wäre.",8.524445533752441,12.29817529787272,2,12.29817529787272
25,7,Typ,"Typ,",0,DE-TR,Multilingual,"Weißt du, das ist so ein Typ, er hat gedacht, weil, Cennet sieht ja nicht aus wie eine Türkin, tamam, und dass sie total anders wäre.",12.763093948364258,18.413252345705054,3,18.413252345705054
25,8,er,er,0,DE-TR,Multilingual,"Weißt du, das ist so ein Typ, er hat gedacht, weil, Cennet sieht ja nicht aus wie eine Türkin, tamam, und dass sie total anders wäre.",7.172528266906738,10.347770961302263,2,10.347770961302263
25,9,hat,hat,0,DE-TR,Multilingual,"Weißt du, das ist so ein Typ, er hat gedacht, weil, Cennet sieht ja nicht aus wie eine Türkin, tamam, und dass sie total anders wäre.",11.271805763244629,16.261778276496663,2,16.261778276496663
25,10,gedacht,"gedacht,",0,DE-TR,Multilingual,"Weißt du, das ist so ein Typ, er hat gedacht, weil, Cennet sieht ja nicht aus wie eine Türkin, tamam, und dass sie total anders wäre.",15.705158233642578,22.65775390005262,3,22.65775390005262
25,11,weil,"weil,",0,DE-TR,Multilingual,"Weißt du, das ist so ein Typ, er hat gedacht, weil, Cennet sieht ja nicht aus wie eine Türkin, tamam, und dass sie total anders wäre.",24.161453247070312,34.85760878021888,3,34.85760878021888
25,12,Cennet,Cennet,1,DE-TR,Multilingual,"Weißt du, das ist so ein Typ, er hat gedacht, weil, Cennet sieht ja nicht aus wie eine Türkin, tamam, und dass sie total anders wäre.",27.990493774414062,40.38174656038057,3,40.38174656038057
25,13,sieht,sieht,0,DE-TR,Multilingual,"Weißt du, das ist so ein Typ, er hat gedacht, weil, Cennet sieht ja nicht aus wie eine Türkin, tamam, und dass sie total anders wäre.",11.73104190826416,16.924315985513307,2,16.924315985513307
25,14,ja,ja,0,DE-TR,Multilingual,"Weißt du, das ist so ein Typ, er hat gedacht, weil, Cennet sieht ja nicht aus wie eine Türkin, tamam, und dass sie total anders wäre.",6.413370132446289,9.252537285465657,2,9.252537285465657
25,15,nicht,nicht,0,DE-TR,Multilingual,"Weißt du, das ist so ein Typ, er hat gedacht, weil, Cennet sieht ja nicht aus wie eine Türkin, tamam, und dass sie total anders wäre.",5.1603827476501465,7.44485859912383,2,7.44485859912383
25,16,aus,aus,0,DE-TR,Multilingual,"Weißt du, das ist so ein Typ, er hat gedacht, weil, Cennet sieht ja nicht aus wie eine Türkin, tamam, und dass sie total anders wäre.",2.963150978088379,4.274923221493386,2,4.274923221493386
25,17,wie,wie,0,DE-TR,Multilingual,"Weißt du, das ist so ein Typ, er hat gedacht, weil, Cennet sieht ja nicht aus wie eine Türkin, tamam, und dass sie total anders wäre.",3.0268492698669434,4.366820431155419,2,4.366820431155419
25,18,eine,eine,1,DE-TR,Multilingual,"Weißt du, das ist so ein Typ, er hat gedacht, weil, Cennet sieht ja nicht aus wie eine Türkin, tamam, und dass sie total anders wäre.",10.019625663757324,14.45526425666648,2,14.45526425666648
25,19,Türkin,"Türkin,",0,DE-TR,Multilingual,"Weißt du, das ist so ein Typ, er hat gedacht, weil, Cennet sieht ja nicht aus wie eine Türkin, tamam, und dass sie total anders wäre.",27.167316436767578,39.19415269758581,4,39.19415269758581
25,20,tamam,"tamam,",1,DE-TR,Multilingual,"Weißt du, das ist so ein Typ, er hat gedacht, weil, Cennet sieht ja nicht aus wie eine Türkin, tamam, und dass sie total anders wäre.",21.107723236083984,30.45200763715511,3,30.45200763715511
25,21,und,und,1,DE-TR,Multilingual,"Weißt du, das ist so ein Typ, er hat gedacht, weil, Cennet sieht ja nicht aus wie eine Türkin, tamam, und dass sie total anders wäre.",8.196374893188477,11.824869411669823,2,11.824869411669823
25,22,dass,dass,0,DE-TR,Multilingual,"Weißt du, das ist so ein Typ, er hat gedacht, weil, Cennet sieht ja nicht aus wie eine Türkin, tamam, und dass sie total anders wäre.",7.01057243347168,10.114118083562465,2,10.114118083562465
25,23,sie,sie,0,DE-TR,Multilingual,"Weißt du, das ist so ein Typ, er hat gedacht, weil, Cennet sieht ja nicht aus wie eine Türkin, tamam, und dass sie total anders wäre.",9.484390258789062,13.683082792210573,2,13.683082792210573
25,24,total,total,0,DE-TR,Multilingual,"Weißt du, das ist so ein Typ, er hat gedacht, weil, Cennet sieht ja nicht aus wie eine Türkin, tamam, und dass sie total anders wäre.",11.277087211608887,16.26939779586049,2,16.26939779586049
25,25,anders,anders,0,DE-TR,Multilingual,"Weißt du, das ist so ein Typ, er hat gedacht, weil, Cennet sieht ja nicht aus wie eine Türkin, tamam, und dass sie total anders wäre.",8.675182342529297,12.515642544374519,2,12.515642544374519
25,26,wäre,wäre.,0,DE-TR,Multilingual,"Weißt du, das ist so ein Typ, er hat gedacht, weil, Cennet sieht ja nicht aus wie eine Türkin, tamam, und dass sie total anders wäre.",7.479529857635498,10.790680633791668,3,10.790680633791668
26,1,Er,Er,0,DE-TR,Multilingual,"Er hat gedacht, er hat sie sitzengelassen, şimdi ağlıyordur falan.",12.943059921264648,18.672888362337208,2,18.672888362337208
26,2,hat,hat,0,DE-TR,Multilingual,"Er hat gedacht, er hat sie sitzengelassen, şimdi ağlıyordur falan.",13.894784927368164,20.045937308932768,2,20.045937308932768
26,3,gedacht,"gedacht,",0,DE-TR,Multilingual,"Er hat gedacht, er hat sie sitzengelassen, şimdi ağlıyordur falan.",11.85454273223877,17.102490011807177,3,17.102490011807177
26,4,er,er,0,DE-TR,Multilingual,"Er hat gedacht, er hat sie sitzengelassen, şimdi ağlıyordur falan.",5.859728813171387,8.45380169971653,2,8.45380169971653
26,5,hat,hat,0,DE-TR,Multilingual,"Er hat gedacht, er hat sie sitzengelassen, şimdi ağlıyordur falan.",7.59300422668457,10.95438954328677,2,10.95438954328677
26,6,sie,sie,0,DE-TR,Multilingual,"Er hat gedacht, er hat sie sitzengelassen, şimdi ağlıyordur falan.",7.605987071990967,10.973119829826935,2,10.973119829826935
26,7,sitzengelassen,"sitzengelassen,",0,DE-TR,Multilingual,"Er hat gedacht, er hat sie sitzengelassen, şimdi ağlıyordur falan.",34.59026336669922,49.903201422180146,5,49.903201422180146
26,8,şimdi,şimdi,1,DE-TR,Multilingual,"Er hat gedacht, er hat sie sitzengelassen, şimdi ağlıyordur falan.",29.669557571411133,42.80412357364444,2,42.80412357364444
26,9,ağlıyordur,ağlıyordur,0,DE-TR,Multilingual,"Er hat gedacht, er hat sie sitzengelassen, şimdi ağlıyordur falan.",25.67938232421875,37.0475175322421,4,37.0475175322421
26,10,falan,falan.,0,DE-TR,Multilingual,"Er hat gedacht, er hat sie sitzengelassen, şimdi ağlıyordur falan.",9.55797290802002,13.789240115351546,3,13.789240115351546
27,1,Deswegen,Deswegen,0,DE-TR,Multilingual,"Deswegen ist bisschen billiger, yoksa eh wir wollten auch größere Wohnung nehmen, aber über 1000 Euro Miete.",15.261907577514648,22.01827837658608,3,22.01827837658608
27,2,ist,ist,0,DE-TR,Multilingual,"Deswegen ist bisschen billiger, yoksa eh wir wollten auch größere Wohnung nehmen, aber über 1000 Euro Miete.",15.431924819946289,22.263561409107822,2,22.263561409107822
27,3,bisschen,bisschen,0,DE-TR,Multilingual,"Deswegen ist bisschen billiger, yoksa eh wir wollten auch größere Wohnung nehmen, aber über 1000 Euro Miete.",20.188053131103516,29.12520413744595,2,29.12520413744595
27,4,billiger,"billiger,",0,DE-TR,Multilingual,"Deswegen ist bisschen billiger, yoksa eh wir wollten auch größere Wohnung nehmen, aber über 1000 Euro Miete.",32.98870086669922,47.59263514575641,4,47.59263514575641
27,5,yoksa,yoksa,1,DE-TR,Multilingual,"Deswegen ist bisschen billiger, yoksa eh wir wollten auch größere Wohnung nehmen, aber über 1000 Euro Miete.",33.28636932373047,48.022079952544466,2,48.022079952544466
27,6,eh,eh,1,DE-TR,Multilingual,"Deswegen ist bisschen billiger, yoksa eh wir wollten auch größere Wohnung nehmen, aber über 1000 Euro Miete.",17.320388793945312,24.988039019293677,2,24.988039019293677
27,7,wir,wir,0,DE-TR,Multilingual,"Deswegen ist bisschen billiger, yoksa eh wir wollten auch größere Wohnung nehmen, aber über 1000 Euro Miete.",14.02480697631836,20.233519474159436,2,20.233519474159436
27,8,wollten,wollten,0,DE-TR,Multilingual,"Deswegen ist bisschen billiger, yoksa eh wir wollten auch größere Wohnung nehmen, aber über 1000 Euro Miete.",10.08835506439209,14.554419822125528,2,14.554419822125528
27,9,auch,auch,0,DE-TR,Multilingual,"Deswegen ist bisschen billiger, yoksa eh wir wollten auch größere Wohnung nehmen, aber über 1000 Euro Miete.",13.628191947937012,19.661324939571628,2,19.661324939571628
27,10,größere,größere,0,DE-TR,Multilingual,"Deswegen ist bisschen billiger, yoksa eh wir wollten auch größere Wohnung nehmen, aber über 1000 Euro Miete.",15.271363258361816,22.031920040452516,2,22.031920040452516
27,11,Wohnung,Wohnung,0,DE-TR,Multilingual,"Deswegen ist bisschen billiger, yoksa eh wir wollten auch größere Wohnung nehmen, aber über 1000 Euro Miete.",9.113279342651367,13.14768291387896,2,13.14768291387896
27,12,nehmen,"nehmen,",0,DE-TR,Multilingual,"Deswegen ist bisschen billiger, yoksa eh wir wollten auch größere Wohnung nehmen, aber über 1000 Euro Miete.",6.907288551330566,9.965110938993721,3,9.965110938993721
27,13,aber,aber,0,DE-TR,Multilingual,"Deswegen ist bisschen billiger, yoksa eh wir wollten auch größere Wohnung nehmen, aber über 1000 Euro Miete.",9.464937210083008,13.655017975312177,2,13.655017975312177
27,14,über,über,0,DE-TR,Multilingual,"Deswegen ist bisschen billiger, yoksa eh wir wollten auch größere Wohnung nehmen, aber über 1000 Euro Miete.",14.068607330322266,20.296710027670052,2,20.296710027670052
27,15,1000,1000,0,DE-TR,Multilingual,"Deswegen ist bisschen billiger, yoksa eh wir wollten auch größere Wohnung nehmen, aber über 1000 Euro Miete.",7.276015281677246,10.497071164308078,2,10.497071164308078
27,16,Euro,Euro,0,DE-TR,Multilingual,"Deswegen ist bisschen billiger, yoksa eh wir wollten auch größere Wohnung nehmen, aber über 1000 Euro Miete.",5.570567607879639,8.036630262824652,2,8.036630262824652
27,17,Miete,Miete.,0,DE-TR,Multilingual,"Deswegen ist bisschen billiger, yoksa eh wir wollten auch größere Wohnung nehmen, aber über 1000 Euro Miete.",8.979347229003906,12.95445971770399,4,12.95445971770399
28,1,Hepsini,Hepsini,0,TR,Monolingual,Hepsini işte üç çantaya sığdırmaya çalıştım.,27.659271240234375,39.903893452888866,3,39.903893452888866
28,2,işte,işte,0,TR,Monolingual,Hepsini işte üç çantaya sığdırmaya çalıştım.,21.272926330566406,30.69034532230441,2,30.69034532230441
28,3,üç,üç,0,TR,Monolingual,Hepsini işte üç çantaya sığdırmaya çalıştım.,12.733898162841797,18.371131730716943,2,18.371131730716943
28,4,çantaya,çantaya,0,TR,Monolingual,Hepsini işte üç çantaya sığdırmaya çalıştım.,14.48823356628418,20.902102717319206,4,20.902102717319206
28,5,sığdırmaya,sığdırmaya,0,TR,Monolingual,Hepsini işte üç çantaya sığdırmaya çalıştım.,7.703857421875,11.114316898254698,4,11.114316898254698
28,6,çalıştım,çalıştım.,0,TR,Monolingual,Hepsini işte üç çantaya sığdırmaya çalıştım.,4.722641944885254,6.813332113780166,4,6.813332113780166
29,1,O,O,0,TR,Monolingual,O eski aile düzeni kalktı ortadan. Bir de biz modern bir toplum olmaya çalıştık.,17.994766235351562,25.96096000969786,2,25.96096000969786
29,2,eski,eski,0,TR,Monolingual,O eski aile düzeni kalktı ortadan. Bir de biz modern bir toplum olmaya çalıştık.,20.56182098388672,29.664437165099997,2,29.664437165099997
29,3,aile,aile,0,TR,Monolingual,O eski aile düzeni kalktı ortadan. Bir de biz modern bir toplum olmaya çalıştık.,15.819066047668457,22.82208813846626,2,22.82208813846626
29,4,düzeni,düzeni,0,TR,Monolingual,O eski aile düzeni kalktı ortadan. Bir de biz modern bir toplum olmaya çalıştık.,14.508594512939453,20.931477354086574,3,20.931477354086574
29,5,kalktı,kalktı,0,TR,Monolingual,O eski aile düzeni kalktı ortadan. Bir de biz modern bir toplum olmaya çalıştık.,16.808616638183594,24.24970786811119,3,24.24970786811119
29,6,ortadan,ortadan.,0,TR,Monolingual,O eski aile düzeni kalktı ortadan. Bir de biz modern bir toplum olmaya çalıştık.,16.309276580810547,23.529312443621887,4,23.529312443621887
29,7,Bir,Bir,0,TR,Monolingual,O eski aile düzeni kalktı ortadan. Bir de biz modern bir toplum olmaya çalıştık.,7.100707054138184,10.244154853810437,2,10.244154853810437
29,8,de,de,0,TR,Monolingual,O eski aile düzeni kalktı ortadan. Bir de biz modern bir toplum olmaya çalıştık.,9.131494522094727,13.173961862930797,2,13.173961862930797
29,9,biz,biz,0,TR,Monolingual,O eski aile düzeni kalktı ortadan. Bir de biz modern bir toplum olmaya çalıştık.,13.4876708984375,19.45859591831817,2,19.45859591831817
29,10,modern,modern,0,TR,Monolingual,O eski aile düzeni kalktı ortadan. Bir de biz modern bir toplum olmaya çalıştık.,9.632257461547852,13.896410072340801,2,13.896410072340801
29,11,bir,bir,0,TR,Monolingual,O eski aile düzeni kalktı ortadan. Bir de biz modern bir toplum olmaya çalıştık.,4.53584623336792,6.543842867114782,2,6.543842867114782
29,12,toplum,toplum,0,TR,Monolingual,O eski aile düzeni kalktı ortadan. Bir de biz modern bir toplum olmaya çalıştık.,7.060878753662109,10.18669476222657,2,10.18669476222657
29,13,olmaya,olmaya,0,TR,Monolingual,O eski aile düzeni kalktı ortadan. Bir de biz modern bir toplum olmaya çalıştık.,9.092439651489258,13.117617594785727,2,13.117617594785727
29,14,çalıştık,çalıştık.,0,TR,Monolingual,O eski aile düzeni kalktı ortadan. Bir de biz modern bir toplum olmaya çalıştık.,7.183529853820801,10.36364289618509,4,10.36364289618509
30,1,Bir,Bir,0,TR,Monolingual,Bir Türk olarak Almanya'da Almanca olarak ne kadar şansım var? Öğretmenlikte ne kadar yükselebileceğim?,15.426013946533203,22.25503382134744,2,22.25503382134744
30,2,Türk,Türk,0,TR,Monolingual,Bir Türk olarak Almanya'da Almanca olarak ne kadar şansım var? Öğretmenlikte ne kadar yükselebileceğim?,11.491823196411133,16.579196336235096,2,16.579196336235096
30,3,olarak,olarak,0,TR,Monolingual,Bir Türk olarak Almanya'da Almanca olarak ne kadar şansım var? Öğretmenlikte ne kadar yükselebileceğim?,10.971181869506836,15.82806967582842,2,15.82806967582842
30,4,Almanya'da,Almanya'da,0,TR,Monolingual,Bir Türk olarak Almanya'da Almanca olarak ne kadar şansım var? Öğretmenlikte ne kadar yükselebileceğim?,13.310356140136719,19.20278479584121,4,19.20278479584121
30,5,Almanca,Almanca,0,TR,Monolingual,Bir Türk olarak Almanya'da Almanca olarak ne kadar şansım var? Öğretmenlikte ne kadar yükselebileceğim?,12.786907196044922,18.447607600041408,3,18.447607600041408
30,6,olarak,olarak,0,TR,Monolingual,Bir Türk olarak Almanya'da Almanca olarak ne kadar şansım var? Öğretmenlikte ne kadar yükselebileceğim?,10.670951843261719,15.394929305838625,2,15.394929305838625
30,7,ne,ne,0,TR,Monolingual,Bir Türk olarak Almanya'da Almanca olarak ne kadar şansım var? Öğretmenlikte ne kadar yükselebileceğim?,5.752458095550537,8.299042767372331,2,8.299042767372331
30,8,kadar,kadar,0,TR,Monolingual,Bir Türk olarak Almanya'da Almanca olarak ne kadar şansım var? Öğretmenlikte ne kadar yükselebileceğim?,9.141918182373047,13.189000025922242,2,13.189000025922242
30,9,şansım,şansım,0,TR,Monolingual,Bir Türk olarak Almanya'da Almanca olarak ne kadar şansım var? Öğretmenlikte ne kadar yükselebileceğim?,11.493433952331543,16.581520165813558,3,16.581520165813558
30,10,var,var?,0,TR,Monolingual,Bir Türk olarak Almanya'da Almanca olarak ne kadar şansım var? Öğretmenlikte ne kadar yükselebileceğim?,12.043750762939453,17.37545949939542,3,17.37545949939542
30,11,Öğretmenlikte,Öğretmenlikte,0,TR,Monolingual,Bir Türk olarak Almanya'da Almanca olarak ne kadar şansım var? Öğretmenlikte ne kadar yükselebileceğim?,19.783750534057617,28.541918785669306,3,28.541918785669306
30,12,ne,ne,0,TR,Monolingual,Bir Türk olarak Almanya'da Almanca olarak ne kadar şansım var? Öğretmenlikte ne kadar yükselebileceğim?,3.1516189575195312,4.546825040785072,2,4.546825040785072
30,13,kadar,kadar,0,TR,Monolingual,Bir Türk olarak Almanya'da Almanca olarak ne kadar şansım var? Öğretmenlikte ne kadar yükselebileceğim?,7.684140205383301,11.08587096780199,2,11.08587096780199
30,14,yükselebileceğim,yükselebileceğim?,0,TR,Monolingual,Bir Türk olarak Almanya'da Almanca olarak ne kadar şansım var? Öğretmenlikte ne kadar yükselebileceğim?,14.774085998535156,21.31450060375374,5,21.31450060375374
31,1,Özel,Özel,0,TR,Monolingual,Özel okul en az beş yıl öğretmenlik yapmanızı istiyor.,16.66775894165039,24.046493167851697,2,24.046493167851697
31,2,okul,okul,0,TR,Monolingual,Özel okul en az beş yıl öğretmenlik yapmanızı istiyor.,13.901899337768555,20.05620123353626,2,20.05620123353626
31,3,en,en,0,TR,Monolingual,Özel okul en az beş yıl öğretmenlik yapmanızı istiyor.,11.2691650390625,16.25796851681475,2,16.25796851681475
31,4,az,az,0,TR,Monolingual,Özel okul en az beş yıl öğretmenlik yapmanızı istiyor.,8.406394004821777,12.127862942515092,2,12.127862942515092
31,5,beş,beş,0,TR,Monolingual,Özel okul en az beş yıl öğretmenlik yapmanızı istiyor.,7.934134483337402,11.44653647285699,2,11.44653647285699
31,6,yıl,yıl,0,TR,Monolingual,Özel okul en az beş yıl öğretmenlik yapmanızı istiyor.,6.631996154785156,9.567947963703219,2,9.567947963703219
31,7,öğretmenlik,öğretmenlik,0,TR,Monolingual,Özel okul en az beş yıl öğretmenlik yapmanızı istiyor.,8.470134735107422,12.219821378000832,3,12.219821378000832
31,8,yapmanızı,yapmanızı,0,TR,Monolingual,Özel okul en az beş yıl öğretmenlik yapmanızı istiyor.,15.49734878540039,22.357948239623745,3,22.357948239623745
31,9,istiyor,istiyor.,0,TR,Monolingual,Özel okul en az beş yıl öğretmenlik yapmanızı istiyor.,7.217251777648926,10.41229334846116,3,10.41229334846116
32,1,Siz,Siz,0,TR,Monolingual,Siz o civarda mı oturuyorsunuz?,18.33232879638672,26.44795984249306,2,26.44795984249306
32,2,o,o,0,TR,Monolingual,Siz o civarda mı oturuyorsunuz?,15.361289978027344,22.161656872957384,2,22.161656872957384
32,3,civarda,civarda,0,TR,Monolingual,Siz o civarda mı oturuyorsunuz?,13.247236251831055,19.111722046001162,3,19.111722046001162
32,4,mı,mı,0,TR,Monolingual,Siz o civarda mı oturuyorsunuz?,7.663280487060547,11.05577675562341,2,11.05577675562341
32,5,oturuyorsunuz,oturuyorsunuz?,0,TR,Monolingual,Siz o civarda mı oturuyorsunuz?,4.761706829071045,6.869690828467908,4,6.869690828467908
33,1,Geçen,Geçen,0,TR,Monolingual,Geçen sene mayısta dediler ki özel okullarda müracaat var.,15.480621337890625,22.333815634054677,3,22.333815634054677
33,2,sene,sene,0,TR,Monolingual,Geçen sene mayısta dediler ki özel okullarda müracaat var.,7.26347541809082,10.478979965298517,2,10.478979965298517
33,3,mayısta,mayısta,0,TR,Monolingual,Geçen sene mayısta dediler ki özel okullarda müracaat var.,16.132617950439453,23.274447913655273,4,23.274447913655273
33,4,dediler,dediler,0,TR,Monolingual,Geçen sene mayısta dediler ki özel okullarda müracaat var.,11.417033195495605,16.471297172806185,3,16.471297172806185
33,5,ki,ki,0,TR,Monolingual,Geçen sene mayısta dediler ki özel okullarda müracaat var.,8.286322593688965,11.954636513121242,2,11.954636513121242
33,6,özel,özel,0,TR,Monolingual,Geçen sene mayısta dediler ki özel okullarda müracaat var.,11.119417190551758,16.041928038384512,2,16.041928038384512
33,7,okullarda,okullarda,0,TR,Monolingual,Geçen sene mayısta dediler ki özel okullarda müracaat var.,14.832843780517578,21.399270164433414,3,21.399270164433414
33,8,müracaat,müracaat,0,TR,Monolingual,Geçen sene mayısta dediler ki özel okullarda müracaat var.,15.85628890991211,22.87578937723287,4,22.87578937723287
33,9,var,var.,0,TR,Monolingual,Geçen sene mayısta dediler ki özel okullarda müracaat var.,8.83303165435791,12.743370963757394,3,12.743370963757394
34,1,Çocuk,Çocuk,0,TR,Monolingual,Çocuk biraz sıkılıyor herhalde?,22.601245880126953,32.60670534917127,2,32.60670534917127
34,2,biraz,biraz,0,TR,Monolingual,Çocuk biraz sıkılıyor herhalde?,16.894641876220703,24.373816052418622,2,24.373816052418622
34,3,sıkılıyor,sıkılıyor,0,TR,Monolingual,Çocuk biraz sıkılıyor herhalde?,14.164459228515625,20.434995085853405,3,20.434995085853405
34,4,herhalde,herhalde?,0,TR,Monolingual,Çocuk biraz sıkılıyor herhalde?,12.801824569702148,18.469128821039778,5,18.469128821039778
35,1,Konuşacak,Konuşacak,0,TR,Monolingual,Konuşacak çok şeylerimiz var.,22.00702667236328,31.749428244929653,4,31.749428244929653
35,2,çok,çok,0,TR,Monolingual,Konuşacak çok şeylerimiz var.,5.986000061035156,8.635972602816452,2,8.635972602816452
35,3,şeylerimiz,şeylerimiz,0,TR,Monolingual,Konuşacak çok şeylerimiz var.,10.524755477905273,15.184012534542891,3,15.184012534542891
35,4,var,var.,0,TR,Monolingual,Konuşacak çok şeylerimiz var.,2.9616267681121826,4.272724251319454,3,4.272724251319454
36,1,Zaten,Zaten,0,TR,Monolingual,"Zaten bölüm bölüm ya, sence o bölümleri diyalog haline çevireyim mi?",30.24708366394043,43.63731760332044,3,43.63731760332044
36,2,bölüm,bölüm,0,TR,Monolingual,"Zaten bölüm bölüm ya, sence o bölümleri diyalog haline çevireyim mi?",18.63740348815918,26.88808958741392,2,26.88808958741392
36,3,bölüm,bölüm,0,TR,Monolingual,"Zaten bölüm bölüm ya, sence o bölümleri diyalog haline çevireyim mi?",9.591165542602539,13.837126964657788,2,13.837126964657788
36,4,ya,"ya,",0,TR,Monolingual,"Zaten bölüm bölüm ya, sence o bölümleri diyalog haline çevireyim mi?",19.85420036315918,28.643556404745606,3,28.643556404745606
36,5,sence,sence,0,TR,Monolingual,"Zaten bölüm bölüm ya, sence o bölümleri diyalog haline çevireyim mi?",13.913647651672363,20.07315046774409,3,20.07315046774409
36,6,o,o,0,TR,Monolingual,"Zaten bölüm bölüm ya, sence o bölümleri diyalog haline çevireyim mi?",9.691936492919922,13.982508714946343,2,13.982508714946343
36,7,bölümleri,bölümleri,0,TR,Monolingual,"Zaten bölüm bölüm ya, sence o bölümleri diyalog haline çevireyim mi?",13.448665618896484,19.402323194955862,2,19.402323194955862
36,8,diyalog,diyalog,0,TR,Monolingual,"Zaten bölüm bölüm ya, sence o bölümleri diyalog haline çevireyim mi?",16.393918991088867,23.651425629179307,3,23.651425629179307
36,9,haline,haline,0,TR,Monolingual,"Zaten bölüm bölüm ya, sence o bölümleri diyalog haline çevireyim mi?",10.491907119750977,15.136622371132342,2,15.136622371132342
36,10,çevireyim,çevireyim,0,TR,Monolingual,"Zaten bölüm bölüm ya, sence o bölümleri diyalog haline çevireyim mi?",12.229459762573242,17.643380952215537,3,17.643380952215537
36,11,mi,mi?,0,TR,Monolingual,"Zaten bölüm bölüm ya, sence o bölümleri diyalog haline çevireyim mi?",2.011000871658325,2.9012609847648485,3,2.9012609847648485
37,1,Gerçekten,Gerçekten,0,TR-DE,Multilingual,"Gerçekten eğer bir akademik kariyer düşünüyorsanız, yani bir şeyler yapma amacındaysanız master düşünün.",18.643951416015625,26.89753625046051,3,26.89753625046051
37,2,eğer,eğer,0,TR-DE,Multilingual,"Gerçekten eğer bir akademik kariyer düşünüyorsanız, yani bir şeyler yapma amacındaysanız master düşünün.",11.705400466918945,16.88732320524332,3,16.88732320524332
37,3,bir,bir,0,TR-DE,Multilingual,"Gerçekten eğer bir akademik kariyer düşünüyorsanız, yani bir şeyler yapma amacındaysanız master düşünün.",11.241758346557617,16.218429017450788,2,16.218429017450788
37,4,akademik,akademik,0,TR-DE,Multilingual,"Gerçekten eğer bir akademik kariyer düşünüyorsanız, yani bir şeyler yapma amacındaysanız master düşünün.",12.429547309875488,17.932046264452122,2,17.932046264452122
37,5,kariyer,kariyer,0,TR-DE,Multilingual,"Gerçekten eğer bir akademik kariyer düşünüyorsanız, yani bir şeyler yapma amacındaysanız master düşünün.",6.089046478271484,8.784637157944678,3,8.784637157944678
37,6,düşünüyorsanız,"düşünüyorsanız,",0,TR-DE,Multilingual,"Gerçekten eğer bir akademik kariyer düşünüyorsanız, yani bir şeyler yapma amacındaysanız master düşünün.",10.007650375366211,14.437987567491406,4,14.437987567491406
37,7,yani,yani,0,TR-DE,Multilingual,"Gerçekten eğer bir akademik kariyer düşünüyorsanız, yani bir şeyler yapma amacındaysanız master düşünün.",8.536088943481445,12.314973187347793,2,12.314973187347793
37,8,bir,bir,0,TR-DE,Multilingual,"Gerçekten eğer bir akademik kariyer düşünüyorsanız, yani bir şeyler yapma amacındaysanız master düşünün.",7.3328857421875,10.579117895659293,2,10.579117895659293
37,9,şeyler,şeyler,0,TR-DE,Multilingual,"Gerçekten eğer bir akademik kariyer düşünüyorsanız, yani bir şeyler yapma amacındaysanız master düşünün.",8.625506401062012,12.443975309968176,2,12.443975309968176
37,10,yapma,yapma,0,TR-DE,Multilingual,"Gerçekten eğer bir akademik kariyer düşünüyorsanız, yani bir şeyler yapma amacındaysanız master düşünün.",9.699512481689453,13.993438556373977,2,13.993438556373977
37,11,amacındaysanız,amacındaysanız,0,TR-DE,Multilingual,"Gerçekten eğer bir akademik kariyer düşünüyorsanız, yani bir şeyler yapma amacındaysanız master düşünün.",21.82801055908203,31.491162586059577,5,31.491162586059577
37,12,master,master,1,TR-DE,Multilingual,"Gerçekten eğer bir akademik kariyer düşünüyorsanız, yani bir şeyler yapma amacındaysanız master düşünün.",20.97872543334961,30.26590314686465,2,30.26590314686465
37,13,düşünün,düşünün.,0,TR-DE,Multilingual,"Gerçekten eğer bir akademik kariyer düşünüyorsanız, yani bir şeyler yapma amacındaysanız master düşünün.",13.131420135498047,18.944634709312513,4,18.944634709312513
38,1,Geçen,Geçen,0,TR,Monolingual,"Geçen sene yarışmaya başvurdum, gelmedi başvuru formu nedense.",15.480621337890625,22.333815634054677,3,22.333815634054677
38,2,sene,sene,0,TR,Monolingual,"Geçen sene yarışmaya başvurdum, gelmedi başvuru formu nedense.",10.26347541809082,14.807065087965407,2,14.807065087965407
38,3,yarışmaya,yarışmaya,0,TR,Monolingual,"Geçen sene yarışmaya başvurdum, gelmedi başvuru formu nedense.",12.45842170715332,17.973703214213508,3,17.973703214213508
38,4,başvurdum,"başvurdum,",0,TR,Monolingual,"Geçen sene yarışmaya başvurdum, gelmedi başvuru formu nedense.",17.918819427490234,25.851391926624977,4,25.851391926624977
38,5,gelmedi,gelmedi,0,TR,Monolingual,"Geçen sene yarışmaya başvurdum, gelmedi başvuru formu nedense.",17.937610626220703,25.878501895845783,3,25.878501895845783
38,6,başvuru,başvuru,0,TR,Monolingual,"Geçen sene yarışmaya başvurdum, gelmedi başvuru formu nedense.",13.166349411010742,18.995027001876522,2,18.995027001876522
38,7,formu,formu,0,TR,Monolingual,"Geçen sene yarışmaya başvurdum, gelmedi başvuru formu nedense.",10.30103874206543,14.861257509182881,2,14.861257509182881
38,8,nedense,nedense.,0,TR,Monolingual,"Geçen sene yarışmaya başvurdum, gelmedi başvuru formu nedense.",9.184906005859375,13.251018345684576,4,13.251018345684576
39,1,Ben,Ben,0,TR,Monolingual,"Ben hiç Türkçe bilmiyordum, Türkiye'ye geldiğimde.",19.10672378540039,27.565175652832348,2,27.565175652832348
39,2,hiç,hiç,0,TR,Monolingual,"Ben hiç Türkçe bilmiyordum, Türkiye'ye geldiğimde.",18.1136417388916,26.132461109138255,2,26.132461109138255
39,3,Türkçe,Türkçe,0,TR,Monolingual,"Ben hiç Türkçe bilmiyordum, Türkiye'ye geldiğimde.",9.86476993560791,14.23185466561207,2,14.23185466561207
39,4,bilmiyordum,"bilmiyordum,",0,TR,Monolingual,"Ben hiç Türkçe bilmiyordum, Türkiye'ye geldiğimde.",11.941511154174805,17.227958922848234,4,17.227958922848234
39,5,Türkiye'ye,Türkiye'ye,0,TR,Monolingual,"Ben hiç Türkçe bilmiyordum, Türkiye'ye geldiğimde.",11.688322067260742,16.86268428275011,4,16.86268428275011
39,6,geldiğimde,geldiğimde.,0,TR,Monolingual,"Ben hiç Türkçe bilmiyordum, Türkiye'ye geldiğimde.",11.227510452270508,16.197873651019666,5,16.197873651019666
40,1,Bunlarla,Bunlarla,0,TR,Monolingual,Bunlarla yarın bir tanışalım.,27.856731414794922,40.188768267500436,3,40.188768267500436
40,2,yarın,yarın,0,TR,Monolingual,Bunlarla yarın bir tanışalım.,17.630874633789062,25.4359754007025,3,25.4359754007025
40,3,bir,bir,0,TR,Monolingual,Bunlarla yarın bir tanışalım.,12.835271835327148,18.51738302528826,2,18.51738302528826
40,4,tanışalım,tanışalım.,0,TR,Monolingual,Bunlarla yarın bir tanışalım.,13.079885482788086,18.870285921413917,4,18.870285921413917
41,1,Der,Der,0,DE,Monolingual,Der Text ist auch viel zu schwierig.,13.317513465881348,19.213110634199012,2,19.213110634199012
41,2,Text,Text,0,DE,Monolingual,Der Text ist auch viel zu schwierig.,7.845664024353027,11.318900580415061,2,11.318900580415061
41,3,ist,ist,0,DE,Monolingual,Der Text ist auch viel zu schwierig.,7.234832763671875,10.437657349810408,2,10.437657349810408
41,4,auch,auch,0,DE,Monolingual,Der Text ist auch viel zu schwierig.,12.694025993347168,18.31360834951756,2,18.31360834951756
41,5,viel,viel,0,DE,Monolingual,Der Text ist auch viel zu schwierig.,8.724610328674316,12.586952054867066,2,12.586952054867066
41,6,zu,zu,0,DE,Monolingual,Der Text ist auch viel zu schwierig.,8.989025115966797,12.968421957231637,2,12.968421957231637
41,7,schwierig,schwierig.,0,DE,Monolingual,Der Text ist auch viel zu schwierig.,10.537639617919922,15.202600419448142,3,15.202600419448142
42,1,Was,Was,0,DE,Monolingual,"Was das Problem zwischen diesen Personen ist, ja?",13.942096710205078,20.1141937834072,2,20.1141937834072
42,2,das,das,0,DE,Monolingual,"Was das Problem zwischen diesen Personen ist, ja?",10.609817504882812,15.30673109903135,2,15.30673109903135
42,3,Problem,Problem,0,DE,Monolingual,"Was das Problem zwischen diesen Personen ist, ja?",12.54635238647461,18.10056036921233,2,18.10056036921233
42,4,zwischen,zwischen,0,DE,Monolingual,"Was das Problem zwischen diesen Personen ist, ja?",12.965248107910156,18.704899149177,2,18.704899149177
42,5,diesen,diesen,0,DE,Monolingual,"Was das Problem zwischen diesen Personen ist, ja?",10.427267074584961,15.043366498528492,2,15.043366498528492
42,6,Personen,Personen,0,DE,Monolingual,"Was das Problem zwischen diesen Personen ist, ja?",6.497415065765381,9.373788493976953,2,9.373788493976953
42,7,ist,"ist,",0,DE,Monolingual,"Was das Problem zwischen diesen Personen ist, ja?",9.455552101135254,13.64147812517505,3,13.64147812517505
42,8,ja,ja?,0,DE,Monolingual,"Was das Problem zwischen diesen Personen ist, ja?",11.760741233825684,16.967163055218663,3,16.967163055218663
43,1,Denn,Denn,0,DE,Monolingual,Denn ich möchte die einzelnen Szenen für verschiedene Gruppen gebrauchen.,14.983149528503418,21.61611552166969,2,21.61611552166969
43,2,ich,ich,0,DE,Monolingual,Denn ich möchte die einzelnen Szenen für verschiedene Gruppen gebrauchen.,8.000642776489258,11.54248765756516,2,11.54248765756516
43,3,möchte,möchte,0,DE,Monolingual,Denn ich möchte die einzelnen Szenen für verschiedene Gruppen gebrauchen.,7.253785610198975,10.465000527505785,2,10.465000527505785
43,4,die,die,0,DE,Monolingual,Denn ich möchte die einzelnen Szenen für verschiedene Gruppen gebrauchen.,11.075533866882324,15.978617784948895,2,15.978617784948895
43,5,einzelnen,einzelnen,0,DE,Monolingual,Denn ich möchte die einzelnen Szenen für verschiedene Gruppen gebrauchen.,13.54265022277832,19.5379143168961,2,19.5379143168961
43,6,Szenen,Szenen,0,DE,Monolingual,Denn ich möchte die einzelnen Szenen für verschiedene Gruppen gebrauchen.,10.6904878616333,15.423113822662023,3,15.423113822662023
43,7,für,für,0,DE,Monolingual,Denn ich möchte die einzelnen Szenen für verschiedene Gruppen gebrauchen.,9.551898002624512,13.780475879463578,2,13.780475879463578
43,8,verschiedene,verschiedene,0,DE,Monolingual,Denn ich möchte die einzelnen Szenen für verschiedene Gruppen gebrauchen.,9.850211143493652,14.210850768427498,2,14.210850768427498
43,9,Gruppen,Gruppen,0,DE,Monolingual,Denn ich möchte die einzelnen Szenen für verschiedene Gruppen gebrauchen.,14.768120765686035,21.305894591904565,2,21.305894591904565
43,10,gebrauchen,gebrauchen.,0,DE,Monolingual,Denn ich möchte die einzelnen Szenen für verschiedene Gruppen gebrauchen.,11.690511703491211,16.86584326008116,4,16.86584326008116
44,1,Es,Es,0,DE,Monolingual,"Es muß ja nicht sein, daß jede Gruppe ein Theaterstück aufführt, sondern daß eine die elektrische Welt übernimmt, eine übernimmt das Schlaraffenland, eine übernimmt verkehrte Welt.",14.87138557434082,21.45487421924917,2,21.45487421924917
44,2,muß,muß,0,DE,Monolingual,"Es muß ja nicht sein, daß jede Gruppe ein Theaterstück aufführt, sondern daß eine die elektrische Welt übernimmt, eine übernimmt das Schlaraffenland, eine übernimmt verkehrte Welt.",15.197112083435059,21.9247982386055,3,21.9247982386055
44,3,ja,ja,0,DE,Monolingual,"Es muß ja nicht sein, daß jede Gruppe ein Theaterstück aufführt, sondern daß eine die elektrische Welt übernimmt, eine übernimmt das Schlaraffenland, eine übernimmt verkehrte Welt.",3.954904556274414,5.705721190526264,2,5.705721190526264
44,4,nicht,nicht,0,DE,Monolingual,"Es muß ja nicht sein, daß jede Gruppe ein Theaterstück aufführt, sondern daß eine die elektrische Welt übernimmt, eine übernimmt das Schlaraffenland, eine übernimmt verkehrte Welt.",4.173822402954102,6.02155288229314,2,6.02155288229314
44,5,sein,"sein,",0,DE,Monolingual,"Es muß ja nicht sein, daß jede Gruppe ein Theaterstück aufführt, sondern daß eine die elektrische Welt übernimmt, eine übernimmt das Schlaraffenland, eine übernimmt verkehrte Welt.",5.400651931762695,7.791493759521441,3,7.791493759521441
44,6,daß,daß,0,DE,Monolingual,"Es muß ja nicht sein, daß jede Gruppe ein Theaterstück aufführt, sondern daß eine die elektrische Welt übernimmt, eine übernimmt das Schlaraffenland, eine übernimmt verkehrte Welt.",7.52720308303833,10.859458559663516,2,10.859458559663516
44,7,jede,jede,0,DE,Monolingual,"Es muß ja nicht sein, daß jede Gruppe ein Theaterstück aufführt, sondern daß eine die elektrische Welt übernimmt, eine übernimmt das Schlaraffenland, eine übernimmt verkehrte Welt.",11.596282958984375,16.729899917671954,2,16.729899917671954
44,8,Gruppe,Gruppe,0,DE,Monolingual,"Es muß ja nicht sein, daß jede Gruppe ein Theaterstück aufführt, sondern daß eine die elektrische Welt übernimmt, eine übernimmt das Schlaraffenland, eine übernimmt verkehrte Welt.",8.547338485717773,12.331202846144414,2,12.331202846144414
44,9,ein,ein,0,DE,Monolingual,"Es muß ja nicht sein, daß jede Gruppe ein Theaterstück aufführt, sondern daß eine die elektrische Welt übernimmt, eine übernimmt das Schlaraffenland, eine übernimmt verkehrte Welt.",11.27521800994873,16.26670110789496,2,16.26670110789496
44,10,Theaterstück,Theaterstück,0,DE,Monolingual,"Es muß ja nicht sein, daß jede Gruppe ein Theaterstück aufführt, sondern daß eine die elektrische Welt übernimmt, eine übernimmt das Schlaraffenland, eine übernimmt verkehrte Welt.",11.796699523925781,17.01903990202492,3,17.01903990202492
44,11,aufführt,"aufführt,",0,DE,Monolingual,"Es muß ja nicht sein, daß jede Gruppe ein Theaterstück aufführt, sondern daß eine die elektrische Welt übernimmt, eine übernimmt das Schlaraffenland, eine übernimmt verkehrte Welt.",6.824106216430664,9.845104196944067,4,9.845104196944067
44,12,sondern,sondern,0,DE,Monolingual,"Es muß ja nicht sein, daß jede Gruppe ein Theaterstück aufführt, sondern daß eine die elektrische Welt übernimmt, eine übernimmt das Schlaraffenland, eine übernimmt verkehrte Welt.",3.0515246391296387,4.402419464022813,2,4.402419464022813
44,13,daß,daß,0,DE,Monolingual,"Es muß ja nicht sein, daß jede Gruppe ein Theaterstück aufführt, sondern daß eine die elektrische Welt übernimmt, eine übernimmt das Schlaraffenland, eine übernimmt verkehrte Welt.",5.161503314971924,7.44647523604194,2,7.44647523604194
44,14,eine,eine,0,DE,Monolingual,"Es muß ja nicht sein, daß jede Gruppe ein Theaterstück aufführt, sondern daß eine die elektrische Welt übernimmt, eine übernimmt das Schlaraffenland, eine übernimmt verkehrte Welt.",11.180944442749023,16.13069310000903,2,16.13069310000903
44,15,die,die,0,DE,Monolingual,"Es muß ja nicht sein, daß jede Gruppe ein Theaterstück aufführt, sondern daß eine die elektrische Welt übernimmt, eine übernimmt das Schlaraffenland, eine übernimmt verkehrte Welt.",20.733861923217773,29.91263977510279,2,29.91263977510279
44,16,elektrische,elektrische,0,DE,Monolingual,"Es muß ja nicht sein, daß jede Gruppe ein Theaterstück aufführt, sondern daß eine die elektrische Welt übernimmt, eine übernimmt das Schlaraffenland, eine übernimmt verkehrte Welt.",18.45619010925293,26.626653944323138,2,26.626653944323138
44,17,Welt,Welt,0,DE,Monolingual,"Es muß ja nicht sein, daß jede Gruppe ein Theaterstück aufführt, sondern daß eine die elektrische Welt übernimmt, eine übernimmt das Schlaraffenland, eine übernimmt verkehrte Welt.",12.92236328125,18.64302942242501,2,18.64302942242501
44,18,übernimmt,"übernimmt,",0,DE,Monolingual,"Es muß ja nicht sein, daß jede Gruppe ein Theaterstück aufführt, sondern daß eine die elektrische Welt übernimmt, eine übernimmt das Schlaraffenland, eine übernimmt verkehrte Welt.",11.89044189453125,17.154281555218606,3,17.154281555218606
44,19,eine,eine,0,DE,Monolingual,"Es muß ja nicht sein, daß jede Gruppe ein Theaterstück aufführt, sondern daß eine die elektrische Welt übernimmt, eine übernimmt das Schlaraffenland, eine übernimmt verkehrte Welt.",10.650737762451172,15.36576655169712,2,15.36576655169712
44,20,übernimmt,übernimmt,0,DE,Monolingual,"Es muß ja nicht sein, daß jede Gruppe ein Theaterstück aufführt, sondern daß eine die elektrische Welt übernimmt, eine übernimmt das Schlaraffenland, eine übernimmt verkehrte Welt.",11.052495956420898,15.945381105773752,2,15.945381105773752
44,21,das,das,0,DE,Monolingual,"Es muß ja nicht sein, daß jede Gruppe ein Theaterstück aufführt, sondern daß eine die elektrische Welt übernimmt, eine übernimmt das Schlaraffenland, eine übernimmt verkehrte Welt.",13.20637321472168,19.052769145007804,2,19.052769145007804
44,22,Schlaraffenland,"Schlaraffenland,",0,DE,Monolingual,"Es muß ja nicht sein, daß jede Gruppe ein Theaterstück aufführt, sondern daß eine die elektrische Welt übernimmt, eine übernimmt das Schlaraffenland, eine übernimmt verkehrte Welt.",12.980201721191406,18.72647265290123,6,18.72647265290123
44,23,eine,eine,0,DE,Monolingual,"Es muß ja nicht sein, daß jede Gruppe ein Theaterstück aufführt, sondern daß eine die elektrische Welt übernimmt, eine übernimmt das Schlaraffenland, eine übernimmt verkehrte Welt.",3.0577173233032227,4.411353618769835,2,4.411353618769835
44,24,übernimmt,übernimmt,0,DE,Monolingual,"Es muß ja nicht sein, daß jede Gruppe ein Theaterstück aufführt, sondern daß eine die elektrische Welt übernimmt, eine übernimmt das Schlaraffenland, eine übernimmt verkehrte Welt.",8.851436614990234,12.769923709189404,2,12.769923709189404
44,25,verkehrte,verkehrte,0,DE,Monolingual,"Es muß ja nicht sein, daß jede Gruppe ein Theaterstück aufführt, sondern daß eine die elektrische Welt übernimmt, eine übernimmt das Schlaraffenland, eine übernimmt verkehrte Welt.",15.840316772460938,22.852746453739666,4,22.852746453739666
44,26,Welt,Welt.,0,DE,Monolingual,"Es muß ja nicht sein, daß jede Gruppe ein Theaterstück aufführt, sondern daß eine die elektrische Welt übernimmt, eine übernimmt das Schlaraffenland, eine übernimmt verkehrte Welt.",6.315818786621094,9.111800442611603,3,9.111800442611603
45,1,Um,Um,0,DE,Monolingual,"Um ins Schlaraffenland zu kommen, muß man jene und diese Bedingung erfüllen.",13.733166694641113,19.81277148606021,2,19.81277148606021
45,2,ins,ins,0,DE,Monolingual,"Um ins Schlaraffenland zu kommen, muß man jene und diese Bedingung erfüllen.",18.361530303955078,26.49008871264841,3,26.49008871264841
45,3,Schlaraffenland,Schlaraffenland,0,DE,Monolingual,"Um ins Schlaraffenland zu kommen, muß man jene und diese Bedingung erfüllen.",10.000107765197754,14.427105881206014,5,14.427105881206014
45,4,zu,zu,0,DE,Monolingual,"Um ins Schlaraffenland zu kommen, muß man jene und diese Bedingung erfüllen.",2.150259494781494,3.1021687097456696,2,3.1021687097456696
45,5,kommen,"kommen,",0,DE,Monolingual,"Um ins Schlaraffenland zu kommen, muß man jene und diese Bedingung erfüllen.",4.908646106719971,7.081679395643819,3,7.081679395643819
45,6,muß,muß,0,DE,Monolingual,"Um ins Schlaraffenland zu kommen, muß man jene und diese Bedingung erfüllen.",3.390826940536499,4.891929211624704,3,4.891929211624704
45,7,man,man,0,DE,Monolingual,"Um ins Schlaraffenland zu kommen, muß man jene und diese Bedingung erfüllen.",8.689901351928711,12.53687758624185,2,12.53687758624185
45,8,jene,jene,0,DE,Monolingual,"Um ins Schlaraffenland zu kommen, muß man jene und diese Bedingung erfüllen.",16.945003509521484,24.44647253103273,3,24.44647253103273
45,9,und,und,0,DE,Monolingual,"Um ins Schlaraffenland zu kommen, muß man jene und diese Bedingung erfüllen.",11.426336288452148,16.48471869887952,2,16.48471869887952
45,10,diese,diese,0,DE,Monolingual,"Um ins Schlaraffenland zu kommen, muß man jene und diese Bedingung erfüllen.",12.008378982543945,17.324428807231406,2,17.324428807231406
45,11,Bedingung,Bedingung,0,DE,Monolingual,"Um ins Schlaraffenland zu kommen, muß man jene und diese Bedingung erfüllen.",10.589091300964355,15.276829507421738,4,15.276829507421738
45,12,erfüllen,erfüllen.,0,DE,Monolingual,"Um ins Schlaraffenland zu kommen, muß man jene und diese Bedingung erfüllen.",2.477562665939331,3.5743673716423126,3,3.5743673716423126
46,1,Denn,Denn,0,DE,Monolingual,"Denn da sind so viele Personen drin, die Kinder die überhaupt noch keine Fremdsprache können.",16.486480712890625,23.78496396619885,2,23.78496396619885
46,2,da,da,0,DE,Monolingual,"Denn da sind so viele Personen drin, die Kinder die überhaupt noch keine Fremdsprache können.",9.61099624633789,13.865736622594117,2,13.865736622594117
46,3,sind,sind,0,DE,Monolingual,"Denn da sind so viele Personen drin, die Kinder die überhaupt noch keine Fremdsprache können.",8.26839828491211,11.92877720173751,2,11.92877720173751
46,4,so,so,0,DE,Monolingual,"Denn da sind so viele Personen drin, die Kinder die überhaupt noch keine Fremdsprache können.",5.45359468460083,7.867874006492029,2,7.867874006492029
46,5,viele,viele,0,DE,Monolingual,"Denn da sind so viele Personen drin, die Kinder die überhaupt noch keine Fremdsprache können.",7.902440071105957,11.400811101506791,2,11.400811101506791
46,6,Personen,Personen,0,DE,Monolingual,"Denn da sind so viele Personen drin, die Kinder die überhaupt noch keine Fremdsprache können.",11.363973617553711,16.394748382837754,2,16.394748382837754
46,7,drin,"drin,",0,DE,Monolingual,"Denn da sind so viele Personen drin, die Kinder die überhaupt noch keine Fremdsprache können.",5.266680717468262,7.598214153036989,3,7.598214153036989
46,8,die,die,0,DE,Monolingual,"Denn da sind so viele Personen drin, die Kinder die überhaupt noch keine Fremdsprache können.",8.01163101196289,11.55834033039109,2,11.55834033039109
46,9,Kinder,Kinder,0,DE,Monolingual,"Denn da sind so viele Personen drin, die Kinder die überhaupt noch keine Fremdsprache können.",14.219594955444336,20.514539125669266,2,20.514539125669266
46,10,die,die,0,DE,Monolingual,"Denn da sind so viele Personen drin, die Kinder die überhaupt noch keine Fremdsprache können.",14.574857711791992,21.027074942464573,2,21.027074942464573
46,11,überhaupt,überhaupt,0,DE,Monolingual,"Denn da sind so viele Personen drin, die Kinder die überhaupt noch keine Fremdsprache können.",10.79253101348877,15.570330971800587,2,15.570330971800587
46,12,noch,noch,0,DE,Monolingual,"Denn da sind so viele Personen drin, die Kinder die überhaupt noch keine Fremdsprache können.",5.839216709136963,8.42420898894787,2,8.42420898894787
46,13,keine,keine,0,DE,Monolingual,"Denn da sind so viele Personen drin, die Kinder die überhaupt noch keine Fremdsprache können.",13.360875129699707,19.275668291554453,2,19.275668291554453
46,14,Fremdsprache,Fremdsprache,0,DE,Monolingual,"Denn da sind so viele Personen drin, die Kinder die überhaupt noch keine Fremdsprache können.",13.762552261352539,19.8551658974285,4,19.8551658974285
46,15,können,können.,0,DE,Monolingual,"Denn da sind so viele Personen drin, die Kinder die überhaupt noch keine Fremdsprache können.",4.989891529083252,7.198891763582255,3,7.198891763582255
47,1,Ich,Ich,0,DE,Monolingual,"Ich hab mich auch gewundert, ich hab nämlich für mich eine Kassette gekauft.",11.480192184448242,16.562416332955717,2,16.562416332955717
47,2,hab,hab,0,DE,Monolingual,"Ich hab mich auch gewundert, ich hab nämlich für mich eine Kassette gekauft.",6.211085319519043,8.960701989008367,2,8.960701989008367
47,3,mich,mich,0,DE,Monolingual,"Ich hab mich auch gewundert, ich hab nämlich für mich eine Kassette gekauft.",5.826967239379883,8.406536739675811,2,8.406536739675811
47,4,auch,auch,0,DE,Monolingual,"Ich hab mich auch gewundert, ich hab nämlich für mich eine Kassette gekauft.",6.778755187988281,9.779676493111026,2,9.779676493111026
47,5,gewundert,"gewundert,",0,DE,Monolingual,"Ich hab mich auch gewundert, ich hab nämlich für mich eine Kassette gekauft.",10.182398796081543,14.690096247460595,5,14.690096247460595
47,6,ich,ich,0,DE,Monolingual,"Ich hab mich auch gewundert, ich hab nämlich für mich eine Kassette gekauft.",7.785305976867676,11.231822324630203,2,11.231822324630203
47,7,hab,hab,0,DE,Monolingual,"Ich hab mich auch gewundert, ich hab nämlich für mich eine Kassette gekauft.",6.857128143310547,9.892744767094271,2,9.892744767094271
47,8,nämlich,nämlich,0,DE,Monolingual,"Ich hab mich auch gewundert, ich hab nämlich für mich eine Kassette gekauft.",10.163784980773926,14.663242188424272,2,14.663242188424272
47,9,für,für,0,DE,Monolingual,"Ich hab mich auch gewundert, ich hab nämlich für mich eine Kassette gekauft.",8.828559875488281,12.736919550558229,2,12.736919550558229
47,10,mich,mich,0,DE,Monolingual,"Ich hab mich auch gewundert, ich hab nämlich für mich eine Kassette gekauft.",7.403511047363281,10.681008673197661,2,10.681008673197661
47,11,eine,eine,0,DE,Monolingual,"Ich hab mich auch gewundert, ich hab nämlich für mich eine Kassette gekauft.",13.975371360778809,20.16219895677723,2,20.16219895677723
47,12,Kassette,Kassette,0,DE,Monolingual,"Ich hab mich auch gewundert, ich hab nämlich für mich eine Kassette gekauft.",12.572696685791016,18.138567159191805,3,18.138567159191805
47,13,gekauft,gekauft.,0,DE,Monolingual,"Ich hab mich auch gewundert, ich hab nämlich für mich eine Kassette gekauft.",5.488813877105713,7.918684560862936,3,7.918684560862936
48,1,Mit,Mit,0,DE,Monolingual,Mit meinen Eltern darf ich nicht so Deutsch reden.,15.21809196472168,21.95506580929615,2,21.95506580929615
48,2,meinen,meinen,0,DE,Monolingual,Mit meinen Eltern darf ich nicht so Deutsch reden.,11.183369636535645,16.134191915058185,2,16.134191915058185
48,3,Eltern,Eltern,0,DE,Monolingual,Mit meinen Eltern darf ich nicht so Deutsch reden.,11.433941841125488,16.495691192004568,2,16.495691192004568
48,4,darf,darf,0,DE,Monolingual,Mit meinen Eltern darf ich nicht so Deutsch reden.,7.514515399932861,10.841154102166884,2,10.841154102166884
48,5,ich,ich,0,DE,Monolingual,Mit meinen Eltern darf ich nicht so Deutsch reden.,2.7190797328948975,3.922802846429156,2,3.922802846429156
48,6,nicht,nicht,0,DE,Monolingual,Mit meinen Eltern darf ich nicht so Deutsch reden.,6.446722984313965,9.300655279454656,2,9.300655279454656
48,7,so,so,0,DE,Monolingual,Mit meinen Eltern darf ich nicht so Deutsch reden.,14.836189270019531,21.404096685547227,2,21.404096685547227
48,8,Deutsch,Deutsch,0,DE,Monolingual,Mit meinen Eltern darf ich nicht so Deutsch reden.,12.599931716918945,18.177859003538526,2,18.177859003538526
48,9,reden,reden.,0,DE,Monolingual,Mit meinen Eltern darf ich nicht so Deutsch reden.,4.726337432861328,6.818663575956912,3,6.818663575956912
49,1,Das,Das,0,DE,Monolingual,"Das ist voll falsch, weißt du, wenn du in der Türkei bist, bist du dran gewöhnt, du redest dann Türkisch, und dann auf einmal sagst du ein Wort Deutsch dazwischen.",10.410138130187988,15.018654655391318,2,15.018654655391318
49,2,ist,ist,0,DE,Monolingual,"Das ist voll falsch, weißt du, wenn du in der Türkei bist, bist du dran gewöhnt, du redest dann Türkisch, und dann auf einmal sagst du ein Wort Deutsch dazwischen.",10.512839317321777,15.166821148762644,2,15.166821148762644
49,3,voll,voll,0,DE,Monolingual,"Das ist voll falsch, weißt du, wenn du in der Türkei bist, bist du dran gewöhnt, du redest dann Türkisch, und dann auf einmal sagst du ein Wort Deutsch dazwischen.",13.67025089263916,19.72200317051844,2,19.72200317051844
49,4,falsch,"falsch,",0,DE,Monolingual,"Das ist voll falsch, weißt du, wenn du in der Türkei bist, bist du dran gewöhnt, du redest dann Türkisch, und dann auf einmal sagst du ein Wort Deutsch dazwischen.",15.893888473510742,22.930034081176206,3,22.930034081176206
49,5,weißt,weißt,0,DE,Monolingual,"Das ist voll falsch, weißt du, wenn du in der Türkei bist, bist du dran gewöhnt, du redest dann Türkisch, und dann auf einmal sagst du ein Wort Deutsch dazwischen.",9.530518531799316,13.749631822927238,3,13.749631822927238
49,6,du,"du,",0,DE,Monolingual,"Das ist voll falsch, weißt du, wenn du in der Türkei bist, bist du dran gewöhnt, du redest dann Türkisch, und dann auf einmal sagst du ein Wort Deutsch dazwischen.",7.713593482971191,11.128363065315964,3,11.128363065315964
49,7,wenn,wenn,0,DE,Monolingual,"Das ist voll falsch, weißt du, wenn du in der Türkei bist, bist du dran gewöhnt, du redest dann Türkisch, und dann auf einmal sagst du ein Wort Deutsch dazwischen.",4.5390119552612305,6.548410038391095,2,6.548410038391095
49,8,du,du,0,DE,Monolingual,"Das ist voll falsch, weißt du, wenn du in der Türkei bist, bist du dran gewöhnt, du redest dann Türkisch, und dann auf einmal sagst du ein Wort Deutsch dazwischen.",4.571236610412598,6.594900388572329,2,6.594900388572329
49,9,in,in,0,DE,Monolingual,"Das ist voll falsch, weißt du, wenn du in der Türkei bist, bist du dran gewöhnt, du redest dann Türkisch, und dann auf einmal sagst du ein Wort Deutsch dazwischen.",5.824796676635742,8.4034052795689,2,8.4034052795689
49,10,der,der,0,DE,Monolingual,"Das ist voll falsch, weißt du, wenn du in der Türkei bist, bist du dran gewöhnt, du redest dann Türkisch, und dann auf einmal sagst du ein Wort Deutsch dazwischen.",7.0915117263793945,10.230888800053485,2,10.230888800053485
49,11,Türkei,Türkei,0,DE,Monolingual,"Das ist voll falsch, weißt du, wenn du in der Türkei bist, bist du dran gewöhnt, du redest dann Türkisch, und dann auf einmal sagst du ein Wort Deutsch dazwischen.",6.4959211349487305,9.371633207396341,3,9.371633207396341
49,12,bist,"bist,",0,DE,Monolingual,"Das ist voll falsch, weißt du, wenn du in der Türkei bist, bist du dran gewöhnt, du redest dann Türkisch, und dann auf einmal sagst du ein Wort Deutsch dazwischen.",7.305245399475098,10.539241310299639,3,10.539241310299639
49,13,bist,bist,0,DE,Monolingual,"Das ist voll falsch, weißt du, wenn du in der Türkei bist, bist du dran gewöhnt, du redest dann Türkisch, und dann auf einmal sagst du ein Wort Deutsch dazwischen.",4.43735408782959,6.401748737180119,2,6.401748737180119
49,14,du,du,0,DE,Monolingual,"Das ist voll falsch, weißt du, wenn du in der Türkei bist, bist du dran gewöhnt, du redest dann Türkisch, und dann auf einmal sagst du ein Wort Deutsch dazwischen.",4.6251935958862305,6.672743863936457,2,6.672743863936457
49,15,dran,dran,0,DE,Monolingual,"Das ist voll falsch, weißt du, wenn du in der Türkei bist, bist du dran gewöhnt, du redest dann Türkisch, und dann auf einmal sagst du ein Wort Deutsch dazwischen.",12.69099235534668,18.3092317350184,3,18.3092317350184
49,16,gewöhnt,"gewöhnt,",0,DE,Monolingual,"Das ist voll falsch, weißt du, wenn du in der Türkei bist, bist du dran gewöhnt, du redest dann Türkisch, und dann auf einmal sagst du ein Wort Deutsch dazwischen.",10.186127662658691,14.695475864779583,5,14.695475864779583
49,17,du,du,0,DE,Monolingual,"Das ist voll falsch, weißt du, wenn du in der Türkei bist, bist du dran gewöhnt, du redest dann Türkisch, und dann auf einmal sagst du ein Wort Deutsch dazwischen.",10.266532897949219,14.811476098994737,2,14.811476098994737
49,18,redest,redest,0,DE,Monolingual,"Das ist voll falsch, weißt du, wenn du in der Türkei bist, bist du dran gewöhnt, du redest dann Türkisch, und dann auf einmal sagst du ein Wort Deutsch dazwischen.",12.098966598510742,17.45511911155266,3,17.45511911155266
49,19,dann,dann,0,DE,Monolingual,"Das ist voll falsch, weißt du, wenn du in der Türkei bist, bist du dran gewöhnt, du redest dann Türkisch, und dann auf einmal sagst du ein Wort Deutsch dazwischen.",10.482002258300781,15.122332676637454,2,15.122332676637454
49,20,Türkisch,"Türkisch,",0,DE,Monolingual,"Das ist voll falsch, weißt du, wenn du in der Türkei bist, bist du dran gewöhnt, du redest dann Türkisch, und dann auf einmal sagst du ein Wort Deutsch dazwischen.",8.229336738586426,11.872423302563993,4,11.872423302563993
49,21,und,und,0,DE,Monolingual,"Das ist voll falsch, weißt du, wenn du in der Türkei bist, bist du dran gewöhnt, du redest dann Türkisch, und dann auf einmal sagst du ein Wort Deutsch dazwischen.",4.713482856750488,6.800118342749074,2,6.800118342749074
49,22,dann,dann,0,DE,Monolingual,"Das ist voll falsch, weißt du, wenn du in der Türkei bist, bist du dran gewöhnt, du redest dann Türkisch, und dann auf einmal sagst du ein Wort Deutsch dazwischen.",8.878607749938965,12.809123370835263,2,12.809123370835263
49,23,auf,auf,0,DE,Monolingual,"Das ist voll falsch, weißt du, wenn du in der Türkei bist, bist du dran gewöhnt, du redest dann Türkisch, und dann auf einmal sagst du ein Wort Deutsch dazwischen.",8.496087074279785,12.257262689024268,2,12.257262689024268
49,24,einmal,einmal,0,DE,Monolingual,"Das ist voll falsch, weißt du, wenn du in der Türkei bist, bist du dran gewöhnt, du redest dann Türkisch, und dann auf einmal sagst du ein Wort Deutsch dazwischen.",7.9263763427734375,11.435343841938836,2,11.435343841938836
49,25,sagst,sagst,0,DE,Monolingual,"Das ist voll falsch, weißt du, wenn du in der Türkei bist, bist du dran gewöhnt, du redest dann Türkisch, und dann auf einmal sagst du ein Wort Deutsch dazwischen.",6.04779052734375,8.725117402134078,3,8.725117402134078
49,26,du,du,0,DE,Monolingual,"Das ist voll falsch, weißt du, wenn du in der Türkei bist, bist du dran gewöhnt, du redest dann Türkisch, und dann auf einmal sagst du ein Wort Deutsch dazwischen.",4.718914031982422,6.807953872322384,2,6.807953872322384
49,27,ein,ein,0,DE,Monolingual,"Das ist voll falsch, weißt du, wenn du in der Türkei bist, bist du dran gewöhnt, du redest dann Türkisch, und dann auf einmal sagst du ein Wort Deutsch dazwischen.",6.289335250854492,9.073592776895921,2,9.073592776895921
49,28,Wort,Wort,0,DE,Monolingual,"Das ist voll falsch, weißt du, wenn du in der Türkei bist, bist du dran gewöhnt, du redest dann Türkisch, und dann auf einmal sagst du ein Wort Deutsch dazwischen.",5.123842239379883,7.392141789050758,2,7.392141789050758
49,29,Deutsch,Deutsch,0,DE,Monolingual,"Das ist voll falsch, weißt du, wenn du in der Türkei bist, bist du dran gewöhnt, du redest dann Türkisch, und dann auf einmal sagst du ein Wort Deutsch dazwischen.",11.508282661437988,16.602942324805028,2,16.602942324805028
49,30,dazwischen,dazwischen.,0,DE,Monolingual,"Das ist voll falsch, weißt du, wenn du in der Türkei bist, bist du dran gewöhnt, du redest dann Türkisch, und dann auf einmal sagst du ein Wort Deutsch dazwischen.",12.787487030029297,18.448444123655207,5,18.448444123655207
50,1,So,So,0,DE,Monolingual,"So was kannst du doch nicht darauf sprechen, du Idiot.",12.458677291870117,17.97407194501696,2,17.97407194501696
50,2,was,was,0,DE,Monolingual,"So was kannst du doch nicht darauf sprechen, du Idiot.",17.149789810180664,24.74191671143572,2,24.74191671143572
50,3,kannst,kannst,0,DE,Monolingual,"So was kannst du doch nicht darauf sprechen, du Idiot.",11.45272445678711,16.52278877847451,2,16.52278877847451
50,4,du,du,0,DE,Monolingual,"So was kannst du doch nicht darauf sprechen, du Idiot.",6.611450672149658,9.538307097792316,2,9.538307097792316
50,5,doch,doch,0,DE,Monolingual,"So was kannst du doch nicht darauf sprechen, du Idiot.",8.050795555114746,11.614842822574953,2,11.614842822574953
50,6,nicht,nicht,0,DE,Monolingual,"So was kannst du doch nicht darauf sprechen, du Idiot.",9.051462173461914,13.058499590447543,2,13.058499590447543
50,7,darauf,darauf,0,DE,Monolingual,"So was kannst du doch nicht darauf sprechen, du Idiot.",15.139081954956055,21.841078460026694,2,21.841078460026694
50,8,sprechen,"sprechen,",0,DE,Monolingual,"So was kannst du doch nicht darauf sprechen, du Idiot.",13.258430480957031,19.127871904847783,3,19.127871904847783
50,9,du,du,0,DE,Monolingual,"So was kannst du doch nicht darauf sprechen, du Idiot.",14.615493774414062,21.085700388490686,2,21.085700388490686
50,10,Idiot,Idiot.,0,DE,Monolingual,"So was kannst du doch nicht darauf sprechen, du Idiot.",11.864011764526367,17.11615093773051,4,17.11615093773051
51,1,Ich,Ich,0,DE,Monolingual,"Ich fand das süß ne, und ich wollt auch nicht, dass wir uns irgendwie duzen, oder so, ich so, toll, lassen wir es dabei, und mittlerweile duzen wir uns jetzt!",14.12249755859375,20.3744571927497,2,20.3744571927497
51,2,fand,fand,0,DE,Monolingual,"Ich fand das süß ne, und ich wollt auch nicht, dass wir uns irgendwie duzen, oder so, ich so, toll, lassen wir es dabei, und mittlerweile duzen wir uns jetzt!",8.211691856384277,11.846967118513883,2,11.846967118513883
51,3,das,das,0,DE,Monolingual,"Ich fand das süß ne, und ich wollt auch nicht, dass wir uns irgendwie duzen, oder so, ich so, toll, lassen wir es dabei, und mittlerweile duzen wir uns jetzt!",9.332048416137695,13.463299971297559,2,13.463299971297559
51,4,süß,süß,0,DE,Monolingual,"Ich fand das süß ne, und ich wollt auch nicht, dass wir uns irgendwie duzen, oder so, ich so, toll, lassen wir es dabei, und mittlerweile duzen wir uns jetzt!",17.62710952758789,25.43054350065765,3,25.43054350065765
51,5,ne,"ne,",0,DE,Monolingual,"Ich fand das süß ne, und ich wollt auch nicht, dass wir uns irgendwie duzen, oder so, ich so, toll, lassen wir es dabei, und mittlerweile duzen wir uns jetzt!",17.58565902709961,25.37074306916084,3,25.37074306916084
51,6,und,und,0,DE,Monolingual,"Ich fand das süß ne, und ich wollt auch nicht, dass wir uns irgendwie duzen, oder so, ich so, toll, lassen wir es dabei, und mittlerweile duzen wir uns jetzt!",6.401715278625488,9.2357228856561,2,9.2357228856561
51,7,ich,ich,0,DE,Monolingual,"Ich fand das süß ne, und ich wollt auch nicht, dass wir uns irgendwie duzen, oder so, ich so, toll, lassen wir es dabei, und mittlerweile duzen wir uns jetzt!",5.613730430603027,8.098901053118453,2,8.098901053118453
51,8,wollt,wollt,0,DE,Monolingual,"Ich fand das süß ne, und ich wollt auch nicht, dass wir uns irgendwie duzen, oder so, ich so, toll, lassen wir es dabei, und mittlerweile duzen wir uns jetzt!",7.7106475830078125,11.124113030047843,3,11.124113030047843
51,9,auch,auch,0,DE,Monolingual,"Ich fand das süß ne, und ich wollt auch nicht, dass wir uns irgendwie duzen, oder so, ich so, toll, lassen wir es dabei, und mittlerweile duzen wir uns jetzt!",6.910674095153809,9.969995246278224,2,9.969995246278224
51,10,nicht,"nicht,",0,DE,Monolingual,"Ich fand das süß ne, und ich wollt auch nicht, dass wir uns irgendwie duzen, oder so, ich so, toll, lassen wir es dabei, und mittlerweile duzen wir uns jetzt!",7.681461811065674,11.082006861602403,3,11.082006861602403
51,11,dass,dass,0,DE,Monolingual,"Ich fand das süß ne, und ich wollt auch nicht, dass wir uns irgendwie duzen, oder so, ich so, toll, lassen wir es dabei, und mittlerweile duzen wir uns jetzt!",4.711833477020264,6.797738790791736,2,6.797738790791736
51,12,wir,wir,0,DE,Monolingual,"Ich fand das süß ne, und ich wollt auch nicht, dass wir uns irgendwie duzen, oder so, ich so, toll, lassen wir es dabei, und mittlerweile duzen wir uns jetzt!",7.172311782836914,10.347458640808297,2,10.347458640808297
51,13,uns,uns,0,DE,Monolingual,"Ich fand das süß ne, und ich wollt auch nicht, dass wir uns irgendwie duzen, oder so, ich so, toll, lassen wir es dabei, und mittlerweile duzen wir uns jetzt!",8.085668563842773,11.665153939327757,2,11.665153939327757
51,14,irgendwie,irgendwie,0,DE,Monolingual,"Ich fand das süß ne, und ich wollt auch nicht, dass wir uns irgendwie duzen, oder so, ich so, toll, lassen wir es dabei, und mittlerweile duzen wir uns jetzt!",13.816569328308105,19.93309605204866,2,19.93309605204866
51,15,duzen,"duzen,",0,DE,Monolingual,"Ich fand das süß ne, und ich wollt auch nicht, dass wir uns irgendwie duzen, oder so, ich so, toll, lassen wir es dabei, und mittlerweile duzen wir uns jetzt!",16.5020751953125,23.807462048654116,4,23.807462048654116
51,16,oder,oder,0,DE,Monolingual,"Ich fand das süß ne, und ich wollt auch nicht, dass wir uns irgendwie duzen, oder so, ich so, toll, lassen wir es dabei, und mittlerweile duzen wir uns jetzt!",4.17461633682251,6.022698286747886,2,6.022698286747886
51,17,so,"so,",0,DE,Monolingual,"Ich fand das süß ne, und ich wollt auch nicht, dass wir uns irgendwie duzen, oder so, ich so, toll, lassen wir es dabei, und mittlerweile duzen wir uns jetzt!",6.172517776489258,8.905060785940023,3,8.905060785940023
51,18,ich,ich,0,DE,Monolingual,"Ich fand das süß ne, und ich wollt auch nicht, dass wir uns irgendwie duzen, oder so, ich so, toll, lassen wir es dabei, und mittlerweile duzen wir uns jetzt!",11.06922721862793,15.969519214787649,2,15.969519214787649
51,19,so,"so,",0,DE,Monolingual,"Ich fand das süß ne, und ich wollt auch nicht, dass wir uns irgendwie duzen, oder so, ich so, toll, lassen wir es dabei, und mittlerweile duzen wir uns jetzt!",19.882312774658203,28.684114041402676,3,28.684114041402676
51,20,toll,"toll,",0,DE,Monolingual,"Ich fand das süß ne, und ich wollt auch nicht, dass wir uns irgendwie duzen, oder so, ich so, toll, lassen wir es dabei, und mittlerweile duzen wir uns jetzt!",19.381528854370117,27.961635563046123,3,27.961635563046123
51,21,lassen,lassen,0,DE,Monolingual,"Ich fand das süß ne, und ich wollt auch nicht, dass wir uns irgendwie duzen, oder so, ich so, toll, lassen wir es dabei, und mittlerweile duzen wir uns jetzt!",10.461097717285156,15.09217379898215,2,15.09217379898215
51,22,wir,wir,0,DE,Monolingual,"Ich fand das süß ne, und ich wollt auch nicht, dass wir uns irgendwie duzen, oder so, ich so, toll, lassen wir es dabei, und mittlerweile duzen wir uns jetzt!",2.964139461517334,4.27634930163434,2,4.27634930163434
51,23,es,es,0,DE,Monolingual,"Ich fand das süß ne, und ich wollt auch nicht, dass wir uns irgendwie duzen, oder so, ich so, toll, lassen wir es dabei, und mittlerweile duzen wir uns jetzt!",8.091737747192383,11.673909920048484,2,11.673909920048484
51,24,dabei,"dabei,",0,DE,Monolingual,"Ich fand das süß ne, und ich wollt auch nicht, dass wir uns irgendwie duzen, oder so, ich so, toll, lassen wir es dabei, und mittlerweile duzen wir uns jetzt!",10.774520874023438,15.544347832908233,3,15.544347832908233
51,25,und,und,0,DE,Monolingual,"Ich fand das süß ne, und ich wollt auch nicht, dass wir uns irgendwie duzen, oder so, ich so, toll, lassen wir es dabei, und mittlerweile duzen wir uns jetzt!",13.941084861755371,20.112733994666673,2,20.112733994666673
51,26,mittlerweile,mittlerweile,0,DE,Monolingual,"Ich fand das süß ne, und ich wollt auch nicht, dass wir uns irgendwie duzen, oder so, ich so, toll, lassen wir es dabei, und mittlerweile duzen wir uns jetzt!",19.34044075012207,27.902357958807936,2,27.902357958807936
51,27,duzen,duzen,0,DE,Monolingual,"Ich fand das süß ne, und ich wollt auch nicht, dass wir uns irgendwie duzen, oder so, ich so, toll, lassen wir es dabei, und mittlerweile duzen wir uns jetzt!",9.352210998535156,13.492388428933891,3,13.492388428933891
51,28,wir,wir,0,DE,Monolingual,"Ich fand das süß ne, und ich wollt auch nicht, dass wir uns irgendwie duzen, oder so, ich so, toll, lassen wir es dabei, und mittlerweile duzen wir uns jetzt!",0.7226898670196533,1.0426210872499584,2,1.0426210872499584
51,29,uns,uns,0,DE,Monolingual,"Ich fand das süß ne, und ich wollt auch nicht, dass wir uns irgendwie duzen, oder so, ich so, toll, lassen wir es dabei, und mittlerweile duzen wir uns jetzt!",6.5634965896606445,9.469123980795036,2,9.469123980795036
51,30,jetzt,jetzt!,0,DE,Monolingual,"Ich fand das süß ne, und ich wollt auch nicht, dass wir uns irgendwie duzen, oder so, ich so, toll, lassen wir es dabei, und mittlerweile duzen wir uns jetzt!",13.520503997802734,19.50596406794941,3,19.50596406794941
52,1,Jetzt,Jetzt,0,DE,Monolingual,Jetzt sei doch ruhig.,16.970458984375,24.483197018367367,2,24.483197018367367
52,2,sei,sei,0,DE,Monolingual,Jetzt sei doch ruhig.,11.864147186279297,17.116346310021893,2,17.116346310021893
52,3,doch,doch,0,DE,Monolingual,Jetzt sei doch ruhig.,9.908395767211914,14.294793436521825,2,14.294793436521825
52,4,ruhig,ruhig.,0,DE,Monolingual,Jetzt sei doch ruhig.,8.602338790893555,12.410551513668894,3,12.410551513668894
53,1,Wenn,Wenn,0,DE,Monolingual,"Wenn meine Mutter, meine Eltern schlafen gehen, dann mache ich sofort das Licht zu.",14.946086883544922,21.562645427585842,2,21.562645427585842
53,2,meine,meine,0,DE,Monolingual,"Wenn meine Mutter, meine Eltern schlafen gehen, dann mache ich sofort das Licht zu.",9.91378116607666,14.302562924757202,2,14.302562924757202
53,3,Mutter,"Mutter,",0,DE,Monolingual,"Wenn meine Mutter, meine Eltern schlafen gehen, dann mache ich sofort das Licht zu.",9.307473182678223,13.427845403856889,3,13.427845403856889
53,4,meine,meine,0,DE,Monolingual,"Wenn meine Mutter, meine Eltern schlafen gehen, dann mache ich sofort das Licht zu.",5.576077461242676,8.044579300947529,2,8.044579300947529
53,5,Eltern,Eltern,0,DE,Monolingual,"Wenn meine Mutter, meine Eltern schlafen gehen, dann mache ich sofort das Licht zu.",9.630475997924805,13.893839963606307,2,13.893839963606307
53,6,schlafen,schlafen,0,DE,Monolingual,"Wenn meine Mutter, meine Eltern schlafen gehen, dann mache ich sofort das Licht zu.",12.707271575927734,18.332717685820224,3,18.332717685820224
53,7,gehen,"gehen,",0,DE,Monolingual,"Wenn meine Mutter, meine Eltern schlafen gehen, dann mache ich sofort das Licht zu.",6.423892021179199,9.26771716216141,3,9.26771716216141
53,8,dann,dann,0,DE,Monolingual,"Wenn meine Mutter, meine Eltern schlafen gehen, dann mache ich sofort das Licht zu.",6.350552558898926,9.161910683628196,2,9.161910683628196
53,9,mache,mache,0,DE,Monolingual,"Wenn meine Mutter, meine Eltern schlafen gehen, dann mache ich sofort das Licht zu.",4.074697494506836,5.878545868447697,2,5.878545868447697
53,10,ich,ich,0,DE,Monolingual,"Wenn meine Mutter, meine Eltern schlafen gehen, dann mache ich sofort das Licht zu.",6.386071681976318,9.213153946348676,2,9.213153946348676
53,11,sofort,sofort,0,DE,Monolingual,"Wenn meine Mutter, meine Eltern schlafen gehen, dann mache ich sofort das Licht zu.",9.659143447875977,13.935198351485795,2,13.935198351485795
53,12,das,das,0,DE,Monolingual,"Wenn meine Mutter, meine Eltern schlafen gehen, dann mache ich sofort das Licht zu.",6.233569145202637,8.993139292822299,2,8.993139292822299
53,13,Licht,Licht,0,DE,Monolingual,"Wenn meine Mutter, meine Eltern schlafen gehen, dann mache ich sofort das Licht zu.",7.94802713394165,11.46657933098854,2,11.46657933098854
53,14,zu,zu.,0,DE,Monolingual,"Wenn meine Mutter, meine Eltern schlafen gehen, dann mache ich sofort das Licht zu.",7.113723278045654,10.262933295492846,3,10.262933295492846
